"","ProcessingOrder","TSG101","ProcessingBatch"
"1",1,2652.83176951496,"1"
"2",2,5201.59280487641,"1"
"3",3,9104.00099284683,"1"
"4",4,6192.93311270052,"1"
"5",5,2008.11721676741,"1"
"6",6,1691.01281265578,"1"
"7",7,9352.17617441753,"1"
"8",8,9600.55799345586,"1"
"9",9,20922.1196105743,"1"
"10",10,6689.36324754884,"1"
"11",11,13696.7447392502,"1"
"12",12,7574.14958891896,"1"
"13",13,13452.7294698692,"1"
"14",14,3209.26950649275,"1"
"15",15,6372.44557037698,"1"
"16",16,2771.5136400453,"1"
"17",17,1504.07908143082,"1"
"18",18,1922.13275998535,"1"
"19",19,2249.84143873873,"1"
"20",20,2843.10877605283,"1"
"21",21,5490.78235336826,"2"
"22",22,28414.4084602054,"2"
"23",23,1872.43437885641,"2"
"24",24,2763.10771339164,"2"
"25",25,3854.20566655454,"2"
"26",26,7167.7801551224,"2"
"27",27,4341.06151497659,"2"
"28",28,2514.67383670067,"2"
"29",29,5174.22350679329,"2"
"30",30,12974.1525377921,"2"
"31",31,1707.64425393204,"2"
"32",32,20829.0793447229,"2"
"33",33,10009.0413990111,"2"
"34",34,12792.9221158358,"2"
"35",35,5159.28445805473,"2"
"36",36,2282.9390341092,"2"
"37",37,2065.69555947937,"2"
"38",38,3310.4409977528,"2"
"39",39,3993.45164281892,"2"
"40",40,2200.099462061,"2"
"41",41,94217.7457419307,"3"
"42",42,89677.7893739054,"3"
"43",43,73388.7251758992,"3"
"44",44,91251.5069007183,"3"
"45",45,89028.9212508264,"3"
"46",46,90486.9446476605,"3"
"47",47,75581.5312586218,"3"
"48",48,82911.895541578,"3"
"49",49,84925.3002608346,"3"
"50",50,35981.0135017122,"3"
"51",51,96441.474310158,"3"
"52",53,88612.6757450592,"3"
"53",54,98962.8618422528,"3"
"54",55,83581.3466925385,"3"
"55",56,81554.8402455476,"3"
"56",57,83340.7608494172,"3"
"57",58,81753.1511650052,"3"
"58",59,92060.7749410429,"3"
"59",60,72440.5774287001,"3"
"60",61,18299.8344868337,"4"
"61",62,15090.4434334201,"4"
"62",63,20525.5066747089,"4"
"63",64,39648.4021744881,"4"
"64",65,7481.46268913635,"4"
"65",66,34275.9683264356,"4"
"66",67,4215.76245673323,"4"
"67",68,16323.1503181782,"4"
"68",69,15699.5589697018,"4"
"69",70,2239.21163797677,"4"
"70",71,7035.08532605233,"4"
"71",72,7447.84421009753,"4"
"72",73,10311.435520186,"4"
"73",74,4929.25027087693,"4"
"74",75,6830.50806228143,"4"
"75",76,3548.1136044634,"4"
"76",77,27656.0610402733,"4"
"77",78,13284.3519245471,"4"
"78",79,39315.28176616,"4"
"79",80,60018.7089281639,"4"
"80",81,96772.0777468543,"5"
"81",82,111955.925388038,"5"
"82",83,109063.415808133,"5"
"83",84,99698.8788429958,"5"
"84",85,79823.600937281,"5"
"85",86,95545.8503900925,"5"
"86",87,98180.3388357598,"5"
"87",88,74172.9245738357,"5"
"88",89,109897.255466798,"5"
"89",90,85961.6971804912,"5"
"90",91,87124.2693850873,"5"
"91",92,92000.3119724021,"5"
"92",93,86500.6043287766,"5"
"93",94,98346.7958909668,"5"
"94",95,88501.3479116183,"5"
"95",96,92599.1134396249,"5"
"96",97,92870.0332249387,"5"
"97",98,90034.3650435089,"5"
"98",99,116375.581476855,"5"
"99",100,6855.55670674041,"6"
"100",101,18413.5811611843,"6"
"101",102,28125.1246456243,"6"
"102",103,43261.3703789926,"6"
"103",104,39676.0121495884,"6"
"104",105,55404.6317062298,"6"
"105",106,39075.5242970247,"6"
"106",107,17440.7512352344,"6"
"107",108,78829.1745105198,"6"
"108",109,40879.4872170998,"6"
"109",110,39968.5850266927,"6"
"110",111,17263.87229693,"6"
"111",112,18624.1543597966,"6"
"112",113,29843.927789904,"6"
"113",114,16698.3788367019,"6"
"114",115,21124.5410436753,"6"
"115",116,48622.3535485798,"6"
"116",117,62686.2937169095,"6"
"117",118,38692.7681394711,"6"
"118",119,72144.3040389624,"6"
"119",120,32623.8978449447,"6"
"120",121,61696.0756205362,"7"
"121",122,40619.8666642342,"7"
"122",123,56866.5337911824,"7"
"123",124,60194.4431394804,"7"
"124",125,67135.4272667629,"7"
"125",126,44008.6849036207,"7"
"126",127,4707.65663219911,"7"
"127",128,34798.6977648013,"7"
"128",129,412.745595960368,"7"
"129",130,92750.4753627866,"7"
"130",131,117535.088968601,"7"
"131",132,55064.0886792046,"7"
"132",133,40234.7438208542,"7"
"133",134,9809.07575389577,"7"
"134",135,21299.8995375215,"7"
"135",136,18733.8115084252,"7"
"136",137,47633.2298413563,"7"
"137",138,8122.96500488286,"7"
"138",139,8465.05967426766,"7"
"139",140,2053.12444727933,"7"
"140",141,5005.21053852844,"8"
"141",142,5421.43881167103,"8"
"142",143,10341.0747250818,"8"
"143",144,27664.3247981274,"8"
"144",145,26751.884191321,"8"
"145",146,10373.2518860504,"8"
"146",147,22612.4361432627,"8"
"147",148,3888.3667498722,"8"
"148",149,41538.5573172104,"8"
"149",150,22697.6387988632,"8"
"150",151,18131.4578838622,"9"
"151",152,28525.4823260053,"9"
"152",153,31530.2497194849,"9"
"153",154,37099.3747693639,"9"
"154",155,6119.55986334754,"9"
"155",156,51686.9207464678,"9"
"156",157,19829.8604953107,"9"
"157",158,49245.7635690121,"9"
"158",159,35608.6352884212,"9"
"159",160,42135.5763037107,"9"
"160",161,30660.7133934975,"10"
"161",162,26495.1606246287,"10"
"162",163,7293.22154026889,"10"
"163",164,1685.86278379193,"10"
"164",165,3346.22080112456,"10"
"165",166,5429.26119484795,"10"
"166",167,4521.63622694283,"10"
"167",168,2787.41294328858,"10"
"168",169,5225.15903885641,"10"
"169",170,2967.81687598119,"10"
"170",173,28639.7768896709,"11"
"171",174,24470.0450687398,"11"
"172",175,4626.91352151999,"11"
"173",176,32269.8008454359,"11"
"174",177,5291.50751672572,"11"
"175",178,4387.51399072771,"11"
"176",179,6035.54899423616,"11"
"177",180,11445.7677848806,"11"
"178",181,2308.97608915004,"12"
"179",182,2253.92750226455,"12"
"180",183,2101.9629361955,"12"
"181",184,1727.83801564892,"12"
"182",185,2437.41742099928,"12"
"183",186,1592.74266196939,"12"
"184",187,2429.88016560577,"12"
"185",188,2014.78529557787,"12"
"186",189,1794.56605472288,"12"
"187",190,1664.00529948951,"12"
"188",191,1077.55963232279,"13"
"189",192,2920.31635976386,"13"
"190",193,1704.63670082233,"13"
"191",194,1692.04291093708,"13"
"192",195,1693.82072831716,"13"
"193",196,77193.3343651203,"13"
"194",197,1957.10770821993,"13"
"195",198,2036.74338869896,"13"
"196",199,1904.29585926082,"13"
"197",200,1951.24953530636,"13"
"198",201,3913.82331994277,"14"
"199",202,3441.76568045308,"14"
"200",203,4024.68568683275,"14"
"201",204,3643.93149827709,"14"
"202",205,7155.07513376714,"14"
"203",206,4874.62390636644,"14"
"204",207,8521.8208628322,"14"
"205",208,10806.609861926,"14"
"206",209,7008.92291348122,"14"
"207",210,4707.67210297413,"14"
"208",211,6144.06236681697,"14"
"209",212,7758.5695875954,"14"
"210",213,3521.86021481821,"14"
"211",214,5887.00889200756,"14"
"212",215,5773.53197042275,"14"
"213",216,6865.97369803294,"14"
"214",217,4796.6737745392,"14"
"215",218,6764.93838789161,"14"
"216",219,3379.91182861542,"14"
"217",220,3804.88527131694,"14"
"218",221,88143.8038059052,"15"
"219",222,6382.60449955257,"15"
"220",223,2489.87336573968,"15"
"221",224,1674.16262584629,"15"
"222",225,1690.74050756648,"15"
"223",226,945.886794700483,"15"
"224",227,912.615661621169,"15"
"225",228,1042.67219515335,"15"
"226",229,827.690592641654,"15"
"227",230,832.04028141277,"15"
"228",231,7238.33631143455,"15"
"229",232,5916.27376456588,"15"
"230",233,3257.34717583707,"15"
"231",234,2298.11431182036,"15"
"232",235,1157.67691207005,"15"
"233",236,10387.1291214469,"15"
"234",237,999.148279070192,"15"
"235",238,1758.27326396194,"15"
"236",239,983.853669335993,"15"
"237",240,1150.81386472831,"15"
"238",241,6937.93859757239,"16"
"239",242,13616.1308074921,"16"
"240",243,15513.4519977303,"16"
"241",244,20574.4177071363,"16"
"242",245,13610.9364910041,"16"
"243",246,18831.8606496727,"16"
"244",247,35668.1037941146,"16"
"245",248,51055.7422422401,"16"
"246",249,22013.3000266186,"16"
"247",250,11563.7651960574,"16"
"248",251,9365.29577774329,"16"
"249",252,13364.262518585,"16"
"250",253,19123.6452496712,"16"
"251",254,6989.8611618668,"16"
"252",255,6221.61610090864,"16"
"253",256,15519.4640424176,"16"
"254",257,9053.18596851293,"16"
"255",258,9090.61827701003,"16"
"256",259,9763.40190570964,"16"
"257",260,4352.69926521817,"16"
"258",261,6890.86994041778,"17"
"259",262,3093.5072247037,"17"
"260",263,17430.3377502032,"17"
"261",264,9591.50109531901,"17"
"262",265,79845.2604958267,"17"
"263",266,3425.38827014139,"17"
"264",267,3328.97409017232,"17"
"265",268,2632.23163897962,"17"
"266",269,3055.32803977448,"17"
"267",270,3045.74757568866,"17"
"268",271,4744.11223612047,"17"
"269",272,5250.8226563213,"17"
"270",273,5310.07041794392,"17"
"271",274,4060.12082741693,"17"
"272",275,3628.52607278977,"17"
"273",276,4159.4499664863,"17"
"274",277,22042.1332635548,"17"
"275",278,3478.37884157625,"17"
"276",279,119286.878073797,"17"
"277",280,6496.98705074789,"17"
"278",281,3519.42024837139,"18"
"279",282,11066.083248968,"18"
"280",283,1971.9547273525,"18"
"281",284,3670.29054345091,"18"
"282",285,6167.31373507986,"18"
"283",286,7169.9390121066,"18"
"284",287,29210.7068408043,"18"
"285",288,12464.518167167,"18"
"286",289,4084.31365416774,"18"
"287",290,8070.55170564813,"18"
"288",291,5407.30741892925,"19"
"289",292,11866.740122776,"19"
"290",293,11513.5183116536,"19"
"291",294,11395.4782707605,"19"
"292",295,15707.0159678299,"19"
"293",296,44202.5497701329,"19"
"294",297,13996.0107652286,"19"
"295",298,11485.3780411505,"19"
"296",299,10104.9280321143,"19"
"297",300,13668.5992446276,"19"
"298",301,79512.2268874336,"20"
"299",302,118972.84402635,"20"
"300",303,94665.8177145583,"20"
"301",304,98640.6069956393,"20"
"302",305,91287.8599889565,"20"
"303",306,88828.7338026218,"20"
"304",307,87339.964416567,"20"
"305",308,98603.6312649126,"20"
"306",309,110733.594392254,"20"
"307",310,105541.818574123,"20"
"308",311,102271.600102475,"20"
"309",312,103722.032469987,"21"
"310",313,91136.8383505907,"21"
"311",314,113124.554969014,"21"
"312",315,91584.7269304604,"21"
"313",316,87949.8944944451,"21"
"314",317,103213.379603181,"21"
"315",318,97724.8243850514,"21"
"316",319,97979.8909870046,"21"
"317",320,18027.1709046872,"21"
"318",321,3444.15470265828,"22"
"319",322,3851.08348449662,"22"
"320",323,3936.63626019374,"22"
"321",324,3176.56495600129,"22"
"322",325,3120.85227051465,"22"
"323",326,4266.78618677352,"22"
"324",327,2482.14880365036,"22"
"325",328,2996.1172693452,"22"
"326",329,3265.87802057646,"22"
"327",330,4659.72345337447,"22"
"328",331,3232.22995980363,"23"
"329",332,1220.74186175768,"23"
"330",333,3353.10531663371,"23"
"331",334,2692.34701317845,"23"
"332",335,3397.1191025804,"23"
"333",336,1886.56937520326,"23"
"334",337,1939.15623136763,"23"
"335",338,2008.3473036724,"23"
"336",339,3208.78244214507,"23"
"337",340,1835.71412131341,"23"
"338",341,1485.34399795498,"24"
"339",342,2220.99270948575,"24"
"340",343,2654.30511622732,"24"
"341",344,2984.27770469867,"24"
"342",345,2165.41260113999,"24"
"343",346,1945.02316668419,"24"
"344",347,2505.3912037207,"24"
"345",348,2212.28337532838,"24"
"346",349,2387.52236638564,"24"
"347",350,1780.22252489371,"24"
"348",351,3901.13713790017,"25"
"349",352,2834.94730733598,"25"
"350",353,2459.57109046348,"25"
"351",354,2298.96162234635,"25"
"352",355,2975.10439673738,"25"
"353",356,4026.42348186445,"25"
"354",357,2167.49910177101,"25"
"355",358,76778.1986520801,"26"
"356",359,65799.2455676767,"26"
"357",360,66775.1807611653,"26"
"358",361,96284.5749869909,"26"
"359",362,108306.422111267,"26"
"360",363,107955.827451496,"26"
"361",364,90228.1545769659,"26"
"362",365,98298.0648446367,"26"
"363",366,91981.9349998948,"26"
"364",367,107162.344363165,"26"
"365",368,96400.2057477493,"26"
"366",370,99834.9563388808,"27"
"367",371,104096.381109795,"27"
"368",372,104313.31353025,"27"
"369",373,88589.9381138295,"27"
"370",374,95656.3837717302,"27"
"371",375,83432.8313650676,"27"
"372",376,82253.6213079328,"27"
"373",377,70879.6164432947,"27"
"374",378,72983.4503909141,"27"
"375",379,99531.6840380806,"27"
"376",380,25427.4054510038,"27"
"377",381,57095.7095782048,"27"
"378",382,65477.1868583381,"27"
"379",383,36402.4783500303,"27"
"380",384,40999.4567484896,"28"
"381",385,2788.99912757786,"28"
"382",386,60697.4453005861,"28"
"383",387,2113.92525290886,"28"
"384",388,72267.7495760301,"28"
"385",389,78617.8111950205,"28"
"386",390,76007.4277695644,"28"
"387",391,77209.6961310934,"28"
"388",392,42654.3746173489,"28"
"389",393,79488.6599087723,"28"
"390",394,82419.4114150895,"28"
"391",395,56368.8945160461,"28"
"392",396,69106.7994005142,"28"
"393",397,68658.1996318654,"28"
"394",398,79733.5428972292,"28"
"395",399,36853.7563392669,"28"
"396",400,85294.613295488,"29"
"397",401,80578.109131368,"29"
"398",402,68322.6376983724,"29"
"399",403,61382.0493249589,"29"
"400",404,91223.7754598127,"29"
"401",405,113696.657656692,"29"
"402",406,83636.3285347731,"29"
"403",407,72326.692771435,"29"
"404",408,88069.5697357439,"29"
"405",409,77660.6766939142,"29"
"406",410,88374.3032782827,"29"
"407",411,91104.673128756,"29"
"408",412,83290.7678259784,"29"
"409",413,85017.0175722158,"29"
"410",414,78107.5368301117,"29"
"411",415,93823.0508355502,"29"
"412",416,87402.5581851153,"29"
"413",417,76021.2168877678,"29"
"414",418,72968.2059502229,"29"
"415",419,77318.5033957272,"30"
"416",420,101711.518446839,"30"
"417",421,96808.2893944843,"30"
"418",422,111774.615534899,"30"
"419",423,118450.538284304,"30"
"420",424,97108.8823010403,"30"
"421",425,88426.46037477,"30"
"422",426,113402.775625449,"30"
"423",427,91691.6776993346,"30"
"424",428,94673.2987187266,"30"
"425",429,93310.4104728929,"31"
"426",430,113065.220477157,"31"
"427",431,101964.799374502,"31"
"428",432,85602.4560040361,"31"
"429",433,82198.5151671285,"31"
"430",434,106558.030782124,"31"
"431",435,76182.6912047452,"31"
"432",436,84160.7401275731,"31"
"433",437,3663.35647478816,"32"
"434",438,3640.73613080676,"32"
"435",439,4130.59248984124,"32"
"436",440,2722.94723209144,"32"
"437",441,4709.95143256563,"32"
"438",442,3431.07813997725,"32"
"439",443,3517.40018928045,"32"
"440",444,1955.1639570318,"32"
"441",445,2096.82447333123,"32"
"442",446,3790.75177941408,"32"
"443",447,2750.35567733778,"33"
"444",448,3149.68311112629,"33"
"445",449,3532.31367422939,"33"
"446",450,3398.65619402643,"33"
"447",451,4102.19979826805,"33"
"448",452,4547.36808057522,"33"
"449",453,3220.11541900356,"33"
"450",454,4819.79617664772,"33"
"451",455,2153.11409548528,"33"
"452",456,6107.67818176216,"33"
"453",457,3812.28874710577,"34"
"454",458,2013.8878282524,"34"
"455",459,5073.85217408245,"34"
"456",460,3386.35696404062,"34"
"457",461,2987.10443976353,"34"
"458",462,3129.90780701838,"34"
"459",463,3125.4923739922,"34"
"460",464,2404.28620074075,"34"
"461",465,3792.72334743706,"34"
"462",466,10834.1187529577,"34"
"463",467,3218.19457630518,"35"
"464",468,2933.64432066838,"35"
"465",469,1532.60672461582,"35"
"466",470,3984.06162782363,"35"
"467",471,1674.69819849395,"35"
"468",472,3455.39723314476,"35"
"469",473,4167.32440844371,"35"
"470",474,11920.7206863602,"35"
"471",475,1526.24295070898,"35"
"472",476,6092.71859480563,"35"
"473",477,2372.35522300131,"36"
"474",478,3593.68705593315,"36"
"475",479,1699.79398148712,"36"
"476",480,3826.83290221542,"36"
"477",481,1902.97610794313,"36"
"478",482,1461.48043668092,"36"
"479",483,2274.30883949755,"36"
"480",484,1442.55246872155,"36"
"481",485,1839.8934217078,"36"
"482",486,2653.73711222828,"36"
"483",487,2079.26854008954,"37"
"484",488,1970.0924198604,"37"
"485",489,1560.15989972019,"37"
"486",490,2622.61565991299,"37"
"487",491,1826.21263048694,"37"
"488",492,1449.91476881259,"37"
"489",493,1755.30616559766,"37"
"490",494,1443.95196505629,"37"
"491",495,2179.69863741341,"37"
"492",496,2456.10767363782,"37"
"493",497,2204.17625015303,"38"
"494",498,2040.11085351051,"38"
"495",499,4818.94819573816,"38"
"496",500,2726.66062182983,"38"
"497",501,7009.65981286513,"38"
"498",502,7691.01683271498,"38"
"499",503,3215.30199726738,"38"
"500",504,7725.54558953092,"38"
"501",505,3893.10422880068,"38"
"502",506,3320.63353672359,"38"
"503",507,3709.04715579435,"38"
"504",508,2259.7757388253,"38"
"505",509,4548.63737484564,"38"
"506",510,3685.74437235091,"38"
"507",511,4790.11643814678,"38"
"508",512,3741.52050197394,"38"
"509",513,2929.49246381145,"38"
"510",514,3034.43203834013,"38"
"511",515,2620.05382444553,"38"
"512",516,3247.07058165752,"38"
"513",517,2913.00368481751,"39"
"514",518,1968.67987398447,"39"
"515",519,2355.77468610066,"39"
"516",520,4865.29022964706,"39"
"517",521,2220.11996204268,"39"
"518",522,3753.58023806572,"39"
"519",523,1880.27902635167,"39"
"520",524,4058.08104830595,"39"
"521",525,3276.55762940447,"39"
"522",526,7180.24661402378,"39"
"523",527,2450.06862387561,"39"
"524",528,5179.73123702451,"39"
"525",529,4464.46655768891,"39"
"526",530,4268.06558360947,"39"
"527",531,3002.15114904479,"39"
"528",532,3188.239050214,"39"
"529",533,3271.36723889185,"39"
"530",534,4994.8226249696,"39"
"531",535,1758.28948405469,"39"
"532",536,2393.80282839635,"39"
"533",537,4506.27532942135,"40"
"534",538,8235.73425645537,"40"
"535",539,3931.12133735856,"40"
"536",540,2986.75930166527,"40"
"537",541,2604.56933641645,"40"
"538",542,5305.70323104276,"40"
"539",543,3640.25532610798,"40"
"540",544,3195.14049670489,"40"
"541",545,3354.06586752996,"40"
"542",546,2742.7041384345,"40"
"543",547,2201.23476911373,"41"
"544",548,2790.96267144312,"41"
"545",549,3035.45418058858,"41"
"546",550,3360.96105407977,"41"
"547",551,7202.19769993823,"41"
"548",552,2179.11905499267,"41"
"549",553,2563.6837920325,"41"
"550",554,2877.18475631666,"41"
"551",555,3540.20039085196,"41"
"552",556,2366.92987174512,"41"
"553",557,91008.7445449972,"42"
"554",558,80731.6539012377,"42"
"555",559,96629.3797222314,"42"
"556",560,101994.745763149,"42"
"557",561,107128.787855644,"42"
"558",562,88725.175388637,"42"
"559",563,95477.4788619317,"42"
"560",564,78646.0162443958,"42"
"561",565,111430.405646301,"42"
"562",566,76941.8971027086,"42"
"563",567,96881.6251176313,"43"
"564",568,87056.7083376367,"43"
"565",569,81788.639340315,"43"
"566",570,108049.320999205,"43"
"567",571,116270.891911851,"43"
"568",572,87808.8953485845,"43"
"569",573,91758.8768067318,"43"
"570",574,89407.809730595,"43"
"571",575,82029.6887935484,"43"
"572",576,80150.8951083741,"43"
"573",577,99365.0172100846,"44"
"574",578,94796.8708088889,"44"
"575",579,94102.3163893551,"44"
"576",580,87095.4660504666,"44"
"577",581,88920.0929774737,"44"
"578",582,90284.8106564359,"44"
"579",583,84795.418545258,"44"
"580",584,122263.259707264,"44"
"581",585,113629.646826638,"44"
"582",586,86138.5076198293,"44"
"583",587,93564.402880624,"44"
"584",588,125918.502585383,"44"
"585",589,88144.2885499806,"44"
"586",590,100615.864870911,"44"
"587",591,83078.3978550321,"44"
"588",592,100339.920127368,"44"
"589",593,89265.1076318109,"44"
"590",594,91714.4631477756,"44"
"591",595,116293.680018933,"44"
"592",596,96068.2535196147,"44"
"593",597,82293.6113418963,"45"
"594",598,100177.38459987,"45"
"595",599,90926.4195104868,"45"
"596",600,87472.996479753,"45"
"597",601,4653.92961423139,"45"
"598",602,1734.79279278382,"45"
"599",603,2002.88663883539,"45"
"600",604,2168.86276968321,"45"
"601",605,3157.30908517617,"45"
"602",606,3305.93504689611,"45"
"603",607,7928.59147599794,"45"
"604",608,3419.87789475944,"45"
"605",609,6506.40938981277,"45"
"606",610,7670.05808074582,"45"
"607",611,8804.48972250715,"45"
"608",612,4353.05825186653,"45"
"609",613,4726.46526424865,"45"
"610",614,2724.80498636425,"45"
"611",615,10395.7791431189,"45"
"612",616,6268.32658620882,"45"
"613",617,15512.4369790971,"46"
"614",618,5329.4818380664,"46"
"615",619,2114.67881158602,"46"
"616",620,3274.85780244346,"46"
"617",621,3975.51693531166,"46"
"618",622,4480.31128698268,"46"
"619",623,10880.5055469862,"46"
"620",624,3768.84071691551,"46"
"621",625,2965.81865074804,"46"
"622",626,6630.98829137384,"46"
"623",627,3422.86699947715,"46"
"624",628,3731.44966380161,"46"
"625",629,4881.93742234176,"46"
"626",630,6282.1588952964,"46"
"627",631,6658.66119391885,"46"
"628",632,15831.3515811957,"46"
"629",633,6481.3956513528,"46"
"630",634,4994.4922981637,"46"
"631",635,3544.55728351995,"46"
"632",636,8086.56781940303,"46"
"633",637,114045.262570033,"47"
"634",638,4344.12010915014,"47"
"635",639,68776.0717729775,"47"
"636",640,85171.7477434466,"47"
"637",641,99189.290278314,"47"
"638",642,100166.756614261,"47"
"639",643,85608.4261014498,"47"
"640",644,92799.5707493825,"47"
"641",645,75993.5925957554,"47"
"642",646,95623.9181355883,"47"
"643",647,88272.8055589634,"47"
"644",648,110411.810155322,"47"
"645",649,90422.5843833225,"47"
"646",650,91323.542411832,"47"
"647",651,102060.052173312,"47"
"648",652,103654.871571462,"47"
"649",653,82698.5743760169,"47"
"650",654,116642.913218317,"47"
"651",655,88350.3235337221,"47"
"652",656,113559.755899508,"47"
"653",657,7061.25505999855,"48"
"654",658,2650.95530344641,"48"
"655",659,2944.21191709122,"48"
"656",660,7337.89184245841,"48"
"657",661,4035.17196403241,"48"
"658",662,5718.49562160534,"48"
"659",663,15058.5576764201,"48"
"660",664,4276.66437075911,"48"
"661",665,8308.53196347449,"48"
"662",666,2661.3011223222,"48"
"663",667,4326.2275128734,"48"
"664",668,3438.752279781,"48"
"665",669,4300.05811552227,"48"
"666",670,8270.43265518053,"48"
"667",671,3036.95274130725,"48"
"668",672,4533.15071133271,"48"
"669",673,2826.6704203479,"48"
"670",674,4210.36626408076,"48"
"671",675,2436.21049204042,"48"
"672",676,3216.55482498663,"48"
"673",677,97267.4667272328,"49"
"674",678,105423.658549524,"49"
"675",679,94877.2584538261,"49"
"676",680,101812.156608632,"49"
"677",681,337.081043436348,"49"
"678",682,48905.7559579017,"49"
"679",683,53606.4446112309,"49"
"680",684,81631.4763270947,"49"
"681",685,83384.4185333811,"49"
"682",686,109890.139289519,"49"
"683",687,100091.382747208,"49"
"684",688,96868.7897315899,"49"
"685",689,99253.2796683681,"49"
"686",690,86756.6614914552,"49"
"687",691,87280.2718092229,"49"
"688",692,80635.6546652197,"49"
"689",693,107769.31702812,"49"
"690",694,91928.5583164921,"49"
"691",695,108052.719934214,"49"
"692",696,94729.6569751828,"49"
"693",697,87450.4865977654,"50"
"694",698,89541.9558783022,"50"
"695",699,101945.120033525,"50"
"696",700,98140.2554633564,"50"
"697",701,86013.4626864387,"50"
"698",702,90811.3954082483,"50"
"699",703,81309.3211660628,"50"
"700",704,107199.615144467,"50"
"701",705,97357.9746487697,"50"
"702",706,93325.8748255867,"50"
"703",707,89536.5546096716,"50"
"704",708,89002.9315117966,"50"
"705",709,115556.89775872,"50"
"706",710,85147.040185528,"50"
"707",711,98001.1300838416,"50"
"708",712,81440.1166986207,"50"
"709",713,98441.792599004,"50"
"710",714,118989.674039586,"50"
"711",715,100513.069438886,"50"
"712",716,90768.0756072848,"50"
"713",717,4310.36082351156,"51"
"714",718,15064.1710601715,"51"
"715",719,10640.0324598468,"51"
"716",720,21293.9121827053,"51"
"717",721,4426.32522351145,"51"
"718",722,11896.7511750379,"51"
"719",723,9918.74422508976,"51"
"720",724,7361.16254266769,"51"
"721",725,24715.8835233434,"51"
"722",726,21840.8085311908,"51"
"723",727,16486.3952454413,"51"
"724",728,6643.57522331016,"51"
"725",729,6050.09309795254,"51"
"726",730,3551.45196567823,"51"
"727",731,5218.99172815548,"51"
"728",732,6862.89427525856,"51"
"729",733,18139.5154757852,"51"
"730",734,11557.6272657516,"51"
"731",735,3842.10837280492,"51"
"732",736,18575.506236927,"51"
"733",737,94333.2451805821,"52"
"734",738,83752.864241594,"52"
"735",739,84728.1040171607,"52"
"736",740,85243.46578217,"52"
"737",741,99942.6369094657,"52"
"738",742,88779.8732697972,"52"
"739",743,85473.7235914116,"52"
"740",744,93825.6967058762,"52"
"741",745,87673.5862645083,"52"
"742",746,99152.6731512671,"52"
"743",747,77656.932609065,"52"
"744",748,128192.239362454,"52"
"745",749,68288.0922544044,"52"
"746",750,102449.093726795,"52"
"747",751,85099.7906094809,"52"
"748",752,99831.7171500125,"52"
"749",753,73365.747505353,"52"
"750",754,81392.2221734304,"52"
"751",755,94572.2965304584,"52"
"752",756,87427.8751296233,"52"
"753",757,94500.9606637176,"52"
"754",758,88377.0954222161,"52"
"755",759,7674.07220659145,"53"
"756",760,9042.9160614908,"53"
"757",761,5927.32434658353,"53"
"758",762,4703.23698409101,"53"
"759",763,7625.12607931705,"53"
"760",764,19060.6433046783,"53"
"761",765,3924.08013541521,"53"
"762",766,10752.2893701641,"53"
"763",767,4998.06021503119,"53"
"764",768,11892.5720743909,"53"
"765",769,4489.07232302214,"53"
"766",770,7929.26681646888,"53"
"767",771,5179.43288199062,"53"
"768",772,12292.0179875301,"53"
"769",773,10515.4690291239,"53"
"770",774,6504.52090990851,"53"
"771",775,9029.81055772454,"53"
"772",776,15550.3843870117,"53"
"773",777,2848.80885063338,"53"
"774",778,6335.82451909275,"53"
"775",779,4156.94146611217,"53"
"776",780,2307.47505748328,"54"
"777",781,3837.11226395838,"54"
"778",782,2504.31960629868,"54"
"779",783,2657.98738559915,"54"
"780",784,2459.86508885892,"54"
"781",785,6003.42225707966,"54"
"782",786,3069.56509338296,"54"
"783",787,2547.43903258588,"54"
"784",788,2460.1667466129,"54"
"785",789,2102.45237892109,"54"
"786",790,2409.77929186961,"54"
"787",791,2876.11774795637,"54"
"788",792,7304.91295863285,"54"
"789",793,4841.82561989923,"54"
"790",794,10625.0848946334,"54"
"791",795,4767.66914201948,"54"
"792",796,3783.08336501499,"54"
"793",797,2877.98291847584,"54"
"794",798,2738.63713091297,"54"
"795",799,2794.12684852772,"54"
"796",800,3011.70749614282,"54"
"797",801,113374.783543426,"55"
"798",802,94504.7858532407,"55"
"799",803,83091.7083819351,"55"
"800",804,86116.625494073,"55"
"801",805,86481.814042059,"55"
"802",806,90222.7030997546,"55"
"803",807,100705.454039725,"55"
"804",808,102226.146810686,"55"
"805",809,98548.0534458618,"55"
"806",810,92187.4081688464,"55"
"807",811,84497.0931659035,"55"
"808",812,91868.8190336103,"55"
"809",813,118896.476292539,"55"
"810",814,82199.1039851839,"55"
"811",815,110926.052312042,"55"
"812",816,103801.422872369,"55"
"813",817,81386.6315688821,"55"
"814",818,95240.4365226978,"55"
"815",819,92048.7704618148,"55"
"816",820,77179.288779814,"55"
"817",821,93232.4820681156,"56"
"818",822,98776.2700046827,"56"
"819",823,97566.4426923098,"56"
"820",824,85564.1070184145,"56"
"821",825,80925.7823790846,"56"
"822",826,94846.9177606138,"56"
"823",845,1401.5025188808,"57"
"824",827,116549.059434401,"56"
"825",846,2408.80951905493,"57"
"826",828,91767.4135494568,"56"
"827",847,1890.111649732,"57"
"828",829,93880.6514020461,"56"
"829",848,2050.7289340657,"57"
"830",830,105509.787340128,"56"
"831",849,2448.8517946473,"57"
"832",831,83699.8724398264,"56"
"833",850,2740.00162496817,"57"
"834",832,89324.3128034046,"56"
"835",851,2477.48337122947,"57"
"836",833,85119.4042579484,"56"
"837",852,2668.22949229609,"57"
"838",834,100168.407802655,"56"
"839",853,3595.53892908028,"57"
"840",835,88515.8879319783,"56"
"841",836,93043.0762825032,"56"
"842",854,3255.92391094578,"57"
"843",837,108594.27525443,"56"
"844",856,4395.08037006076,"57"
"845",838,96390.2401161444,"56"
"846",857,2680.92866579436,"57"
"847",839,86215.8227449613,"56"
"848",858,3102.51029347582,"57"
"849",840,96981.3484808762,"56"
"850",859,2395.38397374075,"57"
"851",841,102796.191686284,"56"
"852",875,2450.00538891617,"58"
"853",842,106452.860431603,"56"
"854",860,2717.8437736682,"57"
"855",843,2251.48045292875,"57"
"856",861,2686.79709227887,"57"
"857",876,2420.54781016418,"58"
"858",844,3646.51299007258,"57"
"859",855,3367.06130811495,"57"
"860",862,3039.64217846491,"57"
"861",863,89755.8039687574,"58"
"862",864,107335.018687334,"58"
"863",865,84185.0303151277,"58"
"864",866,104108.735781695,"58"
"865",867,101145.818273627,"58"
"866",868,92771.0867549145,"58"
"867",869,101243.484764349,"58"
"868",870,109727.16592699,"58"
"869",871,103365.849799067,"58"
"870",872,84211.1998465006,"58"
"871",873,71650.9116512696,"58"
"872",874,80408.9938184677,"58"
"873",878,4211.54599484575,"59"
"874",877,3407.34352220106,"59"
"875",880,2780.88805474492,"59"
"876",879,2292.92694497134,"59"
"877",882,2688.48477573408,"59"
"878",881,35877.8497039097,"59"
"879",884,2858.98638636905,"59"
"880",883,7484.5438775562,"59"
"881",886,2804.30324627894,"59"
"882",885,3176.97017931516,"59"
"883",888,3790.89384414077,"59"
"884",887,3289.43981057664,"59"
"885",890,4191.40721794593,"59"
"886",889,5737.32203788224,"59"
"887",892,2747.35349892456,"59"
"888",891,23122.1174480158,"59"
"889",894,3909.80458942305,"59"
"890",893,23388.7891105986,"59"
"891",896,85554.6881442161,"60"
"892",895,96257.4436820677,"60"
"893",898,88900.0495309621,"60"
"894",897,87808.4457359199,"60"
"895",900,90449.3813126738,"60"
"896",899,72909.8448365252,"60"
"897",902,94935.9528575258,"60"
"898",901,98700.9176518853,"60"
"899",904,97409.9676530592,"60"
"900",903,77277.6126161,"60"
"901",906,102550.28739352,"60"
"902",905,92371.7880768641,"60"
"903",908,105042.549251366,"60"
"904",907,89152.5214881936,"60"
"905",910,112005.116955382,"60"
"906",909,111262.272265156,"60"
"907",912,104011.862409911,"60"
"908",911,114593.773091714,"60"
"909",913,97287.5474028176,"61"
"910",915,98480.0255910283,"61"
"911",916,103446.576401963,"61"
"912",917,95482.2964877693,"61"
"913",918,125618.447702035,"61"
"914",920,105449.974706631,"61"
"915",921,103780.322164702,"61"
"916",922,87786.3203943368,"61"
"917",923,114117.642460198,"61"
"918",924,100309.097504875,"61"
"919",925,98297.6390291909,"61"
"920",926,93782.4081530046,"61"
"921",928,93420.3094833764,"61"
"922",930,94142.93993433,"61"
"923",931,88637.4674149209,"61"
"924",932,69668.6057041058,"61"
"925",933,2161.82272000702,"62"
"926",934,2225.93282236614,"62"
"927",935,2144.76795525035,"62"
"928",936,2179.73800349402,"62"
"929",937,1367.87695333397,"62"
"930",938,3242.9388671739,"62"
"931",939,4625.81124916978,"62"
"932",940,4206.43225177019,"62"
"933",941,4337.02439484952,"62"
"934",942,2676.0681869619,"62"
"935",943,3391.79361453791,"62"
"936",944,1904.78934269244,"62"
"937",945,2188.64356761007,"62"
"938",946,7657.42017166013,"62"
"939",947,2276.50910864291,"62"
"940",948,2558.56545645888,"62"
"941",949,3652.16994827801,"62"
"942",950,3244.78908082551,"62"
"943",951,31009.8883527136,"62"
"944",952,82215.0467492149,"62"
"945",953,108582.692710487,"63"
"946",954,88876.2067927953,"63"
"947",955,120730.549548153,"63"
"948",956,109427.951409585,"63"
"949",957,90491.7047386348,"63"
"950",958,72488.1187126473,"63"
"951",959,101522.176498525,"63"
"952",960,107000.353472462,"63"
"953",961,97920.199040512,"63"
"954",962,104078.394148857,"63"
"955",963,81379.845076031,"63"
"956",964,92395.6154766191,"63"
"957",965,104211.31330192,"63"
"958",966,101645.913231677,"63"
"959",1036,4333.16501269625,"67"
"960",967,118879.096630763,"63"
"961",968,93943.0882813859,"63"
"962",969,104755.754069635,"63"
"963",970,87187.1416675488,"63"
"964",971,93608.860376758,"63"
"965",972,82533.333667493,"63"
"966",973,3037.82741099802,"64"
"967",974,1213.62432487998,"64"
"968",975,2729.29949299507,"64"
"969",976,1512.95859565442,"64"
"970",1037,3861.13964698243,"67"
"971",977,4436.42597912123,"64"
"972",978,1492.2788653398,"64"
"973",979,2142.81135699743,"64"
"974",980,1082.5119800925,"64"
"975",981,5680.59896842185,"64"
"976",982,2791.1712948965,"64"
"977",1038,53150.7227917249,"67"
"978",983,2800.87049978018,"64"
"979",984,7275.31855785452,"64"
"980",985,5264.41209738012,"64"
"981",986,4818.26819610784,"64"
"982",987,4645.14931637144,"64"
"983",988,2893.72451841054,"64"
"984",989,3332.50446886435,"64"
"985",990,2460.1401753972,"64"
"986",991,2469.70665695499,"64"
"987",992,8605.9873268509,"64"
"988",1039,2732.77808179049,"67"
"989",993,115567.918597647,"65"
"990",994,100163.677986565,"65"
"991",995,94168.8586523681,"65"
"992",996,85292.960450622,"65"
"993",997,98148.932732259,"65"
"994",998,107207.334419881,"65"
"995",1040,2195.87157534971,"67"
"996",999,89031.0224679346,"65"
"997",1000,84158.4561659538,"65"
"998",1001,108484.123283444,"65"
"999",1002,103274.789923312,"65"
"1000",1003,115571.282336871,"65"
"1001",1004,106772.595303488,"65"
"1002",1005,111802.405023856,"65"
"1003",1006,83686.4504859176,"65"
"1004",1007,108386.272513383,"65"
"1005",1008,92394.539768122,"65"
"1006",1009,91409.3926466397,"65"
"1007",1010,105079.892186251,"65"
"1008",1011,110064.308110749,"65"
"1009",1012,114278.219601381,"65"
"1010",1013,3053.09528751856,"66"
"1011",1014,1963.09216780256,"66"
"1012",1015,6139.30759424791,"66"
"1013",1016,1878.32094990842,"66"
"1014",1017,5132.84453381088,"66"
"1015",1018,2757.15997010739,"66"
"1016",1019,2741.41098253984,"66"
"1017",1020,4455.92104671606,"66"
"1018",1021,8472.85633247336,"66"
"1019",1022,2272.3258117917,"66"
"1020",1023,12867.7878698576,"66"
"1021",1024,3883.41541546918,"66"
"1022",1025,4645.86917034223,"66"
"1023",1026,6347.41181914386,"66"
"1024",1027,4628.20975261626,"66"
"1025",1028,5359.02130249205,"66"
"1026",1029,12809.0301421497,"66"
"1027",1030,4979.84748483136,"66"
"1028",1031,4158.57603235901,"66"
"1029",1032,3806.44282260194,"66"
"1030",1033,2872.8809953195,"67"
"1031",1034,1758.16242404288,"67"
"1032",1035,4003.25908709732,"67"
"1033",1041,1236.61122519201,"67"
"1034",1042,14049.6909601572,"67"
"1035",1043,1695.11230950746,"67"
"1036",1044,7821.11044778555,"67"
"1037",1045,2409.96959467238,"67"
"1038",1046,3449.43211338482,"67"
"1039",1048,1425.7288055182,"67"
"1040",1050,2268.34729265896,"67"
"1041",1051,1839.94010351121,"67"
"1042",1052,1555.73888742233,"67"
"1043",1053,1251.16424536329,"68"
"1044",1054,1104.51224106721,"68"
"1045",1055,1138.78785286413,"68"
"1046",1056,1405.7717313376,"68"
"1047",1057,1382.89254270024,"68"
"1048",1058,2121.6038294454,"68"
"1049",1059,1303.21550263055,"68"
"1050",1060,1341.03205423381,"68"
"1051",1061,2784.74612687778,"68"
"1052",1062,1650.61527345433,"68"
"1053",1063,1380.96406304713,"69"
"1054",1064,814.182291604055,"69"
"1055",1065,844.483895138654,"69"
"1056",1066,1175.91828569733,"69"
"1057",1067,1116.32203857433,"69"
"1058",1068,765.071991433624,"69"
"1059",1069,1141.01736610918,"69"
"1060",1070,1353.0457767005,"69"
"1061",1071,1214.30225580123,"69"
"1062",1072,631.15902787822,"69"
"1063",1073,95707.8134035911,"70"
"1064",1074,98033.3948118709,"70"
"1065",1075,101204.339702114,"70"
"1066",1076,93058.821294645,"70"
"1067",1077,107026.665477805,"70"
"1068",1078,99105.0319797281,"70"
"1069",1079,96150.8166301064,"70"
"1070",1080,81704.8799744878,"70"
"1071",1081,88481.595454456,"70"
"1072",1082,99002.8022542708,"70"
"1073",1083,106280.780779984,"71"
"1074",1084,79811.2073370095,"71"
"1075",1085,100670.539680876,"71"
"1076",1086,100475.13843693,"71"
"1077",1087,87508.1314839462,"71"
"1078",1088,84770.9371961449,"71"
"1079",1770,2156.28583294328,"136"
"1080",1089,86899.9965993996,"71"
"1081",1090,110270.17544521,"71"
"1082",1091,77876.0158748339,"71"
"1083",1092,3297.50912299672,"72"
"1084",1093,134.578381882209,"72"
"1085",1094,1746.11852722537,"72"
"1086",1095,137.074949744188,"72"
"1087",1096,1780.39919263263,"72"
"1088",1097,1181.60412921033,"72"
"1089",1098,1686.64259980986,"72"
"1090",1099,1422.97567014864,"72"
"1091",1100,2195.56160983009,"72"
"1092",1101,1956.14239968982,"72"
"1093",1102,1419.74031588504,"73"
"1094",1103,2751.9789584018,"73"
"1095",1104,1394.79070116731,"73"
"1096",1105,157.234596862155,"73"
"1097",1106,697.997961353577,"73"
"1098",1107,522.43783029907,"73"
"1099",1108,2119.88430644727,"73"
"1100",1109,998.187155470024,"73"
"1101",1110,1630.42877537876,"73"
"1102",1111,893.999653879043,"73"
"1103",1112,103380.929255805,"74"
"1104",1113,84590.5407647449,"74"
"1105",1114,96501.8035789771,"74"
"1106",1115,110142.079418194,"74"
"1107",1116,101587.174576201,"74"
"1108",1117,88691.8629936894,"74"
"1109",1118,98844.7934119097,"74"
"1110",1119,101190.727207255,"74"
"1111",1120,93669.7182050714,"74"
"1112",1121,90431.0239450947,"74"
"1113",1122,98581.7468284014,"75"
"1114",1123,79653.0484421645,"75"
"1115",1124,88979.2218791432,"75"
"1116",1125,95861.9956400286,"75"
"1117",1126,114269.960827319,"75"
"1118",1127,86219.4353932499,"75"
"1119",1128,77624.343702074,"75"
"1120",1129,101318.899707316,"75"
"1121",1130,95573.8080691447,"75"
"1122",1131,111212.242730932,"75"
"1123",1132,91867.094488096,"76"
"1124",1133,86068.7917056529,"76"
"1125",1134,98819.6851963918,"76"
"1126",1135,15273.5842398593,"76"
"1127",1136,115995.631779102,"76"
"1128",1137,86917.3786816809,"76"
"1129",1138,77805.4903285313,"76"
"1130",1139,101838.269620853,"76"
"1131",1140,95794.5934838035,"76"
"1132",1141,86659.8180215607,"76"
"1133",1142,113387.970993896,"76"
"1134",1143,82380.7383215025,"76"
"1135",1144,103197.685816699,"76"
"1136",1145,106984.802289406,"76"
"1137",1146,105805.115506683,"76"
"1138",1147,83488.3451723346,"76"
"1139",1148,82824.8909591291,"76"
"1140",1149,93586.6274338325,"76"
"1141",1150,109866.454291958,"76"
"1142",1151,88335.6513374865,"76"
"1143",1152,78007.9999266201,"76"
"1144",1153,103108.692959968,"76"
"1145",1154,665.898175029909,"77"
"1146",1155,4327.17805509525,"77"
"1147",1156,2408.42607799345,"77"
"1148",1157,1896.09360486028,"77"
"1149",1158,2268.99962754784,"77"
"1150",1159,2155.41252353111,"77"
"1151",1160,2655.92528521376,"77"
"1152",1161,2852.85259204614,"77"
"1153",1162,2761.52959510572,"77"
"1154",1163,3034.06398647827,"77"
"1155",1164,2873.11596898677,"78"
"1156",1165,2122.87668383793,"78"
"1157",1166,2647.1446089034,"78"
"1158",1167,2375.27897174481,"78"
"1159",1168,3933.83913419411,"78"
"1160",1169,2428.67162476315,"78"
"1161",1171,1884.56788921638,"78"
"1162",1172,1700.20673450726,"78"
"1163",1173,2350.69402452451,"78"
"1164",1174,1400.49264748185,"79"
"1165",1175,1994.04735794459,"79"
"1166",1176,2417.51049215476,"79"
"1167",1177,1567.14204935756,"79"
"1168",1178,1236.66681676225,"79"
"1169",1179,2266.35609338519,"79"
"1170",1180,1683.87432749306,"79"
"1171",1181,1130.91657485102,"79"
"1172",1183,1016.18643265818,"79"
"1173",1184,3587.03379040339,"80"
"1174",1186,2173.94182216573,"80"
"1175",1187,2411.28987182659,"80"
"1176",1188,2437.44206752271,"80"
"1177",1189,3260.02578860132,"80"
"1178",1190,2475.20097351904,"80"
"1179",1191,2648.5409069022,"80"
"1180",1192,2206.84305785239,"80"
"1181",1193,3067.84433928393,"80"
"1182",1194,3661.65156862116,"81"
"1183",1195,1668.33791843398,"81"
"1184",1196,4784.48741350335,"81"
"1185",1198,2803.46477442061,"81"
"1186",1199,1431.78400869955,"81"
"1187",1200,3662.09586509817,"81"
"1188",1201,2082.54003544492,"81"
"1189",1202,2445.31533961363,"81"
"1190",1203,1490.91027040052,"81"
"1191",1204,776.438977586475,"81"
"1192",1205,1950.00522916493,"81"
"1193",1206,2059.04518343585,"81"
"1194",1207,2217.25740644648,"81"
"1195",1208,2131.90526946958,"81"
"1196",1209,1155.89201948206,"81"
"1197",1210,2272.56679805066,"81"
"1198",1211,2013.15076781456,"81"
"1199",1212,1482.25212783915,"81"
"1200",1213,2771.29673519766,"81"
"1201",1214,1640.0339935259,"82"
"1202",1215,1823.00411283886,"82"
"1203",1216,1600.31077288731,"82"
"1204",1217,1860.28099985395,"82"
"1205",1218,1910.78093104102,"82"
"1206",1219,1809.96259530425,"82"
"1207",1221,2019.3716214374,"82"
"1208",1222,2171.88190668902,"82"
"1209",1223,1679.19991521333,"82"
"1210",1224,1169.49127187302,"83"
"1211",1225,2250.93548749367,"83"
"1212",1226,888.103017649632,"83"
"1213",1227,2590.69397691891,"83"
"1214",1228,1990.11940637304,"83"
"1215",1229,1327.05414380189,"83"
"1216",1230,3553.70057395041,"83"
"1217",1232,1668.40883334014,"83"
"1218",1233,1899.34176912439,"83"
"1219",1234,1744.58293915993,"84"
"1220",1235,1365.57103201802,"84"
"1221",1237,2059.67063330561,"84"
"1222",1238,2557.72596510666,"84"
"1223",1239,2887.38404823667,"84"
"1224",1240,1710.36805306105,"84"
"1225",1241,1747.31382391094,"84"
"1226",1242,1704.59010500726,"84"
"1227",1243,781.62965500402,"84"
"1228",1244,79564.6452701662,"85"
"1229",1245,123066.419151032,"85"
"1230",1246,110034.032212157,"85"
"1231",1247,73179.8943394316,"85"
"1232",1248,95849.2622887694,"85"
"1233",1249,75220.1241687902,"85"
"1234",1250,94533.6191379861,"85"
"1235",1252,89986.2200983504,"85"
"1236",1253,94834.577677602,"85"
"1237",1254,2493.27252453289,"86"
"1238",1255,2690.5831163108,"86"
"1239",1257,2066.19372641706,"86"
"1240",1258,2835.88742670043,"86"
"1241",1259,2867.57579682938,"86"
"1242",1260,1925.7005946888,"86"
"1243",1261,1019.8684729332,"86"
"1244",1262,2167.57197894202,"86"
"1245",1263,1617.45069726646,"86"
"1246",1264,97067.3376942459,"87"
"1247",1265,80730.8848967071,"87"
"1248",1266,92386.9932709973,"87"
"1249",1267,94376.6916687132,"87"
"1250",1268,93815.166076099,"87"
"1251",1269,106235.807585719,"87"
"1252",1270,94692.6273540683,"87"
"1253",1271,93447.4647194032,"87"
"1254",1272,95360.7829676482,"87"
"1255",1273,75829.9621619922,"87"
"1256",1274,1560.63965784811,"88"
"1257",1275,2933.99745822681,"88"
"1258",1276,1922.08245434386,"88"
"1259",1277,1170.99868500801,"88"
"1260",1278,1226.01442746914,"88"
"1261",1279,2711.70507496475,"88"
"1262",1280,3499.95096779764,"88"
"1263",1282,2735.54350992102,"88"
"1264",1283,1587.08734828811,"88"
"1265",1284,3577.48030308149,"88"
"1266",1285,3493.61322179429,"88"
"1267",1286,2097.76348585573,"88"
"1268",1287,778.178195203187,"88"
"1269",1288,2921.17635729822,"88"
"1270",1289,3055.89371746795,"88"
"1271",1290,1834.45116097987,"88"
"1272",1291,2724.79286897706,"88"
"1273",1292,3703.99905715929,"88"
"1274",1293,1548.83066032423,"88"
"1275",1294,89374.5220745961,"89"
"1276",1295,83695.9334810325,"89"
"1277",1298,76089.624064888,"89"
"1278",1299,118004.706640406,"89"
"1279",1300,81958.0844060124,"89"
"1280",1301,93440.0876199472,"89"
"1281",1302,79216.177332516,"89"
"1282",1303,98953.4421703856,"89"
"1283",1305,107795.963684981,"90"
"1284",1306,81764.4366541114,"90"
"1285",1307,101706.225220549,"90"
"1286",1308,110956.489769011,"90"
"1287",1309,105743.931722567,"90"
"1288",1310,112079.616869457,"90"
"1289",1311,124769.422667111,"90"
"1290",1312,92496.1164819742,"90"
"1291",1313,100265.649183076,"90"
"1292",1314,2416.05879305523,"91"
"1293",1315,2170.74743756783,"91"
"1294",1317,1995.83779966292,"91"
"1295",1318,2259.41832787305,"91"
"1296",1319,1466.596463315,"91"
"1297",1320,2569.56793174666,"91"
"1298",1321,2967.90172365117,"91"
"1299",1322,2463.14063462537,"91"
"1300",1323,2401.92630166978,"91"
"1301",1324,4025.36120614166,"92"
"1302",1325,1341.8860789414,"92"
"1303",1326,1388.6738266843,"92"
"1304",1327,2184.00015454187,"92"
"1305",1328,3078.68157892754,"92"
"1306",1329,4426.5724102044,"92"
"1307",1330,3468.68999128315,"92"
"1308",1331,2774.83145820445,"92"
"1309",1332,2818.31400305121,"92"
"1310",1333,1849.64809746772,"92"
"1311",1334,88376.5340925099,"92"
"1312",1335,74071.155877698,"92"
"1313",1336,81270.3901835239,"92"
"1314",1337,67660.3584978537,"92"
"1315",1338,101922.680455308,"92"
"1316",1339,107454.031505498,"92"
"1317",1340,92350.1823453779,"92"
"1318",1341,88464.6950015528,"92"
"1319",1342,90724.0953599941,"92"
"1320",1343,94951.0004874854,"92"
"1321",1344,99476.6159091676,"93"
"1322",1345,91321.1378145685,"93"
"1323",1346,126231.627510143,"93"
"1324",1347,107324.534253898,"93"
"1325",1348,86538.6232061421,"93"
"1326",1349,92252.0711614968,"93"
"1327",1350,94187.5397237638,"93"
"1328",1351,89242.7200453824,"93"
"1329",1352,91210.5557299152,"93"
"1330",1353,97570.1946694184,"93"
"1331",1354,83003.2400601585,"93"
"1332",1355,7348.11037988111,"94"
"1333",1356,13733.314422785,"94"
"1334",1357,12784.6483882383,"94"
"1335",1358,4643.14332072971,"94"
"1336",1359,12821.5657035722,"94"
"1337",1360,11569.9105083067,"94"
"1338",1361,6206.54124809064,"94"
"1339",1362,3554.4248633879,"94"
"1340",1363,8191.6880593655,"94"
"1341",1364,14759.7659862214,"94"
"1342",1365,4229.12963251742,"95"
"1343",1366,8372.09108270526,"95"
"1344",1367,7193.76395164766,"95"
"1345",1368,2897.30984929834,"95"
"1346",1369,7950.29909712609,"95"
"1347",1370,6247.28681875488,"95"
"1348",1371,12078.2520328267,"95"
"1349",1372,8307.59260584295,"95"
"1350",1373,5456.38319317691,"95"
"1351",1374,6088.04419376242,"95"
"1352",1375,93495.7258236773,"96"
"1353",1376,98055.0662911776,"96"
"1354",1377,99040.5534024609,"96"
"1355",1378,81754.5102245989,"96"
"1356",1379,95303.0331664709,"96"
"1357",1380,76444.430464944,"96"
"1358",1381,98193.3360355686,"96"
"1359",1382,99222.0374055186,"96"
"1360",1383,135615.438468068,"96"
"1361",1384,98714.2663180321,"96"
"1362",1385,113316.545190751,"97"
"1363",1386,94321.6934736485,"97"
"1364",1387,120818.791984431,"97"
"1365",1388,128717.899421814,"97"
"1366",1389,111425.23657334,"97"
"1367",1390,107302.852242251,"97"
"1368",1392,100279.327352231,"97"
"1369",1393,107046.32883279,"97"
"1370",1394,89371.631519063,"97"
"1371",1395,75757.9324498752,"98"
"1372",1396,76004.7061045131,"98"
"1373",1397,74816.4744949442,"98"
"1374",1398,77746.6956228705,"98"
"1375",1399,106666.698417135,"98"
"1376",1400,49558.1505777184,"98"
"1377",1401,104886.759192616,"98"
"1378",1402,104209.979420815,"98"
"1379",1403,91959.1511770814,"98"
"1380",1405,75758.0734190651,"99"
"1381",1406,83067.0252756458,"99"
"1382",1407,91832.9948223372,"99"
"1383",1408,101153.326211418,"99"
"1384",1409,93994.1093495612,"99"
"1385",1410,91386.6443301223,"99"
"1386",1411,90194.7288125543,"99"
"1387",1412,76927.7623791371,"99"
"1388",1413,97406.0460123184,"99"
"1389",1414,86708.5355646181,"99"
"1390",1415,5144.07486438395,"100"
"1391",1416,2140.23788796777,"100"
"1392",1417,2223.07615491906,"100"
"1393",1418,1327.80785516327,"100"
"1394",1419,3140.73139325266,"100"
"1395",1420,2368.56965100657,"100"
"1396",1421,3394.10260483427,"100"
"1397",1422,2955.01549495411,"100"
"1398",1423,2502.19659344458,"100"
"1399",1424,1515.50331128421,"100"
"1400",1425,1715.53498584192,"101"
"1401",1426,3320.04209207612,"101"
"1402",1427,2154.33393246131,"101"
"1403",1428,3431.61116417064,"101"
"1404",1429,2028.4732322272,"101"
"1405",1430,2091.56265710624,"101"
"1406",1431,1485.07939947279,"101"
"1407",1432,1549.8951369389,"101"
"1408",1433,2050.39938404694,"101"
"1409",1434,2115.83903030989,"101"
"1410",1435,84390.6253620938,"102"
"1411",1436,93533.2000582637,"102"
"1412",1437,88055.9929473662,"102"
"1413",1438,84159.0261868817,"102"
"1414",1439,87800.7234472266,"102"
"1415",1440,96419.9021418471,"102"
"1416",1441,77866.9775203528,"102"
"1417",1443,109596.989790832,"102"
"1418",1444,97584.607089638,"102"
"1419",1445,76931.917262618,"103"
"1420",1446,96866.3844436565,"103"
"1421",1447,113527.599734044,"103"
"1422",1448,82527.0046438515,"103"
"1423",1449,113099.140383559,"103"
"1424",1450,100013.359649835,"103"
"1425",1451,93047.3862324343,"103"
"1426",1452,93564.7802928318,"103"
"1427",1453,92650.7897050946,"103"
"1428",1454,80904.2378882418,"103"
"1429",1455,4587.95815588457,"104"
"1430",1456,4252.42224218668,"104"
"1431",1457,3906.73721740999,"104"
"1432",1458,3853.57324917942,"104"
"1433",1459,3386.91677274527,"104"
"1434",1460,4044.69875131545,"104"
"1435",1462,2720.0021132823,"104"
"1436",1463,3096.34649584247,"104"
"1437",1464,3485.02564795438,"104"
"1438",1465,5080.81075075919,"105"
"1439",1466,4835.56574785569,"105"
"1440",1467,3307.56530383101,"105"
"1441",1468,2809.76981770436,"105"
"1442",1469,2688.16470836233,"105"
"1443",1470,2792.53327692712,"105"
"1444",1471,958.067440352183,"105"
"1445",1472,2791.7020693516,"105"
"1446",1473,2852.75554883756,"105"
"1447",1474,3257.33836231244,"105"
"1448",1475,108793.60298181,"106"
"1449",1476,107236.133472275,"106"
"1450",1477,105292.009016896,"106"
"1451",1478,92777.9486761368,"106"
"1452",1479,106533.948035802,"106"
"1453",1480,82962.4234334712,"106"
"1454",1481,90881.328874799,"106"
"1455",1482,87961.989260303,"106"
"1456",1483,81270.1851462593,"106"
"1457",1484,100102.283618235,"106"
"1458",1485,100799.305233926,"107"
"1459",1486,98718.9324763186,"107"
"1460",1487,123085.967134438,"107"
"1461",1488,107194.100708646,"107"
"1462",1489,92394.2517100262,"107"
"1463",1490,97900.3446500463,"107"
"1464",1491,87296.6095326906,"107"
"1465",1492,99638.4165080752,"107"
"1466",1493,84100.2513740634,"107"
"1467",1494,93280.355435647,"107"
"1468",1495,3712.27121670045,"108"
"1469",1496,3539.32373691987,"108"
"1470",1497,5117.55055115353,"108"
"1471",1498,4040.23227951219,"108"
"1472",1499,4667.24265036117,"108"
"1473",1500,9802.18927681127,"108"
"1474",1501,2883.42263749535,"108"
"1475",1502,1702.46294258015,"108"
"1476",1503,3794.1940601202,"108"
"1477",1504,4858.16355350618,"108"
"1478",1505,3485.73277228351,"109"
"1479",1506,2742.91096875632,"109"
"1480",1507,3552.6484335735,"109"
"1481",1508,2944.59354659875,"109"
"1482",1509,3368.47871596784,"109"
"1483",1510,6148.95047652194,"109"
"1484",1511,4016.59872360128,"109"
"1485",1512,3434.60810228957,"109"
"1486",1513,2723.13499541405,"109"
"1487",1514,3539.85715853432,"109"
"1488",1515,91865.8749330235,"110"
"1489",1516,76789.787230034,"110"
"1490",1517,79999.6772992699,"110"
"1491",1518,80489.2014937218,"110"
"1492",1519,101390.452119718,"110"
"1493",1520,101544.640144549,"110"
"1494",1521,84932.3668557986,"110"
"1495",1522,68638.032392484,"110"
"1496",1523,76933.5548893642,"110"
"1497",1524,68791.8687420418,"110"
"1498",1525,90974.2714462379,"111"
"1499",1526,93926.9296959414,"111"
"1500",1527,112149.797928669,"111"
"1501",1528,99444.3885417564,"111"
"1502",1530,97885.6882338311,"111"
"1503",1529,104830.153635345,"111"
"1504",1531,85664.1816924073,"111"
"1505",1532,95382.3522794182,"111"
"1506",1533,89935.2296847342,"111"
"1507",1534,95404.2373662617,"111"
"1508",1535,108065.354941138,"112"
"1509",1536,115724.596123853,"112"
"1510",1537,99175.583250947,"112"
"1511",1538,108674.962821673,"112"
"1512",1539,109516.312788188,"112"
"1513",1540,100552.139032514,"112"
"1514",1541,96054.201069421,"112"
"1515",1542,104291.182792726,"112"
"1516",1543,93995.6635406809,"112"
"1517",1544,101863.904827052,"112"
"1518",1545,99220.2725106733,"113"
"1519",1546,94429.6217546979,"113"
"1520",1547,90919.1729704214,"113"
"1521",1548,91501.1479633087,"113"
"1522",1549,88116.7633852573,"113"
"1523",1551,111732.577826908,"113"
"1524",1553,108105.158858827,"113"
"1525",1554,104796.705098648,"113"
"1526",1555,95220.1306484198,"114"
"1527",1557,101456.477002472,"114"
"1528",1556,93796.5539355145,"114"
"1529",1558,92566.5256341036,"114"
"1530",1559,120809.786831448,"114"
"1531",1560,88881.9001399432,"114"
"1532",1561,86257.9685016301,"114"
"1533",1562,97757.0905696813,"114"
"1534",1563,84450.1322449025,"114"
"1535",1565,72505.7909251797,"115"
"1536",1566,89120.4134459994,"115"
"1537",1567,85461.717749494,"115"
"1538",1568,85164.4155014308,"115"
"1539",1569,114000.453009344,"115"
"1540",1571,78286.9825509142,"115"
"1541",1570,86265.907686359,"115"
"1542",1573,91616.7729031832,"115"
"1543",1572,91273.2385637124,"115"
"1544",1574,97987.3924632125,"115"
"1545",1575,1441.56363062222,"116"
"1546",1576,3096.15131933214,"116"
"1547",1577,1535.26760524459,"116"
"1548",1579,2260.18713282233,"116"
"1549",1580,2463.80779963845,"116"
"1550",1581,2273.98957911175,"116"
"1551",1582,2534.63439791254,"116"
"1552",1583,1321.86086065785,"116"
"1553",1584,1802.66322495196,"116"
"1554",1585,85547.1469598953,"117"
"1555",1587,91593.205255934,"117"
"1556",1586,106954.538366237,"117"
"1557",1588,106452.218403838,"117"
"1558",1589,96112.4580488951,"117"
"1559",1590,104597.387458367,"117"
"1560",1591,98793.6917462081,"117"
"1561",1592,87114.6842827504,"117"
"1562",1593,93620.4752859843,"117"
"1563",1594,104742.34101329,"117"
"1564",1595,99087.1586424944,"118"
"1565",1596,85706.9055609631,"118"
"1566",1597,78455.2227975319,"118"
"1567",1598,100822.334892194,"118"
"1568",1599,94367.2819035992,"118"
"1569",1600,91364.3742346221,"118"
"1570",1601,79594.648073647,"118"
"1571",1602,92742.0475499938,"118"
"1572",1603,100487.851604309,"118"
"1573",1604,91326.631912576,"118"
"1574",1606,86938.903457657,"118"
"1575",1605,95901.5411163216,"118"
"1576",1607,91435.7695681578,"119"
"1577",1608,104397.869380302,"119"
"1578",1609,110011.069830916,"119"
"1579",1610,104311.648387112,"119"
"1580",1611,80908.35733458,"119"
"1581",1612,99219.1498128004,"119"
"1582",1613,95371.3728775956,"119"
"1583",1614,94218.6181172918,"119"
"1584",1615,96003.9860909139,"119"
"1585",1616,91768.5091079616,"119"
"1586",1617,92290.3905528151,"120"
"1587",1619,80585.4449642307,"120"
"1588",1620,104114.234163044,"120"
"1589",1621,101968.397222781,"120"
"1590",1622,107175.833776371,"120"
"1591",1623,68934.1518050656,"120"
"1592",1625,75649.1479616329,"120"
"1593",1626,81468.0118856241,"120"
"1594",1627,2412.49330042061,"121"
"1595",1628,3178.77617190534,"121"
"1596",1629,4332.85021924101,"121"
"1597",1630,4215.10150762425,"121"
"1598",1631,2305.88785056481,"121"
"1599",1632,1764.31856675361,"121"
"1600",1634,6212.80755330105,"121"
"1601",1636,3069.26212318507,"121"
"1602",1635,1693.137453189,"121"
"1603",1637,4162.96810229418,"122"
"1604",1638,1732.45420044118,"122"
"1605",1639,4643.53858776707,"122"
"1606",1640,2752.54642340688,"122"
"1607",1641,1512.17057730352,"122"
"1608",1642,5027.79270901118,"122"
"1609",1643,5184.0628237468,"122"
"1610",1644,6184.36986653134,"122"
"1611",1646,3347.20492603649,"122"
"1612",1647,103705.07151529,"123"
"1613",1648,83633.1661402031,"123"
"1614",1649,105750.814378119,"123"
"1615",1650,99177.7034746096,"123"
"1616",1651,77761.5146122993,"123"
"1617",1652,79242.5219113579,"123"
"1618",1653,92062.8631848941,"123"
"1619",1654,97366.1348892235,"123"
"1620",1655,93238.1192838039,"123"
"1621",1656,88170.2084106007,"123"
"1622",1658,83835.4204499709,"124"
"1623",1657,84683.5772895094,"124"
"1624",1659,85053.3095810009,"124"
"1625",1660,84210.4040106727,"124"
"1626",1661,89120.3197255304,"124"
"1627",1662,91224.2519207891,"124"
"1628",1663,99442.889967412,"124"
"1629",1664,84658.5378963156,"125"
"1630",1665,66584.4654341417,"125"
"1631",1666,78024.4175015228,"125"
"1632",1667,95447.004029746,"125"
"1633",1668,88279.0794403182,"125"
"1634",1669,78734.2377140237,"125"
"1635",1670,99465.5243463638,"125"
"1636",1671,97099.0873956713,"125"
"1637",1673,90130.6958352803,"125"
"1638",1672,112427.618418731,"125"
"1639",1674,83422.7607106262,"125"
"1640",1675,101077.899127569,"126"
"1641",1676,101223.706305024,"126"
"1642",1677,94238.5759401699,"126"
"1643",1678,84134.4150984062,"126"
"1644",1679,86138.0238190018,"126"
"1645",1680,94247.6291177812,"126"
"1646",1681,87284.6901082294,"126"
"1647",1682,100619.09126718,"126"
"1648",1683,84680.2641554757,"126"
"1649",1684,96305.5668600109,"126"
"1650",1685,90464.0753902786,"126"
"1651",1687,2065.84344063234,"127"
"1652",1688,2118.22100280915,"127"
"1653",1690,2653.75747184753,"127"
"1654",1689,2444.80743660811,"127"
"1655",1691,2525.26952828489,"127"
"1656",1692,3199.81384698263,"127"
"1657",1693,2767.06208410781,"127"
"1658",1694,2074.76868049436,"127"
"1659",1695,3878.60556619758,"127"
"1660",1696,2178.84232852447,"127"
"1661",1697,3700.96822073368,"128"
"1662",1698,3891.02547176994,"128"
"1663",1699,2201.46998668753,"128"
"1664",1700,2340.34602883151,"128"
"1665",1701,1666.53023398674,"128"
"1666",1702,1042.39868895105,"128"
"1667",1703,3265.03255226274,"128"
"1668",1704,3497.30596146811,"128"
"1669",1705,2465.78776736353,"128"
"1670",1706,2590.15013231186,"128"
"1671",1707,2373.13082283927,"129"
"1672",1708,1770.54912480086,"129"
"1673",1709,2265.06403675097,"129"
"1674",1710,1108.45577470627,"129"
"1675",1711,3934.13944169881,"129"
"1676",1712,1412.49729089773,"129"
"1677",1713,2469.83192059869,"129"
"1678",1714,3085.01179763122,"129"
"1679",1715,1612.70176263499,"129"
"1680",1716,2455.74925025455,"129"
"1681",1717,1839.77642319677,"130"
"1682",1718,2045.76999149017,"130"
"1683",1719,3559.75010299536,"130"
"1684",1720,2099.20686437225,"130"
"1685",1721,2619.05729296554,"130"
"1686",1722,1772.65343180783,"130"
"1687",1723,1917.45486466197,"130"
"1688",1724,1368.17237862692,"130"
"1689",1725,1814.14779674295,"130"
"1690",1726,1791.99050031909,"130"
"1691",1727,96078.4870234531,"131"
"1692",1728,107895.224444589,"131"
"1693",1729,84720.0606990165,"131"
"1694",1731,92494.6710416067,"131"
"1695",1730,101310.227030967,"131"
"1696",1732,111676.797531449,"131"
"1697",1733,105704.517448876,"131"
"1698",1734,93971.2936010389,"131"
"1699",1735,108553.517186548,"131"
"1700",1736,106927.653810211,"131"
"1701",1737,95610.4386497448,"132"
"1702",1738,104718.321218287,"132"
"1703",1739,108229.335681838,"132"
"1704",1740,102114.648057869,"132"
"1705",1741,104694.506913383,"132"
"1706",1742,91912.4170006397,"132"
"1707",1743,86343.3596681097,"132"
"1708",1744,101075.436471502,"132"
"1709",1745,87634.7725528271,"132"
"1710",1746,100897.934420825,"132"
"1711",1747,96374.5032831746,"133"
"1712",1748,102579.948640526,"133"
"1713",1749,95988.8952601394,"133"
"1714",1750,117044.758729889,"133"
"1715",1751,90352.0294432288,"133"
"1716",1752,73798.7522776667,"133"
"1717",1753,91022.1201822397,"133"
"1718",1754,92459.8419600202,"133"
"1719",1755,105943.536673984,"133"
"1720",1756,92638.1017179196,"133"
"1721",1757,91629.745128221,"134"
"1722",1758,83620.9900604452,"134"
"1723",1759,97936.5807505234,"134"
"1724",1760,82336.4313959167,"134"
"1725",1761,86975.536910437,"134"
"1726",1762,102732.151158089,"134"
"1727",1763,116874.437468681,"134"
"1728",1764,90806.6770886385,"134"
"1729",1765,70813.2594670492,"134"
"1730",1766,92050.3113511815,"134"
"1731",1767,102248.823390574,"135"
"1732",1768,71683.4490799399,"135"
"1733",1769,116040.756884783,"135"
"1734",1773,4354.45523399178,"137"
"1735",1774,3766.19384102813,"137"
"1736",1775,5198.4439510273,"137"
"1737",1776,4878.64713070095,"137"
"1738",1777,5961.73518993954,"137"
"1739",1778,4695.48347930301,"137"
"1740",1779,5782.84598530269,"137"
"1741",1780,3152.05232711203,"137"
"1742",1781,3849.39593951607,"137"
"1743",1782,4609.70434493437,"137"
