"D1","D2","BimodalLabel"
1.05449512308978,-0.824314653635335,"bimodal2"
0.573273173786747,-0.488783936102097,"bimodal2"
-1.76232965870295,-2.9501706102302,"bimodal2"
-1.67954625102713,1.45130142615858,"bimodal2"
-0.184412188544515,-3.14317656225784,"bimodal2"
1.06140552854432,-1.97240315943722,"bimodal2"
3.45272461416194,1.04680564166752,"bimodal2"
0.980212489371163,1.82310131863222,"bimodal2"
2.34970039925055,1.02479667542645,"bimodal2"
0.438124111843163,-0.885020028337683,"bimodal2"
2.94071660735019,0.589045979170491,"bimodal2"
2.66170005204032,0.409912421035152,"bimodal2"
-0.107501187356111,3.14246600391297,"bimodal2"
1.49678588088834,-0.919642010699203,"bimodal2"
3.03120559335319,0.467153069265449,"bimodal2"
1.31412792768568,-0.377527150740956,"bimodal2"
0.286536856885121,-2.96936690518901,"bimodal2"
-0.0357555615589245,0.722842884124436,"bimodal2"
0.16197025269691,-2.56343564877837,"bimodal2"
-0.0844788433697694,1.35782091233716,"bimodal2"
3.40588968453659,1.48474988560267,"bimodal2"
-3.19485271485816,2.86303059804596,"bimodal2"
-3.21142650856176,0.628206224419514,"bimodal2"
-0.599780461218842,-2.71297461323697,"bimodal2"
2.04990552276208,0.166657682476497,"bimodal2"
0.283121580084836,0.0426545358956983,"bimodal2"
-3.14354322433064,2.08255197093251,"bimodal2"
0.554512525270548,-0.929382165491237,"bimodal2"
-0.560448504250282,-0.534270257730695,"bimodal2"
2.01519525353636,1.88958420145956,"bimodal2"
-3.16893449454126,0.868763211521536,"bimodal2"
-1.43362983674672,-2.9361199387424,"bimodal2"
0.203881086004992,0.307090034838078,"bimodal2"
-1.21926921447845,-2.13507675430869,"bimodal2"
-0.0903780259644209,-1.2511860910237,"bimodal2"
1.38379993104844,0.175855149591076,"bimodal2"
0.379201565587672,-0.717504112065272,"bimodal2"
-1.76676528545298,1.38401041563135,"bimodal2"
0.759167350886708,-0.0454470731996262,"bimodal2"
-1.814898360344,1.55213917475679,"bimodal2"
-0.043625499196438,0.142370641407447,"bimodal1"
1.34077797212917,1.25191155972105,"bimodal2"
1.36635734583453,1.28007288704188,"bimodal2"
1.1501376630385,1.5615751213275,"bimodal2"
0.395556466181471,0.542182040745057,"bimodal2"
0.973269054739364,1.48415717436147,"bimodal2"
1.03137861638638,1.09567485040948,"bimodal2"
1.01470848069667,1.44140834957809,"bimodal2"
3.68148212828501,1.02546133359489,"bimodal2"
-1.70599671840831,2.25897660791395,"bimodal2"
1.39185367284123,1.31137992328108,"bimodal2"
-3.14712320055926,2.44630860526542,"bimodal1"
2.73678801210928,1.99239727770777,"bimodal2"
1.32305856685607,1.19398516979348,"bimodal2"
1.2349148864538,1.34182850630631,"bimodal2"
2.36001801471751,0.784580449599637,"bimodal2"
-3.14114452453972,2.2794971690715,"bimodal1"
-1.62139407895791,2.97194476191003,"bimodal1"
-1.59439671661466,2.58109930428748,"bimodal1"
2.19043468751797,-0.562578961671223,"bimodal2"
1.6413087886102,-1.96706110058862,"bimodal2"
-0.849027875697081,-1.87912557819673,"bimodal2"
1.03330192288751,0.676645581670871,"bimodal2"
-1.03082707834539,-3.37667882133795,"bimodal2"
2.8998388258921,0.625736802302829,"bimodal2"
-1.39691083042073,2.40690358703547,"bimodal2"
1.95609945820956,-0.24105145910378,"bimodal2"
-2.63563133599676,-3.13694666037756,"bimodal1"
0.0853194122677337,1.36232862366144,"bimodal2"
-2.0231342838553,-2.8628944385089,"bimodal2"
-0.47659111064963,2.90211778127089,"bimodal2"
2.48856826293742,2.01829824817971,"bimodal2"
-0.40582235409009,2.22657866464675,"bimodal2"
1.2282956665898,0.155771047564734,"bimodal2"
1.37072234136061,-1.73234151535729,"bimodal2"
-0.391784417174978,3.43793337832007,"bimodal2"
0.363848143762854,2.60226193505664,"bimodal2"
1.8520157497852,1.43501089140986,"bimodal2"
-1.22663273595622,-2.42425052851252,"bimodal2"
0.468267089895104,-0.433761451822372,"bimodal1"
-1.0063782285697,-0.390814789010724,"bimodal1"
2.11309413826832,1.61311848464659,"bimodal1"
2.58120491075875,0.00800788694557064,"bimodal1"
-0.373321707734889,-0.670441112159056,"bimodal1"
0.268856242055417,-1.61303838481711,"bimodal1"
1.11436144309312,1.42448994973835,"bimodal2"
2.68572116900662,-2.01339898253504,"bimodal1"
2.60120670979954,0.98082895277358,"bimodal1"
-1.84980641016144,-2.92070483391838,"bimodal1"
-1.7229285171547,-1.28919757269621,"bimodal1"
-0.43758502467336,2.34504643323749,"bimodal1"
-0.480709334363743,-1.27814488429948,"bimodal1"
2.05655448305564,-0.290130175494488,"bimodal1"
-0.00468908191429596,-1.2505781347468,"bimodal1"
-1.00123819899237,0.588365489711904,"bimodal1"
-1.09100042527025,-0.526694249961853,"bimodal1"
-1.29717829444481,-3.10419643465894,"bimodal1"
2.29995331352004,2.23915478343438,"bimodal1"
0.782600061175081,0.0827437229998792,"bimodal2"
-0.26419012760731,2.59089733539755,"bimodal2"
0.766163788926184,0.183527755745565,"bimodal2"
0.0753651729832123,3.18095609202337,"bimodal2"
1.34904328076715,1.12457208563256,"bimodal2"
3.13217016568048,1.3684490470374,"bimodal2"
-0.52003251744973,-1.46787051028516,"bimodal2"
-0.556129207567288,1.87693263650047,"bimodal2"
0.878275506025406,-0.287822253326991,"bimodal2"
0.892973571919755,1.08061812354819,"bimodal2"
-0.195055315097172,1.90728299387495,"bimodal2"
-1.25635288827579,-2.24406453928387,"bimodal2"
-1.51620648592972,-2.72673997005201,"bimodal2"
0.616817141996597,0.647592964020097,"bimodal2"
1.93922701425555,0.545838165280326,"bimodal2"
2.50601701741795,1.97619390332603,"bimodal2"
0.711915246353154,1.17168450944515,"bimodal2"
1.13156864017538,-0.339781212448381,"bimodal2"
-1.16370596567975,-2.35850294991846,"bimodal2"
-0.310843277090627,3.15497669097375,"bimodal2"
0.59605468975014,0.104367533881355,"bimodal2"
3.02586691744187,0.86077296923252,"bimodal2"
-0.592817552620134,-1.42954353575316,"bimodal2"
2.37782737774568,1.89480457719842,"bimodal2"
1.21764063885411,0.219799020875306,"bimodal2"
1.21376581184442,0.385118577703681,"bimodal2"
-0.0954453402142479,-0.199697737405112,"bimodal2"
-0.544213707732786,1.88449281806918,"bimodal2"
-0.496283768106261,2.70817916707018,"bimodal2"
-2.67218860015188,-3.15657346793086,"bimodal2"
1.95536013546278,0.859215848014109,"bimodal2"
3.79100112385882,1.18588495488407,"bimodal2"
3.62153048265203,1.01900544691937,"bimodal2"
-0.490634072014762,2.60564794913414,"bimodal2"
-1.34295755225442,-2.42367429680998,"bimodal2"
-1.74763689039345,-1.26045943334753,"bimodal2"
-1.35409171178906,-3.0132760265974,"bimodal2"
0.471399463933883,0.503172645146409,"bimodal2"
-1.89210144655454,-2.49307306781872,"bimodal2"
-1.81169783038815,-1.03307256557295,"bimodal2"
-0.91381314450949,1.42260353527061,"bimodal2"
0.0760062780835358,-0.0820456348140149,"bimodal2"
-1.29278501805553,-1.17840639456634,"bimodal2"
0.851223486404594,0.189060627531075,"bimodal2"
0.656248193341249,0.337151722552604,"bimodal2"
1.02782024649369,-0.518189943677523,"bimodal2"
0.763500289224995,-1.02238766585761,"bimodal2"
-0.722966124439405,1.99508445277249,"bimodal2"
-3.34855697767001,1.28564498293777,"bimodal2"
3.44943133512715,1.16088106841266,"bimodal2"
-0.0165368184053465,1.7760124935369,"bimodal2"
1.40154518646893,-0.768263727024723,"bimodal2"
1.1109448727787,0.212949190197884,"bimodal2"
2.37046864255144,0.438354673509069,"bimodal2"
-1.44783515085118,-3.07250822736138,"bimodal2"
-1.20896939862132,1.72547713447392,"bimodal1"
-0.350810932406143,-0.157102761310377,"bimodal2"
0.893049421565579,0.979897940085597,"bimodal2"
-1.18382067441171,1.47726069923702,"bimodal1"
0.0385505978753922,2.45964603934591,"bimodal2"
-0.412354096665849,2.75117928853105,"bimodal2"
-1.10685074081516,-1.95564852884208,"bimodal2"
-0.344488604498934,-1.02626007147081,"bimodal2"
-1.68643200866803,-3.21502894760747,"bimodal2"
-0.855421109676667,1.32312058568864,"bimodal2"
1.7119842878667,0.177890001294514,"bimodal2"
-0.600251211635624,1.73292124729864,"bimodal2"
-0.219450515782753,2.02547164586502,"bimodal2"
-0.428179609749147,1.68766339215521,"bimodal2"
-0.484238887649955,-1.04707525606119,"bimodal2"
-1.61311229011207,-2.04345180779505,"bimodal2"
1.01758675808437,0.746962645391095,"bimodal2"
0.213301907954842,-0.206951976647451,"bimodal2"
-2.20545847222174,0.357115759896793,"bimodal2"
3.40892519266053,0.760716463813279,"bimodal2"
-2.02886139168601,-1.34550883334551,"bimodal2"
-1.96596350727024,3.08559834326377,"bimodal2"
-0.728195399010628,-0.230350009026068,"bimodal2"
-2.37802975139028,0.405281337623713,"bimodal2"
-2.20336268620976,1.11825184870341,"bimodal2"
-0.797815649036233,-0.531190890794045,"bimodal2"
0.421163786276803,-1.12225428020612,"bimodal2"
-1.4515047448395,-1.96464497451031,"bimodal2"
0.959560739493473,-1.11885879754524,"bimodal2"
-0.463901433105643,-2.82932091085718,"bimodal2"
-1.94152557537684,2.69151056003798,"bimodal2"
0.34763652621699,-1.20284213020261,"bimodal2"
-2.35924400164264,0.778716167508009,"bimodal2"
-1.94893785978255,0.847843606521105,"bimodal2"
-2.54810902025024,0.623650771255634,"bimodal2"
0.832869526393198,-0.887673105787734,"bimodal2"
-3.31606658550644,0.357453270744883,"bimodal2"
-2.46211666592446,0.412300116846411,"bimodal2"
-0.959925762452752,-0.73680459698595,"bimodal2"
-1.17519117052828,-0.725248396878393,"bimodal2"
0.235657590072173,-1.08994385340915,"bimodal2"
2.49547870435495,0.228580891876337,"bimodal2"
-0.371581290195631,-0.0500421032318,"bimodal2"
-2.18092741682097,-0.0486530910390603,"bimodal2"
-1.71690131474351,1.65335427609544,"bimodal2"
-1.88283213006029,0.24201710599276,"bimodal2"
-2.37031567577908,0.136586920591111,"bimodal2"
-0.356425140606924,2.434338424055,"bimodal2"
2.18693605720794,0.825678700449033,"bimodal2"
-2.13757401296322,-0.479977151070323,"bimodal2"
-0.508951825320664,2.33239759619846,"bimodal2"
-1.98023762701849,0.188643879390065,"bimodal2"
-0.872820559476991,0.0243667778138307,"bimodal2"
-1.99385359677441,3.05965903052585,"bimodal2"
-2.32015304399363,0.481202072743157,"bimodal2"
-2.00727467230079,2.99322058086189,"bimodal2"
-1.03550819765215,-1.67037919516675,"bimodal2"
-1.49664424772022,0.311691153214514,"bimodal2"
-1.64602029021195,0.00986789001268285,"bimodal2"
-1.98408042319167,0.510723363937145,"bimodal2"
-2.14486863545513,3.1401675813601,"bimodal2"
3.21115603904312,1.18472119556564,"bimodal2"
-0.843515145758799,-0.246044912523009,"bimodal2"
-2.1223414088698,0.300519051411164,"bimodal2"
-1.01933240640534,-0.3749247399524,"bimodal2"
-2.05567638565701,-1.4466593120593,"bimodal2"
1.93189229847143,0.582184009728413,"bimodal2"
-1.13219951285981,-0.114384677965721,"bimodal2"
-1.34131730269943,-0.761065731080592,"bimodal2"
-1.85935200571116,0.768727767857671,"bimodal2"
-2.19068140567865,-0.039268338167913,"bimodal2"
-2.5687191558445,-2.25315930339791,"bimodal2"
-2.43641545250912,-2.45820382876911,"bimodal2"
-2.50127645507485,-2.13666729041176,"bimodal2"
-2.52574710213866,-2.38217892059952,"bimodal2"
-2.52723625304976,-2.29567647517487,"bimodal2"
3.4670603703578,1.13053942251461,"bimodal2"
3.09772187267415,1.16353681490859,"bimodal2"
-1.42783273142123,0.408751365733649,"bimodal2"
-2.09540903958081,3.05711013315455,"bimodal2"
0.939198335158875,2.00857754054958,"bimodal2"
-1.02161117353425,3.7881796844986,"bimodal2"
-2.53920556891274,-2.33203692738596,"bimodal2"
-2.57638232044602,0.852977237298139,"bimodal2"
-2.43247098396453,-1.85511261680319,"bimodal2"
-2.49644386489287,-2.26023414960213,"bimodal2"
-1.31575888823828,-1.70536241119454,"bimodal2"
2.7343188902947,1.03069645007877,"bimodal2"
-1.35920942898511,-0.246473262256054,"bimodal2"
3.11614556266399,0.54977915179286,"bimodal2"
-0.565020625523414,-1.61052833387985,"bimodal2"
-1.70086301078432,-0.110749071057255,"bimodal2"
-1.4236261940257,0.0203728846775643,"bimodal2"
-2.22180487539237,0.221891105922401,"bimodal2"
-2.18714855418397,0.230324247934732,"bimodal2"
-0.449428928876968,-1.94873377594869,"bimodal2"
-1.81062068738121,0.121839454427761,"bimodal2"
-1.96278789850006,2.93361752137036,"bimodal2"
-1.24772029143601,0.250806761772768,"bimodal2"
-1.455470093469,-0.0537999914760038,"bimodal2"
3.04437804742115,1.09308711069477,"bimodal2"
-1.06200201436722,-2.20086530788594,"bimodal2"
2.95998859453582,1.13647043298943,"bimodal2"
-1.26909922265522,-0.164056834426786,"bimodal2"
-1.1003293218261,-0.525071414705015,"bimodal2"
-2.55615108663832,0.342430222634657,"bimodal2"
2.94534887620543,1.09947294257737,"bimodal2"
-1.60341552633282,-0.239510621038349,"bimodal2"
-2.03743181528774,2.94168055925727,"bimodal2"
2.98369153424629,1.14840192035177,"bimodal2"
3.72508184597512,1.15643470942537,"bimodal2"
-1.5176632741837,-0.878784755091079,"bimodal2"
-1.56551593740804,0.505974050788358,"bimodal2"
-0.646056717432899,-2.71893703588855,"bimodal2"
-2.30989111479545,0.24497924241321,"bimodal2"
-1.74952759797015,-0.652386109192828,"bimodal2"
-1.91445047495166,0.292681326064489,"bimodal2"
2.91263923828256,1.07113807151399,"bimodal2"
2.69416146420562,1.16335211942381,"bimodal2"
-1.18188420870624,-2.08540746129952,"bimodal2"
1.41426145876764,-1.37291591328919,"bimodal2"
1.43143346014461,-1.20459651953059,"bimodal2"
-2.64841847226314,1.40595027380852,"bimodal2"
1.59694491060892,-1.28517406838996,"bimodal2"
-2.64980916686407,2.25588410318672,"bimodal2"
-0.984964607016926,1.19217467955763,"bimodal2"
-0.840325590819959,-0.0857529503672634,"bimodal2"
-2.55128266739704,1.29268239380353,"bimodal2"
-1.75501737900761,-3.1265672508787,"bimodal2"
-0.437857266962584,-1.10680241969474,"bimodal2"
-1.05614733717675,-1.50207500846345,"bimodal2"
-2.38633099784636,0.339196369425401,"bimodal2"
-1.90427364784283,0.179627538156881,"bimodal2"
3.02179763606243,1.20169822448235,"bimodal2"
-1.68669317753382,-1.02607906123168,"bimodal2"
2.83218858755164,1.13943365614923,"bimodal2"
-0.359601442599946,1.05446748843421,"bimodal2"
-2.62287640131214,1.10272676406262,"bimodal2"
-0.924444542356958,-0.297423142468525,"bimodal2"
-2.4919119782966,1.10202199662352,"bimodal2"
-1.56856505180508,2.27620840042742,"bimodal1"
-1.22233830211822,0.99926696953197,"bimodal2"
2.86882354311054,0.948839753342045,"bimodal2"
-1.30410334474579,1.48173707270106,"bimodal2"
3.22312066741749,0.297632550672725,"bimodal2"
-1.47715412419387,0.315905314136109,"bimodal2"
-2.66342149441107,0.489723233227482,"bimodal1"
3.52528349582458,1.27371117312114,"bimodal1"
-1.45240161200585,0.450056254724201,"bimodal1"
-2.30039261695145,0.345926524799625,"bimodal1"
-1.02311265968271,-0.24885889258467,"bimodal1"
-1.67622250124253,-1.08191805121214,"bimodal1"
-2.1369103720654,-1.89527852237442,"bimodal1"
-1.8311507627226,-0.677079376310809,"bimodal1"
-2.1626267384798,3.15374307072186,"bimodal1"
-1.66425028767568,-0.631892189780655,"bimodal1"
-1.4065575051591,0.135810132316099,"bimodal1"
-1.34254215913244,0.148101989989138,"bimodal1"
-1.02034398170642,0.0231488577497413,"bimodal1"
-1.06701353480405,0.0686631983802664,"bimodal1"
2.65395085543649,0.815382179643641,"bimodal1"
-1.93188392615585,-3.01761368962663,"bimodal1"
1.82912366707774,-1.88071077145006,"bimodal1"
-1.25697915625672,0.068995930422596,"bimodal1"
-1.23375281987029,-1.50906343876504,"bimodal1"
3.67764606990221,0.615739118736505,"bimodal2"
-0.967640416466526,-0.532592737101173,"bimodal2"
-0.19514746066833,-0.32462518101799,"bimodal2"
0.951386653866045,-0.974778079610101,"bimodal2"
-2.22580404091827,-1.99964059465862,"bimodal2"
-1.47138337974206,1.6908313260507,"bimodal2"
-1.26103879835012,1.9435515478333,"bimodal2"
0.746576294369354,-0.992685517641889,"bimodal2"
2.84466109436039,0.952971554313348,"bimodal2"
-1.43772962720473,1.94665265829895,"bimodal2"
-1.37686500838356,-0.288763958487583,"bimodal2"
1.07568798024741,-0.954421674035685,"bimodal2"
0.710880588318872,-2.90671483871575,"bimodal2"
-1.25552075213046,-1.63818795705553,"bimodal2"
-3.55993039232898,0.133246342532396,"bimodal1"
3.08751118288722,0.861956920247712,"bimodal2"
-1.37999072458191,-1.92486444105529,"bimodal2"
-2.09408963966959,-2.44191602190116,"bimodal2"
0.946532055902157,-1.116259417681,"bimodal2"
2.69378514434292,0.950321987457938,"bimodal2"
-1.97858799368884,2.74576939667529,"bimodal2"
-1.51400823321889,1.9290574067138,"bimodal2"
1.1554968029392,2.20435529492965,"bimodal2"
1.36137508556631,-1.79302915408058,"bimodal2"
-1.69309985635279,-3.16059101996961,"bimodal2"
2.68966857424453,0.898131670009943,"bimodal2"
0.785515405824634,-2.60029959126152,"bimodal2"
1.00471650517192,-2.07218143304588,"bimodal2"
1.31046942357257,-1.21748188384531,"bimodal2"
2.54759440721129,-0.494467456621039,"bimodal2"
1.41218258123111,-1.80896370288617,"bimodal2"
-1.24907803828886,-0.644543960269231,"bimodal2"
0.96210852737285,-1.026686135371,"bimodal2"
1.3810594075951,-1.24233763389532,"bimodal2"
2.27277160619011,0.187670478308559,"bimodal2"
-0.35944347464877,-2.72027093367369,"bimodal2"
-1.06231359296816,-2.691017496904,"bimodal2"
0.85773005234568,-1.19433121162362,"bimodal2"
-1.10438283378825,-2.73934043292342,"bimodal2"
-1.13258244553696,-2.66272594276369,"bimodal2"
-1.06046566353639,-2.85823568183878,"bimodal2"
0.392065993322568,2.07326657869993,"bimodal2"
3.44621807775646,0.344628341125641,"bimodal1"
1.20194901951344,1.39645631701353,"bimodal2"
-0.598959908440042,-2.82097436266587,"bimodal1"
-0.51836643190604,-2.63793274810436,"bimodal1"
1.34602440056321,-1.46960279839545,"bimodal1"
3.31712836766194,1.49233501743592,"bimodal1"
1.81302984327815,0.333916971060458,"bimodal1"
1.6978979064249,1.10512042363315,"bimodal2"
-2.55813011334233,-3.09720991022873,"bimodal1"
1.81222098039004,1.38546012280494,"bimodal2"
3.75811680478973,1.12893658294214,"bimodal2"
-0.623117099079881,-2.86508877527988,"bimodal1"
-1.70045896189105,-1.19394908626855,"bimodal1"
-1.00666641281309,-2.65361287155997,"bimodal2"
-1.23731487602195,-2.87441292159975,"bimodal2"
-1.18190348834665,-2.8872796389444,"bimodal2"
1.0980473823767,-2.26059613119759,"bimodal1"
3.29586058616488,0.266984270721504,"bimodal2"
-3.53349648915971,-0.105973007089366,"bimodal1"
-1.20170968186982,-2.66111677877744,"bimodal2"
-3.06905669720873,0.724754499346609,"bimodal1"
-0.977694062274609,-2.79074754910717,"bimodal2"
-3.12693093133443,-0.570758684280969,"bimodal2"
0.453456711091848,1.35689392912639,"bimodal2"
-0.0763320508857512,0.765027400384358,"bimodal2"
0.590988152312898,1.53714794678235,"bimodal2"
-1.10465043333343,-2.69524100635736,"bimodal2"
1.4758300115663,1.09250865733911,"bimodal2"
-1.37573836438472,-2.60496391166709,"bimodal1"
-1.09317987183966,-2.65786417884486,"bimodal2"
3.28787831743495,0.398272313927649,"bimodal2"
1.29017732082422,1.42358115419339,"bimodal2"
0.356465163083596,-2.71536669754892,"bimodal1"
-1.01998234020786,-2.5661738562214,"bimodal2"
-0.627560180457114,-2.41265809042778,"bimodal2"
-2.33429070171654,-2.32657875173415,"bimodal1"
-2.34788961765487,2.23993768050926,"bimodal2"
0.558589820422998,1.65268010379786,"bimodal2"
1.25159677452388,1.34706092603838,"bimodal2"
2.01840743854658,0.727073570380803,"bimodal2"
2.43356118374552,0.196332339850455,"bimodal2"
-0.935138031957972,-2.56534127231367,"bimodal2"
1.43519036860068,1.21562677579275,"bimodal2"
3.71891865601989,1.09723393757421,"bimodal2"
1.56526664688508,-1.85810064943723,"bimodal1"
0.902565711675698,1.51441868077156,"bimodal2"
0.0136927099260225,1.6667932996361,"bimodal1"
0.976335816080079,1.01105890520961,"bimodal2"
1.3302756120028,1.18860031912615,"bimodal2"
-1.74796763108888,1.45005787055384,"bimodal1"
1.0092074127981,1.40670720339256,"bimodal2"
1.34324087709412,1.26213430533701,"bimodal2"
-0.351749427547284,2.15423226112813,"bimodal1"
0.733033951638686,1.68919678285617,"bimodal2"
-0.832685700025617,1.2587907630185,"bimodal1"
1.33294759521878,1.21638196270592,"bimodal2"
0.874375809533793,1.13085077850802,"bimodal2"
0.706870245010645,1.61695164799642,"bimodal2"
0.969342556064508,1.49230009324191,"bimodal2"
1.14132515642133,1.5480828092681,"bimodal2"
2.8996466295754,1.38381901061076,"bimodal1"
0.528709445262518,2.55136141436448,"bimodal1"
0.478775123303017,-0.667272536541808,"bimodal1"
0.0193494652792836,1.10349498634326,"bimodal1"
1.20951045036462,1.58619869251856,"bimodal2"
1.3206550137961,1.27504698179288,"bimodal2"
1.42764846261951,1.51996413549168,"bimodal2"
-1.76092409278656,-2.04882879933033,"bimodal1"
2.73672206421211,1.26153872251064,"bimodal1"
2.45111512082384,1.59500048364259,"bimodal1"
-1.05674278646415,-3.22326814976656,"bimodal1"
-1.1986836941894,-3.28999489291475,"bimodal1"
-2.26218356580491,0.91962812528017,"bimodal1"
-1.82260281339185,-3.03329652211416,"bimodal1"
-2.00185139112357,-2.35434677265854,"bimodal1"
0.46621305136591,-0.530731438907995,"bimodal2"
1.43896451810817,0.342135498394915,"bimodal2"
1.53882667010734,-0.459371530984089,"bimodal2"
-1.74087911790402,2.845344336321,"bimodal1"
-0.441017784700993,-2.11200535676706,"bimodal2"
-1.25083069358289,-2.62273183386664,"bimodal2"
-3.08207852990559,0.59074323130215,"bimodal2"
-3.49943812030167,-0.0859392004550459,"bimodal2"
2.27670320870897,-0.835155011616439,"bimodal2"
-1.80412950761755,1.37836859616757,"bimodal2"
-0.114389695371629,-0.513666401416808,"bimodal2"
-0.71214635245372,-1.11321558881883,"bimodal2"
-0.24601364396074,1.97888922673422,"bimodal2"
0.322556214946723,0.604583957080833,"bimodal2"
0.507632811245171,-0.248330069359579,"bimodal2"
0.0849042458370863,-0.550293414274439,"bimodal2"
-0.619080588547769,-2.41313775549225,"bimodal2"
3.33841242235448,0.692593480544928,"bimodal2"
-3.19389891404016,0.84784994518159,"bimodal2"
0.312435453266008,0.264007038517181,"bimodal2"
3.43330532303267,0.503393366243412,"bimodal2"
1.35306782318728,-1.55611479900524,"bimodal2"
-0.00414155265243421,3.2559640023609,"bimodal2"
0.858349314261506,-1.28510383534175,"bimodal2"
-0.614954332188282,-0.166093678251446,"bimodal2"
-1.54088772083529,-2.0430382028512,"bimodal2"
-1.40590204696181,-1.18351806718772,"bimodal2"
0.977805058894303,2.11783456228783,"bimodal2"
-0.985114231266895,-1.92599454266841,"bimodal2"
-0.148232922848403,0.226004550096133,"bimodal2"
-2.20931821147105,1.06124885151566,"bimodal2"
-2.19225566423255,-3.0155608476194,"bimodal2"
-2.22457595478083,1.00207784985819,"bimodal2"
-1.13537262187434,-1.58416495583305,"bimodal2"
0.937567269495789,2.19496612563797,"bimodal2"
3.52775478981063,1.34132660064522,"bimodal2"
2.09219842609577,-0.315704609392271,"bimodal2"
2.40573463601249,-0.0141800019873478,"bimodal2"
0.827075376153243,-2.78455599443223,"bimodal2"
-0.523915819844296,-1.77578696467644,"bimodal2"
-0.434662974210191,-1.05043149425353,"bimodal2"
-0.588664463891174,-2.13874416170057,"bimodal2"
0.762368120310186,-1.2783964245707,"bimodal2"
2.31128648758804,1.68352667258911,"bimodal2"
3.48328264206899,1.53272091055478,"bimodal2"
-0.275793633544309,-0.953658490143742,"bimodal2"
0.44631794646767,1.42650925595119,"bimodal2"
-0.325391602019456,-1.06692777255889,"bimodal2"
-1.93079169187533,1.73879286349479,"bimodal2"
-0.689898367849239,2.78495193416609,"bimodal2"
-1.37530284054609,1.92148328367361,"bimodal2"
-0.659977242314664,-1.80218150730961,"bimodal2"
-1.70534516096325,-2.99667074781449,"bimodal2"
3.3084749610582,0.642975609963067,"bimodal2"
1.97275805604562,-1.13426167633328,"bimodal2"
-1.64311778457989,-3.11090831004103,"bimodal2"
-0.00350002207649069,-0.220396495627066,"bimodal2"
0.966649348457076,2.04728797301099,"bimodal2"
-1.69427636535607,-1.37657600208448,"bimodal2"
1.88286666754186,-0.55360620737317,"bimodal2"
1.56851962164372,-0.183798776210317,"bimodal2"
-1.35995705213544,1.79941448328858,"bimodal2"
-1.53199650787487,2.51946036592068,"bimodal2"
-1.07542082314735,-1.70491848854317,"bimodal2"
-0.0523593950556704,1.79385095057577,"bimodal2"
0.0940527987188855,0.599551514514325,"bimodal2"
0.33527517163103,-0.505192449259978,"bimodal2"
0.490670716309256,0.49610720855886,"bimodal2"
-0.400183616110007,-1.48896431646078,"bimodal2"
-0.586220039397379,-1.76263245625798,"bimodal2"
-0.995500830162763,0.570467897884518,"bimodal2"
-0.464492655389676,-2.06581343590969,"bimodal2"
0.911395374204865,0.616927840744705,"bimodal2"
-0.586572555095973,1.45062560428758,"bimodal2"
-0.230641147535189,0.136581512628379,"bimodal2"
1.77841236558852,2.17293694679072,"bimodal2"
1.6451790665281,1.15447806631107,"bimodal2"
-1.56215485387452,-3.00241844089353,"bimodal2"
0.358652327936436,1.62740999701163,"bimodal2"
0.0554241192647247,1.57946161737899,"bimodal2"
2.22197658159684,0.659582380717539,"bimodal2"
1.93253271186114,-0.460836625354818,"bimodal2"
0.0174410819907334,-0.97511030424562,"bimodal2"
-2.76631962768998,2.08235706817257,"bimodal2"
-1.4818428780323,-3.14409343532673,"bimodal2"
1.36970547353082,0.0769446046641431,"bimodal2"
1.34392615735193,2.15224025896343,"bimodal2"
2.34758791726344,0.897338456253501,"bimodal2"
-1.8203405331052,1.47699052466859,"bimodal2"
-1.88462870376708,1.2711212648895,"bimodal2"
0.488383970956801,-0.582830976647985,"bimodal2"
-0.0375648847491794,0.317078802981225,"bimodal2"
-1.93866206024071,1.24475802821744,"bimodal2"
0.939797428973099,-1.07622269576331,"bimodal2"
0.790072059954159,-0.176609062651274,"bimodal2"
0.216943937932966,0.1883421922601,"bimodal2"
-1.85352445064897,2.59663843074031,"bimodal2"
3.35407513762075,1.52121308802047,"bimodal2"
-1.55167323943333,2.27176508141919,"bimodal2"
3.40713102591,0.698774050788248,"bimodal2"
-2.09921799758515,0.958575726416144,"bimodal2"
0.574018121481651,1.20219522708397,"bimodal2"
-0.176527301981074,0.768398659577869,"bimodal2"
-0.841143038886693,-1.27301132018048,"bimodal2"
-0.210418752645435,-0.827462427036512,"bimodal2"
-0.250886878562461,2.16907496149506,"bimodal2"
1.44679798547497,0.0478664238952198,"bimodal2"
-1.04540138925806,-0.859354912084898,"bimodal2"
1.3653354306881,-0.714539849203589,"bimodal2"
0.420640261279772,1.88742933593728,"bimodal2"
0.182095332055417,1.94367367317853,"bimodal2"
1.17486721725981,0.232619693704443,"bimodal2"
-0.447783204640528,0.79536263301073,"bimodal2"
0.0934383893130653,0.0681361501671915,"bimodal2"
1.32714398553155,0.442144635372766,"bimodal2"
0.0565091547804368,1.72931804214356,"bimodal2"
0.814797519520929,2.15803783799271,"bimodal2"
2.84700981543128,0.4526195940346,"bimodal2"
1.58741187870494,-0.185070071173985,"bimodal2"
-0.416752661160267,-1.94445527952671,"bimodal2"
-0.886734776470816,1.19811113619542,"bimodal1"
-2.01472672795865,-2.65000562176325,"bimodal1"
-0.942203281149333,1.31945284216425,"bimodal1"
0.911471721787148,0.694257144467541,"bimodal1"
0.96971515457593,0.19279636377751,"bimodal1"
-1.00274764132191,1.41143462857358,"bimodal1"
0.519645000971496,-0.280253261727877,"bimodal1"
-0.77817821339329,1.25143235820887,"bimodal1"
-1.40729712583326,3.13191751950734,"bimodal1"
-0.687984565348358,-0.818099261118875,"bimodal1"
-1.96902792890403,1.46585249192017,"bimodal1"
0.0281493350969702,1.85708391588538,"bimodal1"
0.193324133708911,1.71805108176145,"bimodal1"
0.329831665706326,2.23731006424781,"bimodal1"
1.93687742122988,1.9663362368368,"bimodal1"
-0.239610534597175,-1.1308420745667,"bimodal1"
0.91862495012025,0.603441939582235,"bimodal1"
-0.99994790700886,1.32123355547524,"bimodal1"
-1.19805408507051,1.76775759332069,"bimodal1"
0.0869184500473954,1.93739243499618,"bimodal1"
1.47117571873637,-0.300332440725654,"bimodal1"
0.173408474644406,1.90703196482593,"bimodal1"
0.587107843205424,0.825408330493719,"bimodal1"
-0.903881405511408,-1.33770937590759,"bimodal1"
-0.380542080980957,0.242982278872471,"bimodal1"
-1.04953017128326,-1.43130932357631,"bimodal1"
-1.1151103296224,1.21329955920472,"bimodal1"
2.93648989911946,1.63450462334811,"bimodal1"
2.0784857044323,2.15585894856335,"bimodal1"
-1.30074114743936,1.26921054785829,"bimodal1"
1.99179934521173,-0.0798725727152491,"bimodal1"
2.83899334263264,1.73613050755537,"bimodal1"
-1.86747904666893,0.515386734176329,"bimodal1"
1.66211814586954,1.42643506292349,"bimodal1"
0.357085734708671,-0.182468978654145,"bimodal1"
-1.64239608038377,1.78599421246841,"bimodal1"
-0.643009265997899,-0.283212790350979,"bimodal1"
-1.70335388373225,-0.954194451036557,"bimodal1"
3.44356641621696,1.12679285161547,"bimodal1"
2.50756082847321,1.76823171159983,"bimodal1"
-2.37739127990288,-2.95303142844328,"bimodal1"
-0.919422240775881,-2.32972353251524,"bimodal1"
-0.439620550328477,2.26942982875313,"bimodal1"
-1.26712601592947,-2.46291408528953,"bimodal1"
-2.28558724176692,-2.93820038658945,"bimodal2"
-2.31865235790544,-2.15340213317692,"bimodal2"
-1.18050242472755,-2.47923769381616,"bimodal2"
-2.36362744689715,-2.7227633810572,"bimodal2"
-0.572732959968923,1.7288606233131,"bimodal2"
-0.0422238943129227,2.11659393853776,"bimodal2"
0.984837056669804,-0.00981820559064195,"bimodal2"
1.80704390450118,0.145809993606859,"bimodal2"
3.13648639495041,1.30160791556297,"bimodal2"
1.1353868260484,0.547502615774279,"bimodal2"
1.97447634332926,0.306831937760786,"bimodal2"
-0.659598562465432,-0.59619587094709,"bimodal2"
-0.201592625589667,0.310848980442939,"bimodal2"
0.473466749185723,-0.321219315961208,"bimodal2"
-1.21780662569187,-1.95565366894009,"bimodal2"
-1.88894276555964,1.11006493346991,"bimodal2"
1.26282380523136,0.692344744322947,"bimodal2"
1.9199256491429,1.88368116489683,"bimodal2"
-3.36256375433215,0.835185814464534,"bimodal2"
3.28136897713914,1.44920516317229,"bimodal2"
-1.48646348392598,2.34099199910384,"bimodal2"
0.504357499196731,1.98332797835887,"bimodal2"
-1.0536562324509,-2.10546528642019,"bimodal2"
-1.51863306953187,-2.92842843089958,"bimodal2"
-1.55733224938164,2.56228706446516,"bimodal2"
-0.419773419426574,2.17818833403072,"bimodal2"
-1.00497332183937,1.24196848133597,"bimodal2"
1.55552932121673,0.300070060225553,"bimodal2"
-0.374901564605752,-1.03802828244732,"bimodal2"
-0.456800632968149,1.38178943219645,"bimodal2"
2.1604842069308,1.79913414918132,"bimodal2"
0.544640624564311,0.945204140941837,"bimodal2"
-2.13327107452202,3.0335841314698,"bimodal1"
-1.57210622215343,2.34503034948191,"bimodal2"
2.65769495065188,0.982175195834555,"bimodal2"
0.0595163292981848,-0.187002366894337,"bimodal2"
1.80818167771464,1.88452109532736,"bimodal1"
-2.55303208107782,-3.12320043648029,"bimodal2"
-2.36108768826676,-3.02452935825728,"bimodal1"
-1.87703054177703,-1.68696500589765,"bimodal1"
-1.72541142115244,2.5934844984274,"bimodal1"
-0.0804525069839639,1.62828505909058,"bimodal1"
-1.91489908000283,-1.68157485287263,"bimodal1"
1.77546033607955,-0.0181529537738335,"bimodal1"
-0.685980503088258,1.48384488154082,"bimodal1"
-0.241325740959047,1.95170629443707,"bimodal1"
-0.654031543227271,0.154819089077476,"bimodal1"
2.16896231009299,0.0980331448695131,"bimodal1"
1.69627240615696,1.82869002970248,"bimodal1"
-2.10012646504404,0.352405993782286,"bimodal1"
2.53188780062145,0.431411523791602,"bimodal1"
3.2782656866273,0.81396739634681,"bimodal1"
-1.22041454657973,1.62921598038279,"bimodal1"
3.19238799048043,0.790970393857569,"bimodal1"
-1.04151881954396,1.04157924523189,"bimodal1"
0.261064839232563,2.6528081843585,"bimodal1"
1.86331564764992,1.97211909437921,"bimodal2"
-0.527223384605376,-2.573111925743,"bimodal2"
-0.037319098523436,-1.03971713092015,"bimodal2"
0.850223846551829,0.650380501888751,"bimodal2"
2.69377230902212,1.35621769984288,"bimodal2"
-1.77408060059044,2.78551145577315,"bimodal2"
-2.07467982328318,1.18446006546661,"bimodal2"
-0.356357318077114,0.713108478057058,"bimodal2"
0.262882717466157,1.20012622025742,"bimodal2"
-0.47235164766962,-2.62994088763327,"bimodal2"
3.36851843471547,1.60284645092469,"bimodal2"
-0.363416210994756,2.28931760092145,"bimodal2"
-3.31640072983031,1.24909077017622,"bimodal2"
1.83805100257998,0.184278302367778,"bimodal2"
0.146824540912161,0.204591849049601,"bimodal2"
-0.371592964146337,1.04514885989287,"bimodal2"
-0.416248901196853,-0.0798508853365818,"bimodal2"
-0.98233493657046,-0.856950167694833,"bimodal2"
-1.07316646742784,0.865858340410038,"bimodal2"
-0.856727884336412,-1.53752314974806,"bimodal2"
2.07332299281224,1.74020309023758,"bimodal1"
2.15244107187554,0.337301230362859,"bimodal1"
0.280464330895618,0.151996968681258,"bimodal1"
3.38870449436969,1.5143039190214,"bimodal1"
-2.64918208846852,-3.22707874057099,"bimodal2"
-2.63676869961423,-3.16632855315138,"bimodal1"
-2.64373596626645,-3.15483643094587,"bimodal1"
-2.60130374158256,-3.07877585132001,"bimodal1"
-0.58865503593851,2.7073071318635,"bimodal1"
1.02587847810931,0.712804960565876,"bimodal1"
-0.522570156211379,2.0684020049844,"bimodal1"
-2.00419227231387,2.89533291353391,"bimodal1"
2.31899392220814,-0.259416767184321,"bimodal1"
-2.1659570564964,-2.8641867700858,"bimodal1"
-1.49407384580044,2.22341435837381,"bimodal1"
-1.92867425642233,-2.36680418847614,"bimodal1"
1.53566317146756,1.71582311236617,"bimodal1"
-0.703597500327177,-1.8029226819076,"bimodal1"
0.679463023771665,0.375797180529357,"bimodal1"
-1.11675153828961,0.714068598945001,"bimodal1"
-0.704838735035853,-1.94166218044345,"bimodal1"
-1.14662645451715,-1.74961881441624,"bimodal1"
3.12959072189975,0.747585540411767,"bimodal1"
2.30051283808867,1.92132354189999,"bimodal1"
-1.45770107403027,2.15575586393054,"bimodal1"
-1.71210423441149,-2.49399402158232,"bimodal1"
-1.04312580043208,1.23573490602312,"bimodal1"
2.37818302636055,1.73844996707091,"bimodal1"
1.66213966067758,2.22916420726997,"bimodal1"
-2.07899146250835,-2.95116430248945,"bimodal1"
-0.619583253610604,-1.31838928673495,"bimodal1"
-1.10413781434637,-2.2020676616828,"bimodal1"
2.15595098312789,1.61910864336561,"bimodal1"
-1.19427125754077,1.12136778085471,"bimodal1"
-1.998457366024,2.34213210502928,"bimodal1"
-2.2786385464731,-3.12267109556282,"bimodal1"
-0.364728850883278,-0.158771349599927,"bimodal1"
2.83281082091623,1.56202722031586,"bimodal1"
0.0596324893489253,-0.162395695660061,"bimodal1"
-0.366499546712419,-2.05433438329818,"bimodal1"
3.46284180623446,0.80412562492769,"bimodal2"
0.0405433922569676,0.268451839004742,"bimodal2"
-1.18198297327761,-1.58938115959718,"bimodal2"
1.26080384474688,0.157521446829154,"bimodal2"
-1.01091723122252,2.1072624962663,"bimodal2"
-0.403448606922887,0.630385046190349,"bimodal2"
1.21677034858647,0.857939223416653,"bimodal2"
1.25211468598611,-0.252166670331934,"bimodal2"
-1.15117431979838,-1.99713701702971,"bimodal2"
1.10738535646851,-0.437682795602263,"bimodal2"
-1.8922058628545,1.18392189016447,"bimodal2"
-1.71459601856921,-2.72518902623632,"bimodal2"
-1.9025701851336,1.60283352213209,"bimodal2"
1.71346018775004,-0.536188281335254,"bimodal2"
-0.815591478032644,1.91434772799074,"bimodal2"
2.33905448027315,1.66539926512048,"bimodal2"
0.582048868981096,0.514506819166525,"bimodal2"
-1.12882728993619,-1.41517090924272,"bimodal2"
-0.419323324999003,2.49316049459447,"bimodal2"
-1.45198801797632,1.32643572133962,"bimodal2"
-0.847178835673115,0.614066776413493,"bimodal1"
-0.796487343841182,-1.63958426262779,"bimodal1"
-0.5932113431125,2.7667637182128,"bimodal1"
-1.79224334301836,-1.40207336807333,"bimodal1"
2.07601025461467,1.47762597247725,"bimodal1"
1.41865080969598,-1.34708260875529,"bimodal1"
-0.526970248896911,-0.00499954882810361,"bimodal1"
-0.936686461644474,3.87472092791772,"bimodal1"
-1.96483549631655,-2.63301407168717,"bimodal1"
0.178335689030078,1.56024479138397,"bimodal1"
-3.49930832070092,-0.321011887783,"bimodal1"
2.67749593613103,1.83241019392846,"bimodal1"
-0.837164801811463,0.799086846010148,"bimodal1"
0.414519176645368,0.224226555357851,"bimodal1"
-1.6256316651436,2.20126660509939,"bimodal1"
-0.648295437912871,0.712983246543044,"bimodal1"
-1.64058796678869,-0.759062901807489,"bimodal1"
-2.00489019482557,-2.94288238391518,"bimodal1"
-0.850336121029312,1.44828006955619,"bimodal1"
-1.02748026280299,-1.2499246991746,"bimodal1"
2.20656843356982,1.79255799442021,"bimodal1"
-0.00432536693295504,-1.0830198772831,"bimodal1"
1.16678733701425,0.434638841548936,"bimodal2"
1.40441903240197,0.890577781277595,"bimodal2"
-1.49648225508081,2.4285624197208,"bimodal1"
-1.95116358057512,2.73982320102557,"bimodal2"
-0.282321572580708,3.20345408107024,"bimodal2"
1.0701070951483,0.898282848564709,"bimodal2"
-0.104364248166167,3.09309986390629,"bimodal2"
-1.60542608388462,-2.8353557926543,"bimodal2"
0.0768495115524057,0.338296850235527,"bimodal2"
-3.15728070672605,1.29407039395919,"bimodal2"
3.4138969183222,1.38744946620962,"bimodal2"
1.29536440291576,0.108913682319083,"bimodal2"
3.03230491044706,1.42195506202085,"bimodal2"
1.27636909050131,0.46720066274321,"bimodal2"
2.41059459482975,1.13399252826867,"bimodal2"
-1.19137249120979,1.5806695551661,"bimodal2"
0.512769879902612,2.21565498243156,"bimodal2"
1.05982534555242,1.79930021265968,"bimodal2"
-1.68907301649696,2.47253946725328,"bimodal2"
-0.719397892398563,-1.61088126687142,"bimodal2"
-0.0677533007813746,2.27279755774627,"bimodal2"
0.70875776213925,-0.747701049967108,"bimodal2"
1.25493583458727,-0.473273697092492,"bimodal2"
-0.264644159130821,-0.0797575676702289,"bimodal2"
-0.588021869894829,3.46591863719465,"bimodal2"
-0.113102637877402,1.24227513586666,"bimodal2"
-0.816917786026628,-2.81818837817516,"bimodal2"
2.47024974837418,1.33170693753787,"bimodal2"
1.44419497977957,-1.55345335666505,"bimodal2"
-3.30079846690415,2.68853279120253,"bimodal2"
2.54485250602629,-0.888351114529408,"bimodal2"
-3.1424178856323,2.226031714234,"bimodal2"
0.750833314357449,-1.16965848462737,"bimodal2"
3.0498037778639,0.16473467431031,"bimodal2"
0.425566539922765,2.1634638683564,"bimodal2"
0.977844425843197,-0.0507744713496127,"bimodal2"
-1.73477920484165,1.6982983790526,"bimodal2"
0.128797468158998,2.07206190950938,"bimodal2"
-0.0811547565971102,1.03774380345888,"bimodal2"
-3.33455304612156,2.73320404579825,"bimodal2"
-3.32965095576682,0.59080848066192,"bimodal2"
-1.03273420913423,0.7118766675688,"bimodal2"
2.13082492075525,1.75519982841115,"bimodal1"
-2.67592338548813,3.1216973063664,"bimodal2"
-2.25908620923684,-2.99732299597195,"bimodal1"
1.96538680897884,-0.339406267040992,"bimodal1"
-0.706525961764174,-1.42490765586467,"bimodal1"
-0.422487126767859,1.84710275052326,"bimodal1"
-0.190418600174129,2.08274032294638,"bimodal1"
2.37488288956152,1.55682234153081,"bimodal1"
3.47804517953397,0.934193435518942,"bimodal1"
1.28564271047042,-1.6041566027779,"bimodal1"
-2.30132457256332,-3.0075728303918,"bimodal1"
2.12398069328535,-0.368566152628405,"bimodal1"
2.70256493582725,0.900531386464214,"bimodal1"
-2.11857742066568,-2.81554742114322,"bimodal1"
2.85170748021559,1.69508927144602,"bimodal1"
-3.1628507512075,2.23073884957511,"bimodal1"
-0.61649964907104,2.88381979786422,"bimodal1"
1.32950952768338,-0.0746277164120376,"bimodal1"
0.0363831806180335,2.16892280582732,"bimodal1"
-0.264643799449773,2.25371358242036,"bimodal1"
-0.743806781616473,-2.97073024245045,"bimodal1"
-0.3575181002957,1.99233154482472,"bimodal1"
0.00606515372214145,1.59556124531551,"bimodal1"
-0.612104563974941,-2.25644450307695,"bimodal1"
1.04784388814659,-1.85783502660234,"bimodal1"
0.981658444190151,0.579133208533836,"bimodal1"
-1.45935387338098,2.05417546316696,"bimodal2"
3.00692651706569,0.571385922084029,"bimodal1"
-1.97507684412287,2.86007328624288,"bimodal2"
-0.599315480190912,-1.85957590389559,"bimodal1"
3.18703405347362,0.830236235270641,"bimodal2"
1.27155243112561,-1.25251535803157,"bimodal1"
-1.51912159531914,2.10505699371014,"bimodal2"
2.53503955510033,1.56064729229612,"bimodal1"
-1.80372968700202,-2.29136473823423,"bimodal2"
0.396149981356902,0.0628000308396383,"bimodal1"
-0.876137125461116,-0.848772783428326,"bimodal2"
-0.447580625049434,0.19412756871295,"bimodal1"
-1.31468117155762,1.92098813818651,"bimodal2"
1.51304778170034,-0.753976522587625,"bimodal1"
-1.77390043397951,1.99955779526694,"bimodal2"
0.207869185350265,0.0687652740399881,"bimodal1"
-0.853682475918744,-0.933890606426563,"bimodal2"
-1.86369520744867,2.84356167744021,"bimodal1"
-0.858709145340951,-1.22277381742127,"bimodal1"
-0.78324887229499,-0.257572494862662,"bimodal2"
2.60378980963128,1.37322487818089,"bimodal1"
-2.98496581237389,3.01378782925047,"bimodal2"
1.65979732993712,1.86195827926265,"bimodal1"
2.28923040045949,0.320321679805272,"bimodal2"
-1.77069516494317,-2.93029268365252,"bimodal1"
-2.03951534003429,3.02226812222465,"bimodal2"
2.31136101375595,0.156862538267474,"bimodal1"
3.20124075162819,0.747824154655445,"bimodal2"
0.795039706368905,0.0559132233902525,"bimodal1"
3.14647597540068,0.857665386161204,"bimodal2"
3.58708613794102,1.08186733869159,"bimodal1"
-1.87546141292042,1.85764572987412,"bimodal2"
0.432079304586145,-1.3337622972899,"bimodal2"
1.00214933373056,-0.936718268211508,"bimodal2"
-2.03269453678864,2.45978078327747,"bimodal2"
-2.70798984777869,2.30143726327661,"bimodal2"
2.64355583041148,0.474321686991005,"bimodal2"
-0.889137536610903,-1.95131109434143,"bimodal2"
-0.435131256759084,0.520652868873388,"bimodal1"
-0.91174687699036,2.05254824341641,"bimodal1"
-3.59883865829651,-0.135398576320603,"bimodal1"
0.190597564911466,0.952488720089551,"bimodal1"
1.68393555683906,-1.89585754840036,"bimodal1"
0.160005395655274,-1.11233834621503,"bimodal1"
1.90333690158159,2.37586237766019,"bimodal1"
2.46016223012868,1.42798129070802,"bimodal1"
1.56419101542825,-0.355646359094221,"bimodal1"
-1.18980777608696,-3.37736616851021,"bimodal1"
-0.977846715775998,-3.29690856547941,"bimodal1"
2.73801414672554,-0.12071406770089,"bimodal1"
1.21383660399676,0.665119627830763,"bimodal2"
-1.21247196028027,0.591503526268616,"bimodal2"
1.63086242162527,-0.0543561804960629,"bimodal2"
1.76100618177706,0.408765496521485,"bimodal2"
-2.14328786077271,1.7860910410747,"bimodal2"
-3.16488139921866,2.36101769107778,"bimodal1"
-3.22901310817429,1.50444804619961,"bimodal2"
-3.1852136866503,2.36533198972176,"bimodal1"
-1.87665620101266,2.7988642887656,"bimodal2"
-3.02075666728824,2.98972889422844,"bimodal2"
-1.83582139508129,-2.25739139543744,"bimodal2"
0.162589173640645,0.215397006159363,"bimodal2"
0.63038385212817,0.42157857642229,"bimodal2"
0.144329772792275,1.93240384219006,"bimodal2"
3.39372407056399,0.956924139473805,"bimodal2"
-3.24095333791377,2.83421087024533,"bimodal1"
1.48472602029123,1.44838755967803,"bimodal2"
-3.20338270482356,2.5506275788321,"bimodal1"
-1.6361893347664,-2.2700733474239,"bimodal1"
1.86870507226873,0.0649968429080576,"bimodal1"
-1.75231368223698,-1.51468706187991,"bimodal1"
-3.17214703366226,2.90993372385763,"bimodal1"
-0.298780280474569,-1.46295921835769,"bimodal1"
-1.36608290793964,2.11006035061228,"bimodal1"
1.49835612790858,-1.29473362100652,"bimodal1"
2.69334385076088,0.410995207277641,"bimodal1"
0.388230376732834,-0.20812007524733,"bimodal1"
-0.817868989518953,0.886675087077843,"bimodal1"
2.66825192839298,0.481271944904469,"bimodal1"
-0.826599959525959,-1.20123647616057,"bimodal1"
2.31066780404077,0.966313115175306,"bimodal1"
-3.61055042015473,-0.195252597775904,"bimodal1"
2.24860883518494,2.07972556954379,"bimodal1"
1.91847252648925,2.36775051333045,"bimodal1"
2.00170664482815,1.10865856958782,"bimodal1"
0.92383707029483,2.52129000862764,"bimodal1"
2.45545402353211,-0.489813648691938,"bimodal1"
-2.54766941499005,3.1992809974639,"bimodal2"
1.2021043929293,-0.985072008402819,"bimodal1"
1.09444665542871,-1.93423618634127,"bimodal1"
3.62069640551275,0.5562523473469,"bimodal1"
0.114110240243527,-2.16572397402247,"bimodal1"
-2.1648237724859,1.07246895269642,"bimodal1"
-3.5751282013661,-0.130280238610879,"bimodal1"
2.52181955030184,-0.1531874819803,"bimodal1"
2.52279591996788,-0.631066496345313,"bimodal1"
-0.298680855868676,-1.95691918799131,"bimodal1"
1.44958805184281,-0.434556088697999,"bimodal1"
1.41281436636743,-1.68959611157162,"bimodal1"
0.140274883347535,-2.09747537221237,"bimodal1"
0.126161876793525,-2.06105228735322,"bimodal1"
-1.19938794220027,-3.22821057921409,"bimodal1"
-1.94000629979492,-3.01432074918951,"bimodal2"
-0.0311955436593694,1.14575318102324,"bimodal2"
0.909240618259505,-2.45620239313122,"bimodal2"
1.26846792280954,-1.76690652610429,"bimodal2"
0.587756447413347,-3.18929026922582,"bimodal2"
2.64520070749931,-0.673080259910749,"bimodal2"
-3.53928746481305,0.0665773857672418,"bimodal1"
-2.11491998592214,3.04099394434025,"bimodal1"
2.14606653299474,1.85635109357989,"bimodal2"
-0.625813901990802,3.04945689990924,"bimodal2"
-0.000351464036300486,-2.44816225151201,"bimodal2"
2.54038501246735,-0.836243979331443,"bimodal2"
1.19955030941854,-2.01508381476196,"bimodal2"
2.5577564130308,0.214157488284562,"bimodal2"
-0.023979128554477,0.767586604646363,"bimodal2"
2.82126621769195,-0.108812553771992,"bimodal2"
-3.36671851614887,1.28495297622639,"bimodal2"
-2.72204503109234,1.17074660722573,"bimodal2"
-2.80872717521734,1.77487811293689,"bimodal1"
-2.66490087490717,1.69010213730168,"bimodal2"
3.37419465114407,-1.11198738327629,"bimodal1"
-2.60767501891428,1.5644394557395,"bimodal1"
-2.5162319819992,1.38305607016329,"bimodal1"
-2.35565624440362,1.3020712811832,"bimodal1"
-2.81420312990462,1.94454839270886,"bimodal1"
-2.40301376701251,0.256841913895679,"bimodal1"
2.7903741680087,0.981952399313995,"bimodal1"
-2.36273552885219,1.14145312014583,"bimodal1"
-2.00187028820478,-1.76090452599861,"bimodal1"
-3.11505728587558,2.3226049672672,"bimodal1"
-2.50256859379634,0.802990814634372,"bimodal1"
2.70246897144739,-0.741650014812637,"bimodal1"
-2.65963842565198,1.61475067514629,"bimodal1"
-2.93121232068783,1.48628294591227,"bimodal1"
3.40468267589208,0.452363080737512,"bimodal2"
-2.64499445496885,1.74067554086708,"bimodal1"
-0.297218652811821,-0.268696282843601,"bimodal1"
-2.35155329385496,0.303496075800726,"bimodal1"
-3.03722741492791,0.942570196712414,"bimodal1"
-2.59464587947324,1.73970595682724,"bimodal2"
-1.21652138022463,-3.07142476291727,"bimodal1"
-2.70922169227126,1.64083402230529,"bimodal2"
-3.3601005573439,-0.635558367860623,"bimodal2"
-1.76334710071776,-1.0449686851692,"bimodal2"
-0.300345062182438,-2.78173849953696,"bimodal2"
-0.139298302231312,-1.26867939128736,"bimodal2"
-2.63558053516949,1.50856418474546,"bimodal2"
-1.77643087463412,-1.11681905822164,"bimodal2"
-2.27330266576697,0.241486624706777,"bimodal2"
-3.36602377057631,0.369974355767798,"bimodal2"
-2.37951245837786,0.321715805775162,"bimodal2"
2.72545352072622,-0.726357345164168,"bimodal2"
3.70967245373704,1.02297786056528,"bimodal2"
-2.02950135482002,-2.12280601313951,"bimodal2"
-2.50660641118898,1.39971426579773,"bimodal2"
-2.63861508299355,1.64369897065266,"bimodal2"
-2.28380437341079,0.244706713907862,"bimodal2"
-2.49161795531258,1.27108040566703,"bimodal2"
0.826596209959742,-2.06393799726601,"bimodal2"
-2.61824631302374,1.56338224455215,"bimodal2"
0.549602206558284,-1.32880367883527,"bimodal2"
-1.41393204724708,-0.826614654925715,"bimodal2"
-2.73419200263248,1.72774567456756,"bimodal2"
0.692780127538566,0.0150596078794344,"bimodal2"
2.26923385159292,0.716669614188947,"bimodal1"
1.05705476747281,-0.218901701770962,"bimodal1"
-2.43587062846071,0.450258910652472,"bimodal1"
1.40496131462065,-2.46612845145858,"bimodal1"
-2.45506107525069,0.537074794213784,"bimodal1"
-2.39265042105843,1.22409758101283,"bimodal1"
-2.14794532345601,-0.00393040416426904,"bimodal2"
-1.16086840437838,-0.594130265359737,"bimodal1"
-3.34283150575302,1.13710978036708,"bimodal1"
-2.42288405886455,1.37014075701392,"bimodal1"
3.31336086172886,-1.33247427089412,"bimodal1"
-2.67274913004953,1.74210135733871,"bimodal2"
-1.87400887890801,1.05003938016093,"bimodal1"
-2.52878221742833,2.67756397505181,"bimodal1"
0.218428989547642,-2.74701452503626,"bimodal1"
2.82647914745434,1.18678321332666,"bimodal1"
3.27703784204667,-1.34500489589536,"bimodal1"
-2.41219939409215,0.227730349195002,"bimodal1"
-2.03403975454075,0.590852729716704,"bimodal1"
-2.34988491350784,1.32230105824379,"bimodal2"
3.37776435657252,-0.963438807296593,"bimodal1"
-2.08235683955258,0.158822572979271,"bimodal2"
-2.93593264525106,0.930766737020525,"bimodal2"
-2.67605048268471,1.70488478286945,"bimodal2"
0.387430040471892,-0.694382893727775,"bimodal2"
-2.07020253649552,2.49333399275503,"bimodal2"
3.53280922994097,1.54709830496226,"bimodal2"
-0.895920803733518,2.47847208542562,"bimodal2"
0.00209124603810595,1.28003285871285,"bimodal2"
-1.76985169248262,1.06966732865359,"bimodal2"
-3.52853215604784,-0.178633262977747,"bimodal2"
-0.00940968007223408,3.22980196919006,"bimodal2"
-0.795830211759193,-2.42542183457959,"bimodal2"
-1.34594823648784,-0.0330631845579522,"bimodal2"
-0.626032118959938,1.33563574998176,"bimodal2"
0.359670882545347,2.47622332731987,"bimodal2"
0.327588309700164,-0.188664445174626,"bimodal2"
-1.61053495840951,-1.89940999468039,"bimodal2"
2.89957591477358,0.478052728964182,"bimodal2"
-0.988077216707508,1.37789543948189,"bimodal2"
2.58508019810573,0.377302543635821,"bimodal2"
-0.127321449901905,2.65381558424846,"bimodal2"
-3.2195101586157,0.639327895157462,"bimodal2"
-1.19030052503701,1.15054581504013,"bimodal2"
0.715638223739231,-2.99577386786807,"bimodal2"
-0.346662908569271,2.61322586610929,"bimodal2"
-2.4379042958211,2.17648967023152,"bimodal2"
2.15427951226188,0.62653408559422,"bimodal2"
-0.984122920751266,-1.04089368319164,"bimodal2"
-0.131192669459812,3.14762236829144,"bimodal2"
0.842811911934367,-1.01293621763638,"bimodal2"
0.0876362913075339,2.9870148738339,"bimodal2"
-1.66986575362226,2.53265857124881,"bimodal1"
-1.53378829889916,2.5665645465901,"bimodal2"
-0.79261985122106,2.49462712744558,"bimodal2"
1.23110477619188,-2.49172849804279,"bimodal2"
1.36046906563807,-2.3129375536206,"bimodal2"
0.323103481149947,-3.01000903171953,"bimodal2"
1.47959017562977,-2.22459726084217,"bimodal2"
-0.652324684378464,3.57713962553083,"bimodal2"
1.55690724250546,-2.16816967438676,"bimodal2"
1.30345621075822,-2.53053928491259,"bimodal2"
-0.97797928120798,3.91870835706647,"bimodal2"
0.656068730296446,-1.47496179467146,"bimodal2"
2.5971066338807,-2.22371362348343,"bimodal2"
1.24526918596388,-2.68915474234823,"bimodal2"
0.899973918117774,-2.95798221328439,"bimodal2"
1.0437931419946,-2.05940990502828,"bimodal2"
1.06672824883237,-2.9329660750984,"bimodal2"
1.18638459728508,-2.85186485485563,"bimodal2"
1.38766850676793,-2.37524570373203,"bimodal2"
-2.24876154326927,1.46537956559226,"bimodal2"
0.947938671596008,-2.96570978398182,"bimodal2"
1.26526131425991,-2.76579654620565,"bimodal2"
-0.863444285511028,3.58338122025462,"bimodal2"
2.87999758316429,-1.5884567668565,"bimodal1"
-2.93631419979576,2.39796165241345,"bimodal1"
2.82779865838484,-2.04583503087494,"bimodal1"
3.3918634971795,0.712369990854527,"bimodal1"
-2.85359460025436,2.02301950168808,"bimodal1"
2.97153519063775,-1.79200103423479,"bimodal1"
2.62230489673179,-2.39985633534085,"bimodal2"
-0.441515330539543,3.25927770558936,"bimodal2"
-3.08415573766565,2.48338296343118,"bimodal1"
3.41174584888007,-0.768742217588819,"bimodal1"
-0.718176603296879,-0.34582688133857,"bimodal1"
3.0819897305116,-1.50019732396128,"bimodal1"
2.98968213644898,-1.54329707098519,"bimodal1"
0.05262079367588,3.15630140789478,"bimodal1"
-2.83906039221554,1.07545479276468,"bimodal1"
3.70673427949803,0.682506083164572,"bimodal2"
-1.7304217793952,-2.16626559589561,"bimodal1"
2.59589573387075,-1.71509447328319,"bimodal1"
2.94941468969824,-1.80568505556261,"bimodal1"
-3.2296241503869,1.28066448618475,"bimodal2"
-0.415102282162423,-3.46348510981553,"bimodal2"
1.33155199179229,-0.933858683660832,"bimodal2"
-0.0707762732867472,-3.36883786204304,"bimodal2"
-0.436964688829512,-1.49594512929292,"bimodal2"
0.705551027560443,-2.47638637077526,"bimodal2"
0.497300944285,-1.41889279240134,"bimodal2"
2.62910800926787,-2.20593204290453,"bimodal2"
-0.732327110907719,-0.667668394373521,"bimodal2"
1.63527085591195,-0.789190583813895,"bimodal2"
0.0916148015500087,-2.75909542147148,"bimodal2"
-2.59784563270029,1.0171369461075,"bimodal2"
-3.32269473561892,1.09331972409494,"bimodal2"
-0.513886870383944,-3.52885098606589,"bimodal2"
0.830807576938444,-2.5079414628046,"bimodal2"
0.801456184476961,-2.45641942373873,"bimodal2"
1.46805548824085,-0.883062301763036,"bimodal2"
2.14637458279456,-1.54507644060167,"bimodal2"
1.03368673991263,-2.84951764186981,"bimodal2"
2.1456764994774,-1.5812806357022,"bimodal2"
3.11292691161509,-1.75555198275404,"bimodal1"
3.15904603555699,-1.49013790284568,"bimodal1"
2.7307626895155,-1.55369913168452,"bimodal1"
0.130174002724571,3.09853781548668,"bimodal1"
2.9770838275096,-1.93077496669728,"bimodal1"
3.03518685290898,-1.68504194318255,"bimodal1"
3.06266499689556,-1.76739053992079,"bimodal1"
-2.41908948232322,1.30717519492986,"bimodal1"
-0.893905490267169,-2.06573184180957,"bimodal1"
-0.565088011340976,-0.313231910795291,"bimodal1"
2.93550228459276,-1.71388003212107,"bimodal1"
2.72412845927551,-2.25851740675182,"bimodal2"
2.64885033475128,-2.39738253353445,"bimodal2"
-2.88969556833337,1.50545842091147,"bimodal1"
3.1690607524473,-1.13339378735057,"bimodal1"
2.94816615247662,-2.01312754986076,"bimodal1"
2.74096383873323,-2.24753236795618,"bimodal2"
-3.00029568491056,1.43801179164932,"bimodal1"
3.03768628767286,-1.74442340695462,"bimodal1"
2.87279818738192,-1.52188556940372,"bimodal1"
3.09155003926887,-1.54126107841389,"bimodal1"
2.87364461613442,-1.9603097611522,"bimodal1"
2.89446447241385,-2.01473867054282,"bimodal1"
2.60194603088539,-2.40770906252189,"bimodal2"
3.27361047418759,-1.04965997916782,"bimodal1"
2.91407372553079,-2.04477567797163,"bimodal1"
3.09738591370668,-1.69053501545831,"bimodal1"
3.31030811765171,-1.32591081491739,"bimodal1"
3.06101586807352,-1.5888476697081,"bimodal1"
3.06175655190726,-2.02242333141497,"bimodal1"
2.92614367343571,-0.908058698076282,"bimodal1"
-0.0484263715273026,1.60520368424446,"bimodal1"
2.68767691921359,-2.31206081206309,"bimodal2"
2.75334897759082,-1.59032989408112,"bimodal1"
-3.08556895235602,1.35047279811375,"bimodal1"
-0.191080780584321,0.947537242074383,"bimodal1"
2.65330449345544,-2.12841371515098,"bimodal1"
2.66655464729621,-1.21042689762857,"bimodal1"
3.37183683164695,-0.950082077389222,"bimodal1"
-3.06923640421619,0.862256251106377,"bimodal1"
-3.08298533574982,0.958600121725249,"bimodal1"
2.85211964864059,-1.4942685961078,"bimodal1"
0.555303717826951,-3.17628650801212,"bimodal2"
-0.628968423859441,-0.18000591126193,"bimodal2"
-1.16862438963806,-1.48471386543345,"bimodal2"
1.00460943803926,-1.27116074822984,"bimodal2"
0.406304122034105,-0.937073614123882,"bimodal2"
0.761764205973186,-1.25506118462777,"bimodal2"
0.178196024529475,1.8850569135253,"bimodal2"
0.185121309145452,2.9722237775759,"bimodal2"
2.8894766690864,0.890683449100419,"bimodal2"
-0.403016644075447,0.637233768441165,"bimodal2"
0.882996367471979,-1.20478334967446,"bimodal2"
-3.56594665003953,-0.012647279561819,"bimodal1"
-0.592925464166951,1.9209285828156,"bimodal2"
-0.49145794038556,0.929610769704949,"bimodal2"
-0.585673109095865,-2.89040792250825,"bimodal2"
-0.32304500116583,1.0659870711613,"bimodal2"
-2.00368381470158,-2.07351631250681,"bimodal2"
0.668753854194771,-1.08039657307936,"bimodal2"
-0.390976777184971,-0.947327433762358,"bimodal2"
-3.42150615063234,0.138570667454401,"bimodal2"
-2.19854816043396,-2.44451909525645,"bimodal2"
-0.963580432689024,3.93703354000837,"bimodal2"
0.21990984479895,-3.03644093359232,"bimodal2"
-3.36392588246802,0.210178451703748,"bimodal2"
0.0695142625534184,-0.201658644301277,"bimodal2"
0.189370040506047,-2.91600519710377,"bimodal2"
0.239186515641042,-3.23982296558227,"bimodal2"
0.244716359397916,-3.27174079196922,"bimodal2"
0.250835597854192,0.348336157600562,"bimodal2"
-3.10243086121589,0.670982476714908,"bimodal2"
0.141364722979448,-0.251832401606164,"bimodal2"
-3.07737543836991,2.06227294398423,"bimodal2"
0.443341557439001,2.41057552388364,"bimodal2"
0.818877643784536,-0.624724493482461,"bimodal2"
0.696430412993397,-0.711177630362431,"bimodal2"
-0.399451225885273,-2.9897611744479,"bimodal2"
0.428030839967485,1.37847997265565,"bimodal2"
3.54254952750143,1.44550584677603,"bimodal2"
0.474883911499167,-2.41580235038511,"bimodal2"
0.182591526570706,3.14740429098142,"bimodal2"
0.302739719557255,-0.0294728635983166,"bimodal2"
-1.47812302852125,-3.22489192325298,"bimodal2"
-0.876757771609025,3.78199970324316,"bimodal2"
1.52402828813488,-1.65904218594993,"bimodal2"
0.19032145925101,-1.96957134479266,"bimodal2"
0.213655345470243,-3.11401176545236,"bimodal2"
-3.43453477469325,0.319662371312417,"bimodal2"
2.42784977905734,-1.08456652687847,"bimodal2"
0.314596729637681,-0.887617279095516,"bimodal2"
0.473401232228993,0.0642910991684145,"bimodal2"
0.139143885412265,-0.187953649322984,"bimodal2"
-3.5088749500911,0.59343407133597,"bimodal2"
0.192805113324998,-0.95462647371648,"bimodal2"
-0.399524120432777,-3.1891567026644,"bimodal2"
-1.93167657326367,1.56599583069373,"bimodal2"
-0.915433937198952,-1.13083396415107,"bimodal2"
-3.49506223215497,0.231154494823223,"bimodal2"
-3.36527670122787,0.703675997320586,"bimodal2"
2.18323784481279,-1.20151404853387,"bimodal2"
0.00702820689542416,-0.766612303387256,"bimodal2"
0.609747620370597,-2.19265790908581,"bimodal2"
0.732880130849159,-2.09150884020531,"bimodal2"
-0.252972045147535,0.518738385123161,"bimodal2"
0.924828614801231,-0.961899569441614,"bimodal2"
-1.03723265675061,-3.33791959158893,"bimodal2"
0.272663888497612,-3.32083053838722,"bimodal2"
0.92776073131567,-1.32362294747183,"bimodal2"
0.565710032747229,-3.25459111152143,"bimodal2"
-2.00505547899671,-2.02488673281981,"bimodal2"
3.437861241567,0.0727209813378774,"bimodal2"
0.745669013230887,-2.50823560727046,"bimodal2"
1.08994970235063,-0.970297288239861,"bimodal2"
-3.13728684655237,0.563847148843062,"bimodal2"
0.368259685455838,-1.27659474453165,"bimodal2"
-3.18059114744671,2.93124118460468,"bimodal2"
0.521043927085712,-1.57347037722809,"bimodal2"
-0.730998638394591,-3.23777412410324,"bimodal2"
0.457916069438917,-0.00652767137259147,"bimodal2"
0.936894970193797,-1.5251044716536,"bimodal2"
-0.695913881753802,2.63620272809599,"bimodal2"
2.13713538963768,-1.26032156962664,"bimodal2"
-3.07436503819861,1.94942753273695,"bimodal2"
-3.58349815662725,0.482041186606178,"bimodal2"
-2.16838615033892,-2.04955281378506,"bimodal1"
2.09568323965309,1.61339600558314,"bimodal1"
3.08401169418281,1.93270902414734,"bimodal1"
0.415741834627287,-1.53313067929333,"bimodal1"
-0.671553605510127,0.39420793581222,"bimodal1"
-2.39690726300185,2.22472350204661,"bimodal1"
1.4272478665799,-0.242120571902177,"bimodal1"
-3.29335929836336,1.88047045740119,"bimodal1"
-0.690987630993981,-0.761868867451017,"bimodal1"
0.40807626210803,2.47796281505713,"bimodal2"
0.432589659691326,-0.141791928896845,"bimodal2"
-3.47992710680601,0.379477114322005,"bimodal2"
2.52788409856658,1.64408990633701,"bimodal2"
0.660099545111415,0.36505933357955,"bimodal2"
0.0766440326254769,-1.0432654377916,"bimodal2"
-3.30097170455966,0.339007491665735,"bimodal2"
0.801991952370044,-1.58312871466545,"bimodal2"
-1.47683258966872,1.99174818923326,"bimodal2"
2.22032834890663,2.15678304522644,"bimodal1"
2.16172191879327,-0.0104716869033413,"bimodal1"
-3.28891795645199,2.10590704613491,"bimodal1"
-0.624115404874852,0.244075635628827,"bimodal1"
-0.648901510439139,0.0727850114717151,"bimodal1"
-3.26041856640778,2.76158055659347,"bimodal1"
-1.55454438910885,0.550699332348142,"bimodal1"
-1.42536909865539,0.48933925306564,"bimodal1"
1.62826391605088,-0.687882870783594,"bimodal1"
-2.03447136605365,-3.01130849533572,"bimodal1"
0.176368106030692,-1.02707450681449,"bimodal2"
0.831711482625626,-0.931608463033229,"bimodal2"
-0.057228419350952,-0.603131399345021,"bimodal2"
-3.4097400332427,0.229998213528333,"bimodal2"
-3.56291321301652,0.502657262727382,"bimodal2"
0.26614680689345,-2.64157407062194,"bimodal2"
-1.7646943793955,-1.37814599224736,"bimodal2"
0.219201223363929,-2.17590470718494,"bimodal2"
0.503335857214624,-1.06350920305937,"bimodal2"
0.214672272970601,-0.507781171083343,"bimodal2"
0.398250868932975,-1.51242457610662,"bimodal2"
-3.34455243289884,2.76981514866835,"bimodal2"
-3.56116938350743,0.488622075341527,"bimodal2"
0.21628276599429,-1.14145884467654,"bimodal2"
-3.15321870161125,1.09473439981276,"bimodal2"
0.452954942182041,-2.70371821400384,"bimodal2"
-3.36989670003164,0.60373375699896,"bimodal2"
-3.00202219708346,0.856747353415377,"bimodal2"
-3.37052421536616,2.71562709700031,"bimodal2"
0.0419215309376164,-0.687482700284535,"bimodal1"
-2.41289365365375,0.993628215948293,"bimodal1"
-2.12110900571358,-2.87559942510775,"bimodal1"
3.72232931762852,1.30440688957545,"bimodal1"
-0.706314954155279,-1.26256468378538,"bimodal1"
-0.0869667280477655,1.49676441102737,"bimodal1"
-2.08813171543193,-2.78006033935367,"bimodal1"
2.38509566309658,-0.256306806998784,"bimodal1"
3.27804669914382,1.74114860536865,"bimodal1"
-1.94791584197087,-2.90928989115458,"bimodal1"
-0.17008912986353,-1.58204569392761,"bimodal1"
2.89572811742531,2.00244889933956,"bimodal1"
0.977819079379183,0.757021093151379,"bimodal1"
3.26757754916005,1.05011028688633,"bimodal1"
2.66842349846946,2.14982607373692,"bimodal1"
-1.08922323120488,3.85920202727467,"bimodal2"
2.08479930200725,2.21063019999608,"bimodal1"
0.774796636368418,-1.0903920095811,"bimodal2"
-0.112529353420451,-0.77123050059638,"bimodal2"
0.392702475816179,-2.57619267046334,"bimodal2"
-0.126153198464792,0.794650882591124,"bimodal2"
-3.32528215742012,2.79028229614193,"bimodal2"
1.04844403646393,-1.49850005443014,"bimodal2"
0.230231065767279,-0.914175685015783,"bimodal2"
-0.975225872572993,3.99849015262453,"bimodal2"
0.124774952673326,-0.763794225843971,"bimodal2"
-2.66523900176987,1.22392206673805,"bimodal2"
0.566287198415698,-2.70803014763079,"bimodal2"
0.158560620394409,-3.27766536710626,"bimodal2"
-3.36949120299628,2.6801242450173,"bimodal2"
0.935855252667529,-1.30042509290499,"bimodal2"
0.678953641120855,2.77193004943072,"bimodal2"
0.138790784222156,1.43304077468155,"bimodal2"
-1.0100119176904,2.32548052982983,"bimodal2"
-0.618649029077536,2.64949555271736,"bimodal2"
1.28072084118965,-1.19319134784078,"bimodal2"
-0.978968023424959,-3.23501795152165,"bimodal1"
-2.13539371657396,-1.59937979722591,"bimodal1"
-0.776434570010868,-2.98079871274081,"bimodal1"
-2.07719671718108,-2.65979961451823,"bimodal1"
2.61292228655444,0.763322255819982,"bimodal1"
3.16852082267522,1.07253131100938,"bimodal1"
-1.11301661702501,-1.63134615780646,"bimodal1"
-0.657002284704932,0.308340962595199,"bimodal1"
3.65184629324391,1.03676789028212,"bimodal1"
-3.1525353235326,1.99800740144742,"bimodal1"
0.670519976656353,0.39357481856094,"bimodal1"
1.7672965005583,1.77236900749758,"bimodal1"
3.47782680712476,1.40383602449815,"bimodal1"
3.41995619826535,1.44498839067743,"bimodal1"
-1.18937013162044,0.103058672941941,"bimodal1"
-1.72057962280052,0.27768541994708,"bimodal1"
-1.47855769476408,-0.924774285452752,"bimodal1"
-2.12818568716077,-2.73661614624716,"bimodal1"
-1.14707286730962,-1.30557129981059,"bimodal1"
0.836850172465363,-0.311309136573154,"bimodal1"
-1.2691827627484,-2.48805311444703,"bimodal1"
0.733798811050688,0.505387412406545,"bimodal2"
-0.936489780565053,-2.46845288810047,"bimodal2"
0.503983348533634,0.221811873482516,"bimodal2"
2.59695797887373,-0.120737881259341,"bimodal2"
-2.47015965303274,0.971929203261339,"bimodal2"
-1.33938892934003,-1.56005307537114,"bimodal2"
1.37763697870213,-1.69966242879471,"bimodal2"
-0.11074813111927,-1.79689992802857,"bimodal2"
-1.07380741348439,-1.92486287469713,"bimodal2"
2.4523877899341,0.253020685088438,"bimodal2"
2.16307637499777,-0.867291371257165,"bimodal2"
-1.78285110335353,-3.00936878032,"bimodal2"
0.458804765368857,2.64896919502706,"bimodal2"
1.77177313859095,2.04096619007586,"bimodal2"
-0.227421521637906,-0.910650491656228,"bimodal2"
1.63802895313879,0.626657358496829,"bimodal2"
-0.999363843215731,0.517524009232581,"bimodal2"
0.181556053396279,0.600351441080657,"bimodal2"
-0.242054861193605,-1.71232862652245,"bimodal2"
2.0786795369741,-0.104649003689533,"bimodal2"
-1.98497194169091,-2.26870435024203,"bimodal1"
-0.393250003083511,-0.832703167209171,"bimodal1"
-1.9362772189145,2.35638984934326,"bimodal1"
-3.17422820242569,1.42738044279696,"bimodal1"
-1.0121831406644,1.25825440306534,"bimodal1"
-1.15299937757046,0.6756077791304,"bimodal1"
-0.804138081379216,-1.27387685159128,"bimodal1"
-1.99047904386235,-1.57542393081829,"bimodal1"
2.77146159433499,1.81509893938433,"bimodal1"
-0.815484799864985,-1.71364292365096,"bimodal1"
-0.831639077466186,-0.196725552501389,"bimodal1"
3.04541947443772,0.813373927412066,"bimodal1"
2.49711975055075,-0.0637578866583292,"bimodal1"
1.94754610834752,1.96125833044826,"bimodal1"
-2.02145338459465,1.18825174782251,"bimodal1"
0.642342759543193,1.21098756309201,"bimodal1"
1.6296474572962,-1.47577921823048,"bimodal1"
2.09794627319676,1.8349093662786,"bimodal1"
-0.714581975885684,-0.207652320914089,"bimodal1"
-0.437307347552122,-1.58046401563521,"bimodal1"
-0.304660192905494,2.20810128455107,"bimodal1"
-0.963312364690044,3.92533737158314,"bimodal1"
1.57543740843989,-1.29564128850365,"bimodal1"
-0.345984467944769,-1.6680062726739,"bimodal1"
-2.60982148487723,-3.1535722334665,"bimodal1"
-2.52433999070802,3.25702726585038,"bimodal2"
-2.0056852670802,1.0161174994316,"bimodal1"
-3.28722414644578,2.68694734681292,"bimodal1"
-0.515909451019101,-2.46928493432873,"bimodal1"
-1.45378230741404,-3.02814915786287,"bimodal1"
1.0165765686508,-1.79743332257134,"bimodal1"
-3.17673929687803,2.33508265173595,"bimodal1"
-3.27534927880351,2.63067222235376,"bimodal1"
-1.02276778173399,3.9601414557971,"bimodal1"
-0.312695313609794,2.23276173473729,"bimodal1"
-1.16121321802278,3.95821598533056,"bimodal2"
-3.2501727731277,2.01855638098273,"bimodal1"
-0.387634023247824,0.286545535047377,"bimodal1"
-0.925025810841539,3.87377992792426,"bimodal2"
0.721851985734443,-2.32624042133032,"bimodal2"
-0.294849075004317,2.06926668109827,"bimodal2"
0.382151835560272,-3.31184614353796,"bimodal2"
-2.20179364517572,2.01103479273205,"bimodal2"
-0.468045628889742,-2.99190102153534,"bimodal2"
-1.00004987649588,3.94302994467967,"bimodal2"
2.32962623072663,-0.960982116764484,"bimodal2"
0.517654238675459,-2.45739222779502,"bimodal2"
-2.36491295295105,-2.46666471963485,"bimodal2"
0.261724971214562,-0.871301435659646,"bimodal2"
0.118780987824229,0.619513026267124,"bimodal2"
2.09277192908018,-1.08770415298864,"bimodal2"
-0.311677053785627,1.32841211397605,"bimodal2"
0.631381494700453,-2.52929225693642,"bimodal2"
0.69271053490908,-2.51897322379554,"bimodal2"
-0.235917534369171,-3.29084515603879,"bimodal2"
0.715979620214563,-2.26851819379912,"bimodal2"
0.672467551831677,-2.38032385397865,"bimodal2"
0.624616201950369,-2.37092394089212,"bimodal2"
2.64601720165244,0.0540939218450712,"bimodal1"
-0.526876903654745,-1.48804852133454,"bimodal1"
-0.567632991139488,-2.39438806551444,"bimodal1"
-0.505378122833161,2.83813316030636,"bimodal1"
1.47361082815105,-1.20209950515859,"bimodal1"
-3.21824709977291,1.60850211777559,"bimodal1"
-3.25983755935049,1.50002044756563,"bimodal1"
-2.66544550033553,2.18110167441388,"bimodal1"
1.33906921004778,-0.375842292789365,"bimodal1"
-3.34566745085796,1.30689442999905,"bimodal1"
-3.21939035842729,2.06951122220171,"bimodal1"
-3.22498445920697,2.19144282907246,"bimodal1"
-3.32202570151161,2.77873131143104,"bimodal1"
3.5375200583037,0.983262227908555,"bimodal1"
1.66781659856122,-0.847419853152112,"bimodal1"
-0.146642462089837,1.68698771853591,"bimodal1"
-0.572959810793105,3.2226722901752,"bimodal1"
-0.575869956848562,-1.43538731467295,"bimodal1"
-1.18246364137694,-3.30751509313792,"bimodal1"
-0.149313083463406,0.868592547478742,"bimodal2"
-1.06503618445749,3.97523253474193,"bimodal2"
0.189921740460704,1.24083399340182,"bimodal2"
-0.943548627867946,3.92390295239636,"bimodal2"
1.85372308350318,0.0525161159121589,"bimodal2"
2.80527501483679,0.0657361671158836,"bimodal2"
-0.722897565267769,2.24629481358252,"bimodal2"
-0.108232405674502,1.44151620924476,"bimodal2"
-0.899125136743129,3.89736576088495,"bimodal2"
-1.00585638039428,3.9613159634707,"bimodal2"
-1.00230619293614,3.99174230636292,"bimodal2"
-0.101557671694285,0.541193783810386,"bimodal2"
3.36893988510193,0.582482197903259,"bimodal2"
-0.263643056736706,-2.97467204709698,"bimodal2"
-0.0617464118068189,1.98014482402645,"bimodal2"
-2.50606165936578,-2.45623521309887,"bimodal2"
-0.898515607634229,2.35422515592607,"bimodal2"
1.17765149442536,-1.37300445158805,"bimodal2"
3.4565602963616,1.22662249798894,"bimodal2"
0.326420024805124,2.45959665954964,"bimodal1"
-0.535366768152285,-1.11590763406048,"bimodal1"
-0.579363323566276,-1.16322440126797,"bimodal1"
-0.442247702837984,-2.35680297393729,"bimodal1"
1.89082902054458,1.65165795506985,"bimodal1"
-2.09252923530846,-2.56511293382923,"bimodal1"
-0.528577548106437,2.68406338956883,"bimodal1"
-0.704993923290386,-0.899189227636976,"bimodal1"
-3.60933913955049,-0.185384034717162,"bimodal1"
2.51691992910001,0.536355440150652,"bimodal1"
-0.164493405179879,2.07851601158914,"bimodal1"
-0.470902778815835,-1.45925537674371,"bimodal1"
3.46574399194271,0.971477147192915,"bimodal1"
2.36628398357983,0.0181579917317923,"bimodal1"
-1.1867900356587,-1.20558620942283,"bimodal1"
3.3126944547301,0.980191662284007,"bimodal1"
2.50397653481652,0.565972663148048,"bimodal1"
2.10440581502668,-0.0890843044879128,"bimodal1"
2.37200281284008,1.31086684406003,"bimodal1"
-1.8994653000546,-3.10626338997593,"bimodal1"
0.471310880028091,-2.0762802060957,"bimodal2"
1.5040853092531,-1.66344644179618,"bimodal2"
2.33755240555885,-0.52913102408007,"bimodal2"
1.25989379297114,-1.76876984041352,"bimodal2"
0.316849969005348,-2.07513776333924,"bimodal2"
0.835658066981772,0.530396954802574,"bimodal2"
-0.842570220642108,-3.06935455423086,"bimodal2"
-0.67958668030697,-2.88864823415431,"bimodal2"
1.64011913117098,-1.54091427405577,"bimodal2"
3.21697308275644,0.559879062598675,"bimodal2"
0.327305518120742,-0.831042420294606,"bimodal2"
1.54664973310373,-1.65303273558555,"bimodal2"
0.14609315291291,-1.82501632671204,"bimodal2"
-2.82055591670024,0.815799542887371,"bimodal2"
1.53349589461364,-0.930121379576955,"bimodal2"
0.454320297002395,0.245341595121316,"bimodal2"
0.958251311300615,-1.37960420050569,"bimodal2"
0.289930679123555,-2.15694601778916,"bimodal2"
0.746587809259165,-1.94905410701387,"bimodal2"
-1.32708742640865,-3.2910905334273,"bimodal2"
-0.304067992461152,2.26037339208875,"bimodal1"
1.28358772008235,-1.59995216850274,"bimodal1"
-2.30711738720038,-3.09981117264295,"bimodal1"
2.18742749515376,-0.388212496554519,"bimodal1"
1.13287813745776,-0.299791015436462,"bimodal1"
1.99099735559091,0.013559051384588,"bimodal1"
1.6684659546898,-1.72575322951282,"bimodal1"
-3.0548541771465,0.880911777090859,"bimodal1"
-2.15182795427193,-2.34704397958931,"bimodal1"
-1.04843690911193,1.74728838472136,"bimodal1"
-1.24514920934593,-3.18679326516318,"bimodal1"
1.06508501779247,-0.196058858115755,"bimodal1"
3.5427083692758,0.192608734900664,"bimodal1"
0.627236455751602,-0.412654989037224,"bimodal1"
0.170865415760816,0.832404937938947,"bimodal1"
0.695956658833037,2.29576321228376,"bimodal1"
-0.819317446680302,-2.23485408976381,"bimodal1"
1.65497626022027,-0.0642172608565704,"bimodal1"
-0.952444951609313,-3.09620289043355,"bimodal1"
-0.102608734790352,0.98563273656113,"bimodal1"
-0.929250247928762,-0.300791019344859,"bimodal1"
-2.22029325591996,0.930873675535815,"bimodal1"
2.28751459991576,-0.48043779593143,"bimodal1"
2.62439936708456,1.58150389966234,"bimodal1"
2.67170896672174,0.771244184654387,"bimodal1"
2.27050436616997,-0.15316550827341,"bimodal1"
3.65705065631394,0.874678405861232,"bimodal1"
2.57237856942276,-0.920201449373016,"bimodal1"
1.68869373439119,-1.82811730178231,"bimodal1"
3.56838110837736,0.231725796541044,"bimodal1"
2.99171506487871,-0.8348892245706,"bimodal1"
-0.157682706055938,2.17626942419259,"bimodal1"
0.906786878338932,0.0690356198422485,"bimodal1"
0.51239228923885,-1.67867877129785,"bimodal1"
-0.707433991448066,2.18556665790424,"bimodal1"
2.91260790674777,0.097716564580376,"bimodal1"
0.706571489941382,1.06161514577694,"bimodal1"
2.82688159574188,1.48640984882565,"bimodal1"
0.986407511404546,0.0302502623908327,"bimodal1"
0.839933343933847,0.419008287191751,"bimodal1"
0.532459958549255,0.557342632374586,"bimodal1"
2.70209308478356,-1.41183566051264,"bimodal1"
3.05114952140265,1.70474260149871,"bimodal1"
-0.38996399208475,0.470768817044484,"bimodal1"
-1.05332903281246,-1.90252690819515,"bimodal1"
-2.48959027466124,1.05467518935998,"bimodal1"
2.69957189342415,-0.301841897010451,"bimodal1"
-0.238481973422117,-1.19616173987744,"bimodal1"
-0.356885290887722,-1.94527162615888,"bimodal1"
-0.368866902543706,-1.96118542064449,"bimodal1"
-0.0581593849458804,-2.65612167070413,"bimodal1"
2.37323722791537,1.65533819198787,"bimodal1"
-0.306878002626302,3.14626523439764,"bimodal1"
-0.0993960657235402,2.56085610676254,"bimodal1"
-0.693564363264565,-2.21983028376537,"bimodal1"
-1.90542811412889,-3.17681292120547,"bimodal1"
2.85699072016795,-1.31486507379309,"bimodal1"
-3.25140738705827,0.270232173648142,"bimodal2"
-0.32822232594907,1.12865213549915,"bimodal2"
2.01894002467489,-1.45650845208801,"bimodal2"
2.10404428125236,-1.30894908847547,"bimodal2"
0.176026551969275,-2.71542208253913,"bimodal2"
0.266718902287112,-2.8228679109836,"bimodal2"
3.59410419589175,0.280292537676132,"bimodal2"
0.917671706967622,-2.17404807574418,"bimodal2"
2.05652676096755,-1.49294581122153,"bimodal2"
2.65375810406857,-2.39208896447981,"bimodal2"
-1.45763984323593,-1.08189519093982,"bimodal1"
2.36152399495977,1.78982768200993,"bimodal1"
2.35360655267027,-0.0476452431414314,"bimodal1"
2.67400916317689,0.573632673119427,"bimodal1"
1.08401976605351,-0.10055549505146,"bimodal1"
1.55088669169447,-0.559218187953547,"bimodal1"
-0.820197322199619,3.74136842931103,"bimodal1"
-0.261124430316517,0.531974724938913,"bimodal1"
1.92867768655372,-0.242256915544947,"bimodal1"
-0.60632338674696,0.0803119704564688,"bimodal1"
-0.496129135902028,-2.61405862416846,"bimodal1"
-1.84306432058322,-2.40364098258748,"bimodal1"
0.623408107768312,2.2902805154452,"bimodal1"
-1.84211307203715,-2.18029296249153,"bimodal1"
0.708491741273202,0.354481221538,"bimodal1"
2.64081097200269,-1.70591296755956,"bimodal1"
-1.63741501731887,-1.07632511916914,"bimodal1"
1.24950598285551,0.808817424261058,"bimodal1"
-1.79443612369203,1.68597110703162,"bimodal1"
-1.40898588808576,-3.13921507776253,"bimodal1"
1.58406684620667,-1.648438943381,"bimodal1"
-1.94712705527231,-2.5576887043905,"bimodal1"
2.06899081775357,2.2267430972628,"bimodal1"
-1.84560825905365,3.14317832027104,"bimodal1"
3.48350294620345,0.580064558034128,"bimodal1"
-0.379837219749354,-2.57848869701426,"bimodal1"
-0.293761661969418,1.45867293456689,"bimodal1"
-0.199690075410953,-0.455665456007297,"bimodal1"
1.29080017105493,-1.45554671450022,"bimodal1"
-1.21356339978164,-1.72159611684348,"bimodal1"
-1.52993341700727,-2.11654486469339,"bimodal1"
2.96719390889628,0.8918236370682,"bimodal1"
-0.90711367846635,-1.89922393814545,"bimodal1"
0.20326839960974,3.10367026440845,"bimodal1"
1.54978720117216,-0.493555859340344,"bimodal1"
1.34697542613578,0.221823339012752,"bimodal1"
-1.75537092579783,-2.08197037163425,"bimodal1"
0.64646231311461,-1.08827091971156,"bimodal1"
-0.274227522631058,2.14788789681253,"bimodal1"
-0.124281734798229,1.94794032789874,"bimodal2"
1.13063544493699,-0.877023093859244,"bimodal2"
-0.487360827223344,-0.0730102626936904,"bimodal2"
0.0343273641613293,-1.90428680176408,"bimodal2"
0.868333799738491,-1.47668250468236,"bimodal2"
0.732883153975517,-1.73526381292589,"bimodal2"
0.104628393925035,-1.69799693110648,"bimodal2"
1.72972757285738,-1.59145758614461,"bimodal2"
1.19006495672957,-1.90198254313079,"bimodal2"
-0.22948127169603,-0.786636066164771,"bimodal2"
0.434418038050808,-1.41042932827087,"bimodal2"
2.68819346423046,0.145562751892332,"bimodal2"
0.579814034403863,-1.0565879184162,"bimodal2"
0.671927113992191,-1.78384329974269,"bimodal2"
0.501458711419213,0.782489539557816,"bimodal2"
-1.64752755369927,-2.64255923124874,"bimodal2"
3.62001602272796,0.985080635695862,"bimodal2"
-0.0232560473499424,0.963887634797842,"bimodal2"
1.82434634372203,-1.93355856754393,"bimodal1"
-1.75965255194983,-3.22934691600116,"bimodal1"
2.42650809741054,1.51816839183696,"bimodal1"
1.50497292590726,-0.465994351290479,"bimodal1"
0.177222391534403,-0.761608626314431,"bimodal1"
0.52512345839324,-0.264911128277367,"bimodal1"
1.83314781213815,0.939668440563923,"bimodal1"
-0.661273368610223,1.96208725633849,"bimodal1"
2.40011121417995,-0.0151687385549162,"bimodal1"
-1.02897534035074,-1.86941589629998,"bimodal1"
-3.31951333903657,0.91574201139659,"bimodal1"
-0.312749540878138,-1.96452576060201,"bimodal1"
-0.446507749397973,-2.36743786517793,"bimodal1"
-0.839850247327293,-1.77906209539291,"bimodal1"
-1.54113262858429,2.48668980785343,"bimodal1"
0.491258615396713,0.675051744099269,"bimodal1"
2.008201021847,-1.37519040762957,"bimodal1"
-0.371809439470207,-0.617549653593405,"bimodal1"
-1.80315528890881,-3.1790712469098,"bimodal1"
0.191498720729445,-1.39963859451227,"bimodal1"
0.615236674034549,-1.33171928205256,"bimodal1"
2.45827872537368,0.339666479189983,"bimodal1"
-0.723601609107343,2.51387574320465,"bimodal1"
2.49922281039938,0.159740841402052,"bimodal1"
-1.15913918452168,3.04091865496528,"bimodal1"
-0.224865535629751,-1.82990940756821,"bimodal1"
2.65585815365867,1.54119222791401,"bimodal1"
-1.80826713365075,-3.1845354676879,"bimodal1"
2.27742173703022,0.0208342441821091,"bimodal1"
1.41366163855244,-0.0112092863238085,"bimodal1"
-0.441679178076619,1.41839716399757,"bimodal1"
-0.303817314695678,0.380157389796991,"bimodal1"
-0.904467308292305,2.56335182358018,"bimodal1"
3.01273881556868,-0.305396670220899,"bimodal1"
-2.24364969253686,-2.47386406103728,"bimodal1"
-0.188394718591736,-1.24449242430371,"bimodal1"
2.54604258581895,-2.45338573474695,"bimodal2"
1.14599534067774,1.46671295975346,"bimodal2"
-0.462047069528075,-2.49661679883145,"bimodal1"
-3.482600356126,0.399641954297919,"bimodal2"
2.06686490701859,-1.34969871219892,"bimodal2"
-1.52582203543198,-3.205493337135,"bimodal2"
0.252041571532846,-2.74874022036763,"bimodal2"
-3.32801788495985,1.42520047096251,"bimodal2"
2.35722328167316,-0.902689840790049,"bimodal2"
-0.40328519702354,-3.02661122901796,"bimodal2"
0.149592072597358,0.126646592289405,"bimodal2"
2.66980249830988,-0.642378695342628,"bimodal2"
3.65042251693122,0.766021504444662,"bimodal2"
1.79953745969777,-1.1004953455977,"bimodal2"
1.79711937606748,-0.998878690714078,"bimodal2"
1.65084827790922,-1.58508665913538,"bimodal2"
-0.574398633959301,1.03391820629662,"bimodal2"
0.733722361856245,-0.669889640733768,"bimodal2"
0.965257079061269,-2.31151628161684,"bimodal2"
0.768524920844903,-1.45501626651068,"bimodal2"
0.507894127268287,-1.19237081199871,"bimodal2"
0.312097840815645,-1.60079812388222,"bimodal2"
-3.13916049895127,0.76428774846289,"bimodal2"
-0.0133802757667465,-0.852380640135729,"bimodal2"
1.73615174705213,-1.43992743448188,"bimodal2"
0.743477148380092,-1.5915584175605,"bimodal2"
-3.49885030890677,0.443673387503234,"bimodal2"
0.491396587525271,-2.03239244331349,"bimodal2"
0.429865513838291,-1.42736022741465,"bimodal2"
0.0190263092693861,-0.0524200718043959,"bimodal2"
1.45416233361061,-0.831748415205338,"bimodal2"
0.468881046431283,-2.41443306939119,"bimodal2"
0.587399678087128,-1.15973683324566,"bimodal2"
-0.173112945744066,-3.21847071828308,"bimodal2"
0.11555143346676,-2.86904833175438,"bimodal2"
0.921417640611276,-1.42335505394009,"bimodal2"
-2.92373361990117,0.708439467354441,"bimodal2"
0.352841707034864,-2.43124566816181,"bimodal2"
1.02737940877271,-2.01532249970582,"bimodal2"
-0.244375737777277,-3.17172858846539,"bimodal2"
0.855306865340218,-1.77986217273289,"bimodal2"
0.150312217929381,-3.04615697554418,"bimodal2"
2.08928060012648,-1.39471124807716,"bimodal2"
1.8585491584331,-1.86422758516934,"bimodal1"
2.61542988442847,0.362080588869539,"bimodal1"
-1.32226740816564,-1.94711146611254,"bimodal1"
0.0467791115566656,1.93410880336035,"bimodal1"
3.225767701785,0.0908457792250613,"bimodal1"
2.90599045483372,1.93058463447287,"bimodal1"
2.47914495373486,0.257549662589164,"bimodal1"
-0.240709605530275,0.350223402198973,"bimodal1"
2.07999404353766,2.19675699661707,"bimodal1"
0.616978744128863,2.3441579829344,"bimodal1"
-1.72939835588406,1.72347990555118,"bimodal1"
2.46061331031014,1.63692229017311,"bimodal1"
-2.04785965113145,2.4193578292181,"bimodal1"
2.29658758801479,2.00401582110312,"bimodal1"
-0.36000000638141,1.30935460961962,"bimodal1"
0.158619320967614,-1.1421048766905,"bimodal1"
-0.276972792783507,1.49684703640097,"bimodal1"
1.44964809665557,0.584228747325704,"bimodal1"
-3.45767796452595,-0.348417298518096,"bimodal1"
-2.52842789727763,0.933277796926373,"bimodal1"
-0.349222956472972,2.30250191304001,"bimodal1"
0.828623901362879,0.312169850074071,"bimodal1"
1.51272159960625,0.352420346009119,"bimodal1"
3.39921692842934,1.5269420179534,"bimodal1"
-1.46038935722678,-3.22226394942551,"bimodal1"
-3.20871411875851,1.05199369748664,"bimodal1"
-0.248854657955787,0.897671634653493,"bimodal1"
-3.25055664250177,1.59026855263448,"bimodal1"
2.12914050296733,-0.396019685903575,"bimodal1"
0.965739470140567,0.92989473572697,"bimodal1"
-1.09668103899631,2.01657183635863,"bimodal1"
-0.65436802025065,-2.41356345070926,"bimodal1"
0.698669624974295,-1.17947448654394,"bimodal1"
-1.1576275024502,2.14902792007371,"bimodal1"
-1.3194004829338,1.85859444862927,"bimodal1"
-0.484245889429798,-0.841870287070026,"bimodal1"
-0.56563497668896,-0.59094043873035,"bimodal1"
-1.9063730318912,-2.5797287777816,"bimodal1"
-0.854199664904786,-2.26142297891183,"bimodal1"
0.0530330185885532,0.214944430774826,"bimodal1"
-1.73087285507329,1.55042910471039,"bimodal1"
-0.220562922509562,-1.10945981482064,"bimodal1"
2.7805214677898,1.97540803998663,"bimodal1"
0.648280905163074,0.827748069207398,"bimodal2"
2.7128354353249,-0.019977002032474,"bimodal2"
2.94024239169053,0.103835565928501,"bimodal2"
0.00435232902488214,-1.95487217522348,"bimodal2"
0.126429948711025,-0.429381014246808,"bimodal2"
0.117053332084989,1.20595935557706,"bimodal2"
0.40943330913379,0.00196280401242954,"bimodal2"
0.557867444016896,-2.15626305262355,"bimodal2"
0.39906378766702,-2.1785248464454,"bimodal2"
0.302719057577972,1.29915149644422,"bimodal2"
