"D1","D2","DiseaseGroup"
0.143380072768318,-3.87149481670234,1
0.545715225499574,-3.40881853149626,1
0.86962357572746,-4.54143074370696,1
-1.1448498818951,-1.44553108539717,1
1.10654787022019,-0.29507035687362,1
1.7982999427672,-3.34103718065857,1
0.85892765545775,-2.76898254347694,1
-0.221769264372154,2.10947440425875,1
-0.0180230873502918,-1.09760022640474,1
0.62973901308512,-1.96330437090601,1
0.146176805460305,-2.26387644395392,1
1.23518252366056,-3.01226871776622,1
-0.52131117033013,3.86138109644505,1
-0.255635134497514,-0.0874129343625156,1
0.899515186442339,-3.34427408869384,1
0.306419816245307,-3.68206535464505,1
1.93913193645394,-1.35252524347236,1
-0.912001423400527,2.19373672065151,1
0.167131214454604,-3.6210716884574,1
-1.44705283920944,2.41728419197344,1
-0.27997065727725,1.90652582683255,1
-1.87354640234028,6.37306649603503,1
0.973370665919774,-2.34673881826717,1
0.774134638875398,-3.76344694901991,1
-0.947434361052241,5.29641556679144,1
-0.290893802297392,-2.00705132679133,1
-2.57891149366534,2.95815062181263,1
-0.545425873498843,-3.34407901920233,1
0.217005531116034,-1.48874020299676,1
-1.26115181458779,2.26276838182256,1
-1.14499974902832,0.77166405365247,1
1.3837589871396,-4.88826446028839,1
0.134126417949878,1.09593449879445,1
-0.249209795770079,-1.93195858562451,1
-0.193596660882816,-1.80658714407878,1
-1.09180228204019,0.0341667058306494,1
0.733934044043743,-1.18654757382726,1
0.479850750351986,0.354968340768116,1
1.76387281797895,-1.75088799502586,1
-0.833651994786248,3.4770151303038,1
0.216088118037072,-0.195650454619238,1
0.0669254837687805,-1.61387014794076,1
-0.752499951250663,-2.24724447006823,1
-1.00876934997212,3.64801490036122,1
-0.196660965344876,2.92488039523892,1
-1.33479470388529,2.47605461891255,1
-1.76380072723079,-0.0582649854516939,1
-0.986729691834036,1.33361344742257,1
-0.395230835560878,-2.58031326984645,1
-1.54448069591534,4.49524657326939,1
-0.340921792734229,-2.53822450109534,1
-1.93514090245856,5.98002005562114,1
-1.66771941191984,2.88117574529776,1
-0.336740818916548,-1.69042555916354,1
-0.209938380078972,2.12074195513472,1
-0.438555108777093,-2.89777429430605,1
-2.47214584537034,3.72287433319802,1
2.10620507920264,-5.03070345196756,1
2.11094209513788,-4.94669530061273,1
0.972706228136561,-3.35811409765222,2
-0.355972443051873,0.273321823492356,1
1.12261136545975,-3.02646637556339,1
-1.86968311346237,2.47468945465161,1
0.474502553122957,-2.57737211134264,1
-0.813820182200628,2.74529858601116,1
0.263815096846993,-1.97642179270422,1
-1.78106460607777,3.1636635730765,1
-1.18755201288321,3.24595902799534,1
-1.24864453267017,3.60734131609024,1
-0.214656313100756,-2.45072365906659,1
1.3933281917491,-3.96974629916544,3
-1.85094153508654,6.87114511089844,1
-1.26598931346106,2.57874997837205,1
-0.318696691313831,0.517664468372802,1
-0.157211832451655,1.08857219115116,1
-0.0134375693378208,-1.8891383444813,1
0.860576758122544,-1.91783499515831,1
-1.17861740100169,2.0513769370623,1
1.440823072262,-4.48603475552582,1
-0.352999560923492,-0.799430511815984,1
-0.226390253682156,2.2699607944997,1
0.351982231604326,1.68344957358006,1
2.80760035071707,-2.93304694857367,1
-0.00532469233605193,-1.88088497670369,1
0.931432935642302,-0.849488766882909,1
-0.800817357635311,2.15991984219348,1
-0.905251401050269,3.73000327736454,1
-0.218596353546103,-2.35189393020057,1
1.31981169225071,-4.35680079497512,1
0.696183803236554,-1.63850924368332,1
-1.5208430799231,2.80242886807786,1
-0.174689399261666,-1.70817484246657,1
0.726018293007467,-3.70287791006266,1
-2.11519204450194,3.50345377166314,1
0.626994501921986,-1.92512016283273,1
-1.1899979139244,3.95115933731838,1
0.14245806248155,-2.14071098698553,1
-0.862865379403728,5.53214535479948,1
0.305224039901994,-3.04353032455479,1
-0.201444643298043,2.83779225200471,1
-0.258252198172967,-1.38324574029214,1
-1.7566617098261,3.12329856085688,1
1.08183925194092,-2.26384928248486,1
-1.68683112885044,-0.151379128015627,1
-1.74646971041211,2.70966151118616,1
0.307260994420396,2.50846822678808,1
0.726475342005332,-2.66453261837188,1
-0.578120640453588,-1.33280624855302,1
-0.37944754093218,-2.31329061827939,1
-1.26525818717541,2.59799865825482,1
-1.17855590643694,2.27883910878582,1
1.05144837149927,-2.59897955473692,1
-0.970518771363251,-2.88446111555866,1
-0.478998328664352,2.43440820179479,1
-0.157876078632149,-3.05701006421512,1
1.1032111441756,-2.6234087219694,1
0.85217953753161,-1.80703686423857,1
-1.11600597660631,2.87800701456014,1
-0.0221415331092376,-1.80218686806126,1
0.174855386903322,-2.37293924591069,1
-0.0725136604727097,-2.81378322945234,1
-1.84392769727783,1.84171006483804,1
-1.30884139289402,3.73945141257324,1
0.485618365155443,3.63779705277279,1
0.460374063208105,3.69433167320236,1
0.99525672159742,-4.63045507252152,1
-1.38109224983532,1.67889378178423,1
-0.200307365325729,-3.17627913413649,1
-0.673549506134314,0.642524768331513,1
0.316321048406809,-3.69171973816223,1
-0.355442080200055,0.0877729588644816,1
0.132265618896629,-2.7886527224545,1
-0.606878249368229,0.763243906094046,1
-1.60409943622158,1.34407969058882,1
-0.378867270531999,-1.92325375590562,1
0.265242380646877,-2.42287138083646,1
0.270233648995848,-3.65637449179379,1
-0.371302794899377,-1.57492838928572,1
1.14203070936662,-2.39080666691141,1
0.857284374303958,-3.31172395333345,1
-1.50561057163574,2.66773986630463,1
-2.38919742556747,2.19298616105903,1
-0.45510812852509,-1.14113531729734,1
-1.16028782357972,2.64692491845005,1
0.960639886213383,-3.69727938950535,1
-0.282726197168053,-2.01565197576477,1
1.09933261870978,-4.61185995248652,1
1.16627174808276,-3.58040807932422,1
-1.82517524579359,0.82699254669579,1
1.68134070768091,0.362791025402607,1
-0.945561229014285,-1.61757773464588,1
-1.63595170568865,0.141967841601163,1
-1.2050289398698,4.87620157921475,1
-1.02315701691331,4.06829185436499,1
0.873780618957934,-2.5071981850501,1
-0.119634693116429,-1.7011138671092,1
1.66302313039928,-5.12583029574281,1
-1.44060729995604,0.578555490264949,1
-0.462140817892051,-0.260290906444949,1
-1.40311648211019,2.93910986117551,1
-1.46133350023685,3.30972817958132,1
-1.60050551015382,1.9091521588395,1
-0.0166653967763482,2.42769145187142,1
0.0365646652960989,-2.76571803475419,1
-0.301341780250421,0.609214592205356,1
0.93507252950161,-2.44627638650117,1
0.665930640731644,2.01487641675873,2
0.678989368266379,-4.29822763524048,2
0.518922470989673,4.14894311391589,2
-1.91409611646711,5.79619683612848,2
1.92705486112445,0.620896162987664,2
0.800269046074211,2.02889685626364,2
0.685910313892303,2.06477099059345,2
2.01195287631113,0.550006557486262,2
1.89027394656427,0.573088432434121,2
1.34833035816926,-2.18706228265649,2
0.712913906565463,-3.43857143500209,2
0.459210653652384,-2.45920949936176,2
-1.94283642146519,5.67769182012727,2
1.06012010497657,-3.50633923889549,2
-0.366584297414094,5.08059949764813,2
0.52523977438079,2.1852655747349,2
0.278337567230638,4.59084344931634,2
1.95529197276454,0.381820030439659,2
1.7485563132138,-4.7947853333711,2
0.590982162930436,2.08849860009304,2
1.53603215859338,1.4161231272803,2
1.276298305797,2.33663424743615,2
2.02359464678852,0.380966674919424,2
0.028057479918699,-2.71143132920203,2
0.119048585414413,0.420679227463188,2
0.00611352722415104,4.61822932230533,2
-0.886562198098477,3.62501110496743,2
-0.350475234171387,5.13101028507066,2
1.23177986603529,1.78984884480645,2
-1.36754120955173,5.73035048213548,2
1.56962046270677,1.12224099414251,2
-0.255299508434789,5.02332646785087,2
-1.33440310143159,4.41573991083647,2
1.11432299789559,1.59439388646201,2
1.76725773828999,1.21221592122604,2
-1.77954129715222,6.11445517134471,2
-0.108384242418213,4.33576593656804,2
-1.903435100565,5.67949166079536,2
0.472067457057096,2.09152959390714,2
0.591093961211376,3.89547759814142,2
1.2629866577374,2.05396127744117,2
0.499210246479036,4.21069972781275,2
-1.86380272946099,6.63603064061794,2
1.69195608366014,0.741641571494356,2
0.856062632693028,2.12307806977724,2
1.26711149870208,2.12154283700472,2
1.97280870615141,0.622728341737934,2
0.517855424160897,4.0769463268367,2
0.185346791201852,4.31114166367295,2
0.416294948659102,4.09174545435497,2
1.39672022205061,2.08257194284596,2
1.24627030764078,1.55305153618469,2
-0.0737431586915214,4.84906947321802,2
1.75962372924943,0.0299426420035187,2
1.09902850922781,-3.25583091019872,2
1.59159931637605,1.9221127995483,2
1.7988263861528,-0.0897878079410341,2
1.57554767881012,-4.95667662400537,2
0.38819862221371,3.91295150406042,2
0.467420865669336,4.07892513361553,2
0.564212759830205,3.94204164183063,2
-1.89349646256116,5.64064056449925,2
-1.52846414871621,-0.20778855184552,2
-1.85054132300625,6.84418296328377,2
1.12746551679519,-3.53430688290702,2
0.215495141614645,4.61535288499217,2
1.85601382007323,0.136865371802346,2
1.58103870045393,1.65506253565714,2
1.19017872386086,-2.59630902668513,2
2.00291695130968,0.811161026579931,2
2.04610636277549,0.74165962670959,2
0.83208743746914,-2.86204165201676,2
1.09208670052504,-3.89261514601091,2
1.87644686154959,0.983735511716042,2
1.80486436120643,1.31769517932662,2
0.615229975896694,4.17275076530223,2
1.34444205006087,2.14240208914323,2
0.655273410874001,-4.28866900017996,2
0.78753124745844,3.98305255442663,2
-1.78937141557214,5.0257031963727,2
0.235133187885304,3.4709790719291,2
1.98401901659833,0.715999069409518,2
1.88788758775533,0.911047661178612,2
-0.705841583069563,-2.336226951233,2
1.34312569060497,2.1803086135486,2
1.63567863359592,1.56707909243124,2
1.68266530928029,1.43931197274407,2
0.783913997365972,4.02528029235032,2
1.16455267610641,2.27175260278343,2
1.79833667733885,1.03854497376341,2
-1.86950909159703,6.08143007223803,2
0.40856939303158,4.17676840018354,2
0.426458438917185,3.76432510994521,2
1.55031220784989,1.99092398630623,2
0.0732336956068445,4.28196406534395,2
0.129636192457093,-3.30101759877463,2
1.49788727160251,1.87963254772191,2
1.60544771565245,1.92655547691861,2
0.17317378069083,4.34244703012367,2
1.23965555239742,2.28472979750788,2
-0.722028696957472,1.91648436682531,2
-0.491271850249716,-1.0162806542925,2
0.967086722023489,-3.2752940856516,2
0.826011905633734,1.75473926187969,2
-0.497134979215447,4.76885801002627,2
0.753475015626137,-4.28910606977828,2
-0.183230828408971,4.15080834290817,2
1.8801672601544,0.991185288346174,2
-0.446595302706464,5.13475533024968,2
0.886038669631804,-4.30881786689393,2
1.64243363125553,1.14715638034005,2
1.69399922832662,1.19073929472112,2
1.19231739289089,1.92480207991988,2
0.777279699319821,3.95357420028472,2
1.79426198652324,1.37770091370182,2
1.3702023272554,2.14402304290141,2
0.77055789625632,3.69853092470143,2
-1.39715572347477,-0.0378844625596055,2
-0.369703298218751,4.86553895885972,2
1.18493012959767,2.32705851893418,2
-0.267189657416183,4.99062500642735,2
-1.31481136841724,3.75735668120887,2
-1.56785604631626,2.27878327036419,2
1.96088158233394,0.691223961691191,2
-0.516724639605657,4.27086367861475,2
0.157513205715897,-4.37139663471787,2
1.14687836741759,1.76277325090662,2
0.854128360227749,3.93223510838526,2
-0.55810388710388,5.10694727655275,2
-0.350116663682867,5.191994278007,2
0.695679652497804,4.13099923116403,2
1.5018852974301,1.16240415334768,2
1.47393155465303,2.439937750525,2
0.926438067548044,-2.03645417386501,2
0.311239498243503,4.43277346328341,2
1.03472103929424,3.36110557609469,2
0.49362093955127,1.5726370187615,2
0.26871849308471,3.45113553971568,2
0.378090106167189,3.80742592540158,2
0.158482194202551,3.47564640246651,2
1.23316124302456,-2.78820364277874,2
-0.683349674186239,-3.02736733891824,2
2.1435730644968,-4.96609949119585,2
0.195990498822517,3.47226591104126,2
-0.269537214791724,-1.66393611724742,2
-1.27656509324814,-0.223262930835677,2
1.85667227277636,0.593955453074413,2
1.59886123012505,1.15655083902108,2
1.42101775626703,-4.36661105293968,2
0.732172129558707,3.52164532688513,2
-1.66583915912526,1.5495423994091,2
-1.80218395349175,2.25630723022327,2
1.28107880022529,1.63376135072916,2
0.235542055583853,-0.922429385233238,2
-1.36889698619303,4.50732338085824,2
1.96006952837893,0.553903256471997,2
1.34053790655591,-2.58145891791118,2
-1.66918887893108,-0.750938519871625,2
0.917529044908961,-3.67210899619504,2
-2.48168007041356,4.06663664399909,2
1.31155714596849,-3.87553190167456,2
0.907586755095556,-3.6188998092923,2
0.715014151658567,-2.15856100586331,2
-0.340026305275682,-2.09669907261145,2
1.56750967128228,1.20086286580375,2
-1.71803313122489,4.90006124763408,2
-1.9793730438481,1.55779378525405,2
-1.56656894481828,1.48094573476432,2
-0.385010853209485,-3.89189914547046,2
1.58330145581379,-5.04619365252721,2
0.227151227606051,-0.935864537301107,2
-0.369915009859418,-3.88989379087755,1
-0.318793223068982,-3.95629046783606,1
1.36405874666701,-2.92059046380455,1
0.316910948584148,-4.25500964669149,1
2.03866472756979,-4.90905315148317,1
1.63236610442372,1.25611849532015,1
0.492666963064061,-2.29007604698919,1
0.8389779357205,-4.26506985930456,1
-1.0158693004611,-1.19811757830576,1
2.07322102471325,-5.03261453546032,1
1.55724529406868,-5.1271345017447,1
-0.419468823035477,-2.58016831785043,1
-0.343622037264026,-3.82060375848067,1
-0.52293594795723,-3.39306347250113,1
1.50576613164739,-4.8466991590185,1
-0.91343530364871,3.91007310716324,1
0.605330542134651,-4.38234193858081,1
-0.546661405271144,0.573346034900169,1
1.7874995232061,-4.3175176471643,1
0.0650870282959748,0.111680341771498,1
0.88626567946727,-4.44301001177115,1
-0.553531317336914,-0.950401945167658,1
0.392324301651321,3.56039258419664,1
-0.26020428493666,-3.43058210589012,1
1.7629173005296,-5.15425307130971,1
-1.52925728906703,1.51833300003689,1
0.535448593272808,3.72461237078264,1
1.07319760013332,-4.09776168248562,1
-1.3679794666464,2.48535939433474,1
-0.147701328063697,-3.18341546013669,1
0.153443634192172,-3.74451038062108,1
1.46655817589878,-4.94576170253126,1
1.7675315837952,-5.04728874909983,1
-0.527547085542789,-3.58554870488608,1
-2.21472876841137,3.558026543678,1
0.0206276909989398,-3.69023130369002,1
-1.51032219270969,0.205525470769818,1
-0.431650937136337,-3.86653281503453,1
-1.9699263008496,1.28892332680455,1
-2.02102807504388,1.43339362782189,1
-1.14866433116978,2.97266806133825,1
-2.17652178831127,1.48661128174247,1
-0.224960974188602,-3.42430405054607,1
1.09583307248032,-3.28324753299456,1
0.353009897524575,-2.66539802232298,1
-0.236953356436264,-4.08827736238991,1
-0.601018618939908,-3.50487897524222,1
-0.650457305710991,-0.408201310188761,1
1.75268596005184,-4.95873350206856,1
-0.635019636044196,-0.913112441896358,1
-0.529207082451872,-3.64524647836345,1
0.908626918689277,2.91911891652182,1
-2.02389530686238,1.68700166520235,1
-2.27044574430307,1.5187189638721,1
-0.485153126330345,-3.55364690710029,1
-0.217342029280169,-3.93401782203787,1
-0.353326795058896,-3.33610958803165,1
-0.573825824711794,-3.43204168793817,1
-0.540186171974811,-3.47206152131647,1
0.730528390385768,-3.16957047491451,1
1.84785401787684,-5.12357139168955,1
-1.30699481411589,1.74528007973393,1
-1.32150688214638,3.38002462698375,1
0.245981666633644,1.11245972208522,1
0.394596583152542,1.66819660599677,1
-1.66464600042963,2.20816674224524,1
-0.2754593137896,2.79249769657156,1
-0.0385178206240762,-1.58607348702473,1
-1.1966499776721,3.79207404090147,1
-1.40182774688661,4.44973051122069,1
-1.200781836571,2.64072866673285,1
-0.461670347929265,-0.628470363866072,1
-0.0258005606770937,3.13812117210805,1
-1.08824396539611,3.08691385756712,1
-1.08574188614758,1.59220466323114,1
-0.614780419295158,0.911137372441619,1
0.550369377300712,-3.00040110503968,1
-1.18531030325466,3.51968714871991,1
0.826542675738798,-3.11245063153105,1
-0.358206414945682,0.459517952414683,1
-1.08654712775613,2.92255166915602,1
-0.20647153246122,0.864804907276512,1
-1.0872262770217,3.05385672825787,1
0.143267201770007,-1.50312568083098,1
-0.518698488564694,1.33576542386059,1
-0.855315508046372,-1.33486838500536,1
1.86701271264731,-5.21398670767348,1
1.90609665242484,-5.16180754776546,1
-0.598159091497395,5.18140627074059,1
-2.13489204919843,2.4134327687802,3
1.37821886651054,0.923250678531606,1
0.572616517355868,-3.38534183621074,1
-0.393767629786559,-0.314865703790252,1
0.435328870443682,-3.49444901610764,1
-2.04891593855484,4.5849403604199,1
-0.970269427148267,-2.92729001658929,1
-0.928089445125851,-3.14341506827506,1
-0.551774729388822,-3.70162951300533,1
-2.03766091331357,1.44890217588633,1
1.43760098118037,-4.83075148007219,1
-1.77481850450068,0.311878915438835,1
0.909402315936273,1.01858138006492,1
0.374487519774179,-1.14517140335469,1
-0.593462858330241,3.9125349155247,1
-0.0175349547121433,-0.21166243119662,1
0.157789011524656,-2.46137900829899,1
0.520250312514075,-3.12240193903057,1
0.662457961366485,-3.6339486890231,1
-0.788060970724832,-2.79545661090773,1
-1.46658439504004,0.0864080072242379,1
-0.59635022340463,-0.966732931885788,1
1.60634138165669,-4.89925156445208,1
0.698643959710186,-4.41350012885099,1
-1.8617290220251,6.83837672149843,1
0.901259933923821,-1.66458310327107,1
-1.21293131763919,0.370451482567923,1
1.22595443616934,-2.18372161077348,1
-0.252143250560095,3.46639853886099,1
-1.44570835698818,0.265233175547249,1
0.489074962974248,-2.42070813105804,1
-0.833592570563247,-3.12132236812633,1
-0.619235595899982,-3.87406018135987,1
-0.96462846079668,-3.50853977344883,1
-0.29279684024312,-3.80511415652142,1
0.344120732652216,2.59550847390452,1
-1.82319588679718,3.41065734791261,1
0.159566784325311,-0.0988091990760607,1
1.08416431467797,-4.86091783441788,1
0.951839055156321,-3.7332743237778,1
-1.72600296637077,-0.502889300901627,1
1.16661625719482,-4.92796958840902,1
0.840358432406816,-1.37065947145621,1
-0.450870570359364,-3.83514730800482,1
0.609233158144282,-3.50074654463729,1
-0.470736442950628,1.99238657470415,1
-0.441699710293681,1.07895944283965,1
0.581899259324499,-2.34161648993458,1
-0.496918723328428,3.05017037101144,1
0.52481612619039,-2.30778208797275,1
-1.92106618034127,0.4991424751093,1
-1.65911948851132,3.72801898176316,1
-2.25300472879489,1.28736455557181,1
0.443649206877976,-2.14621254391102,1
0.312595373128008,-3.42612905535065,1
1.44130635549574,-4.18904601930078,1
1.78724055354629,-4.77788505493564,1
1.06540340015495,-1.03286719673602,1
0.440500936717657,-0.230806873303978,1
-1.68125705703234,-0.336647018137382,1
-1.14037807234831,1.73991195113168,1
0.68493970448607,-3.23281370914972,1
-0.321219742982785,-2.86267828499723,1
-1.66408077659183,-0.171089746540102,1
-2.04917466380034,3.95590106499062,1
1.24113733956331,-2.66084444966106,1
-1.55136085401193,3.81987339939604,1
-0.916206356092521,2.29716568199376,1
0.371034207958691,-2.44973393507227,1
-1.48549538397993,0.130455185505779,1
0.882268988276747,-3.55789217538745,1
0.561020301891441,-3.93110891882757,1
-1.37652639130312,0.47903015487444,1
-0.560621210761435,-3.62755019080491,1
-1.31945176978166,0.308988752576993,1
-1.50760047205479,3.59232893901767,1
-0.694287857549736,2.66398958347286,1
-1.91918829180909,1.49966788377873,1
-0.00335494850966978,-0.0562132629108552,1
0.538195680874982,-3.46785176383058,1
-1.52727980207152,0.0960781543509606,1
-1.20787744202119,2.40749638578061,1
0.685820156159993,-2.30838752227593,1
0.61695688483615,-3.89432193396044,1
-0.429374667366694,-3.32271268466699,1
-2.33502458700397,1.69737545523872,1
0.133354128829613,-3.80519146496188,1
0.813768877073488,-4.86661624383681,1
-1.77613111943586,0.856562948818289,1
0.0339034588604685,-0.844072127852582,1
-1.45177959597937,2.85080660937316,1
-1.58493788220516,0.0600102207606092,1
0.306152653836466,-1.9198776166576,1
0.252384784175277,0.660031358983298,1
-1.11636375823741,-0.949913008307882,1
0.962671832809659,-1.58627620141901,1
0.0121941860062755,-3.67422325707545,1
0.0890950721730186,0.376641473481476,1
-2.26485970206818,1.54033397204331,1
-1.1783144799644,-0.737511507337075,1
-2.0439472017078,0.539247520334514,1
0.579559044993553,-4.01159623754399,1
-0.25248151685399,2.62253095869477,1
-1.01224750076651,2.06841649640351,1
-0.59290221569883,1.32838709214931,1
0.0245032484403913,-1.16999828169535,1
-0.94980882094029,2.41564736081381,1
-1.406804460931,6.06677487654675,1
-0.603663606828116,-0.746577471706923,1
0.590062477286068,0.82974382224247,1
0.98581804071854,-4.53636842586701,1
-1.30843794476886,2.44310083690123,1
-1.49649673155702,3.37282422192364,1
-0.484421914636011,-3.03457261875802,1
-1.3145636206753,-0.691045956845738,1
-0.936305789879224,-1.33323214929281,1
-0.930492857579851,-3.4084916276504,1
-1.07106686883573,3.50300239914945,1
-1.756759870631,0.225828699604752,1
-0.0705143176071539,-2.77701769439674,1
-0.694652379573926,-3.21308566341226,1
1.09717638224986,-4.80405420748134,1
-1.23711867535708,4.70197453215137,1
0.263497710384447,-1.33464494969636,1
-1.41154197579418,0.521165628809595,1
-0.977290650545692,0.0650840569919127,1
-0.915547317619678,-0.171219142555561,1
-1.75964895985035,1.56771708559789,1
0.144531580230816,-1.34307221486762,1
-1.63471454307459,1.43647410753549,1
-2.16428950548399,3.60107729274814,1
0.604443575690877,-1.39094710681752,1
-1.60169929317973,0.543623774221321,1
-1.76080361714901,2.26591815302274,1
-1.72428190107251,2.21552761486583,1
-1.45535069756596,4.1279665633034,1
-0.317197276185523,2.37465670133001,1
1.17874349836232,-4.77984202969028,1
0.12181420761955,-1.13224290759571,1
-0.623401532372819,2.9982044202056,1
-2.17089771816675,1.36416249059961,1
-1.55932224078268,3.77310950335105,1
0.487895338265796,-0.119338309667455,1
-1.77751026217624,2.27177940612502,1
-1.02138119021879,-2.70245666723492,1
-0.26537088238449,-3.19707526980932,1
-1.20075356000249,-2.85240643935967,1
-0.0612148359256046,-0.992422813659778,1
-1.86841079889109,2.3308653059647,1
-1.06781262644057,-1.0692083921639,1
-1.78501231179902,2.16170943931191,1
-1.77360136354012,2.37983696379531,1
0.858127744133584,-4.79957472155936,1
-0.532200590685583,1.86891307570218,1
-1.09202082505827,2.36967124617666,1
-0.495711939085008,-3.00535192423767,1
0.578271862863221,1.21798712266079,1
-1.59258132361841,4.40338186704529,1
-0.169803215317987,-3.19644289190372,1
-0.727764838657197,1.53888338979943,1
-0.507709390640483,-1.56463235229126,1
-1.06304021892075,-1.07389654553201,1
-0.174089343695453,-3.30126035995159,1
0.578589877603529,-3.86640310193697,1
-1.35267671837756,4.09387122424474,1
0.0305558795346794,-3.04329856269426,1
0.41772637309205,-3.74974827029474,1
1.52315413545536,-5.00181784185652,1
1.06007245562548,-0.208332116945043,1
0.0762002172289902,-3.26403096113939,1
-1.58496943811358,0.977456216765731,1
-1.96333898863801,1.08988795949542,1
-0.425482294644551,-0.715357645739654,1
-0.0225515568473758,-3.02526807324261,1
0.858630648512307,0.689102234735724,1
-0.747087562850898,-3.01097924007029,1
0.811425083808297,0.844247600856135,1
0.686058833179615,1.09984635789773,1
-0.355628571608166,-3.13848258811015,1
-0.346621691109587,-1.68208394920578,1
0.103930963365919,-2.29185426036596,1
-1.28029247985661,-0.804166583004511,1
-0.464760532554317,-2.54314493937552,1
-1.40239606218477,0.819415033792355,1
-1.2975355079976,0.900790487210331,1
0.0733927723436918,-0.166611776704659,1
-1.94317989851702,4.04777240787585,1
-1.49699046895396,1.48296326116562,1
-0.782277178360002,-0.837743412714633,1
-1.04641816301224,-2.30377583801148,1
-2.00398474767882,4.39635170144598,1
-1.35405815912091,3.86234511234177,1
-1.0289933697285,4.58650492085123,1
-0.48770867246369,-3.30535904403968,1
-0.163097774829253,-0.131833537569848,1
-1.40084887467761,3.30558628669404,1
-0.651572205575835,3.49116837201243,1
-1.5903759151788,0.356186665319312,1
-2.08512533731974,4.67490334025315,1
-2.21178790083643,1.49379728490125,1
-0.103969502215135,-0.128332433600737,1
-0.546608838117725,-2.86879270141305,1
-1.47705245044003,4.24692904133604,1
-1.07801258725847,-2.77572383523284,1
-1.22590844082324,1.32429150120394,1
-1.63733826108174,4.85720311306925,1
-1.69173462106225,1.92885563114584,1
-1.33907485627359,1.76887822059991,1
0.380194647713898,-3.38765247939139,1
-1.39312959895572,4.1827980710595,1
-1.28742222656037,4.66378312866875,1
-1.28683840634679,1.27509331336561,1
-0.926765668352463,-2.52070283052778,1
-1.74147596710159,0.140432342444331,1
-0.0634346886794164,3.31075200065667,1
-1.10615505664932,-2.93927816400625,1
0.76302456041175,-3.28538146118053,1
-1.58049316991653,4.24306902328871,1
-0.327827345635131,-2.67281094859667,1
-1.86545303639078,0.884476986353613,1
-1.30232695806473,4.79439854911829,1
-1.3367546463745,-0.728750805914642,1
0.528894498313015,-3.4866949573416,1
1.3174080178157,-0.427281421200795,1
-0.613733872970117,-2.56108789847606,1
-0.682126171087622,-3.20619185036844,1
-1.80479994222919,6.11371498199037,1
-0.789041843085147,-2.88389769158572,1
-1.34862525930977,0.75825337663136,1
-1.66698057245272,0.506574611744643,1
1.43971059665669,-4.60920984105984,1
-1.20998349528133,-0.749664259730398,1
-1.4887657604419,3.79608727904323,1
-1.80151101152725,2.64456391970534,1
0.974088584111376,-4.90947995874837,1
-0.554977445807205,0.0843944310600384,1
-1.07139082303403,-3.18378204628543,1
-0.599678184116007,3.02843830151092,1
0.0544039505797969,3.00450224975012,1
-0.412321012203658,1.24953577079283,1
0.509244207199336,0.794790003786542,1
-1.30149810855654,-1.06958074779766,1
0.0788593855783462,-1.5138754454843,1
-0.800797399812003,-1.57396529213522,1
-0.344370674034737,3.41089922080423,1
1.74898165871968,-5.13633688822939,1
-1.27988800240057,3.41908201485563,1
-0.256041377384437,-3.13487908296476,1
-1.94301358745565,2.58996629700112,1
-2.0604194502711,3.79652906088268,1
1.61757615975503,-3.42367318619552,1
0.308071967332956,1.16925035665534,1
-1.62712279291805,4.52416017443549,1
0.256599210429626,-2.04110011209786,1
-0.522680071153068,3.6618272646397,1
0.926198000790695,-5.0211668962703,1
0.190552838677041,0.358835612067366,1
-1.30832362938747,0.350070259470475,1
-0.525731366172825,-1.38396460244459,1
-0.186500974294626,0.021640715823148,1
1.27247612303802,-5.11533415484397,1
-1.3220956542672,2.42865909908125,1
-2.11251259128916,3.70054099356194,1
-0.433509092987562,-2.63244782595484,1
-0.57564612703077,3.13855556072615,1
-1.20268597113172,1.56471310737568,1
-2.24521169351741,2.45414701331486,1
-0.795721745255017,-1.60592061043281,1
0.306869211853388,-2.28959107446672,1
-1.16763534279564,-2.84440555237538,1
-0.493906163683721,1.3923380785495,1
-1.55142736057191,1.89784526047313,1
-2.30648042992491,2.52956011207731,1
1.08845044263753,-4.91556663926628,1
0.285001201590746,1.41638938315135,1
-0.895552652262281,-1.41695151827157,1
-1.26555462228876,1.05436459067078,1
-0.76047585789442,-2.78304431247819,1
0.977301667354942,-4.79856102274263,1
-1.00478281938213,-1.15966041866715,1
1.0916723525152,-2.51282086535881,1
-0.999400488715649,-2.89804758561587,1
-2.29135682615498,1.79258151196819,1
-1.03806095355159,-3.09610835238361,1
-1.30404913672661,0.571290679246951,1
-0.744522229568115,-2.66921640351577,1
-0.520902176088138,-1.09632163142461,1
0.984878719183783,-3.05254750589019,1
-0.918633821905829,-3.29887154545868,1
-0.348043854935972,-1.4290540165991,1
-1.68517228020945,1.16366082489095,1
0.988194641390949,-3.55656771985755,1
-1.01657052506703,0.43760653257767,1
-1.0551071040412,2.40468563691889,1
-0.912001269810639,-1.81616513069528,1
-0.102690432850004,2.20294595886415,1
-1.34651489628667,3.85748143952473,1
-1.04608397522069,1.38890372031621,1
-1.55660466745082,1.36912248145723,1
0.440996279333616,-1.61562984241738,1
-1.45567402076867,4.45130198842181,1
-0.123134535824351,1.57107697485245,1
-0.399712825949555,-0.902869167252063,1
1.30309257006732,-5.01229126880489,1
-0.727993588841696,1.60918393673283,1
-1.79208253667289,6.58498249292338,1
0.441686729783937,1.18660243709955,1
-1.09250470256563,-2.77676660801832,1
-1.73916984459606,1.5994521408068,1
-1.85973271931454,-0.140042489185518,1
-1.09438475491537,1.86176969828043,1
0.374762181625095,-0.82876637749603,1
-2.13276892136282,3.68787350689828,1
-1.8415688728498,0.0504448454213244,1
-1.46771917370284,0.216820420469505,1
-0.160784335740689,-2.00712113333242,1
-1.06169011055242,4.51464387998686,1
0.361765332937153,-1.91699881776088,1
-0.684412115402468,-0.950044587803769,1
-0.361354714842959,-2.09958084946687,1
-0.811474245116361,-3.39875072923094,1
-1.43423571307234,1.81113058813439,1
-1.97575063860509,4.09248196964561,1
-2.13517550458445,3.70785688690407,1
-0.987354060458266,5.01936003154969,1
-0.524205307680094,-2.99631394327881,1
-1.41905995671514,3.89480985212843,1
-0.894381081438345,-2.0689975966006,1
-1.11773854174982,0.787661488009712,1
-2.13413586459342,1.35253825424094,1
0.881034407474582,0.870547364331456,1
-0.994939343497761,-2.97394123107941,1
-0.142833574316803,-0.743998913312898,1
-1.02086984741282,-2.99624763871936,1
-0.144391360695803,-2.7787241396232,1
-2.34226949215001,1.43690223986439,1
-2.10993967102031,1.85050053208988,1
-1.82413606470121,0.235026895600146,1
-2.20986213827035,3.36335812159197,1
-0.249381841776029,-3.84448192721077,1
-1.17719692522886,3.62431711688268,1
-0.0539178342916167,0.419534955574945,1
-0.649505464735586,-2.49212133355461,1
0.012272391818847,-0.0491299495650139,1
-1.70792316258731,6.54963600304816,1
-1.10949716858335,2.95598584563596,1
0.987946516128731,-4.08300867441289,1
-0.733636989207228,2.63129772530951,1
1.38319300571758,-4.68202666031604,1
-2.62996157504819,3.24673113374607,1
1.91122093107994,-4.86480611627112,1
-2.52965760276814,3.27351111393301,1
0.358182627438896,2.54670675573824,1
0.218108202000389,2.45605282727432,1
-0.410445554540392,1.27177848009322,1
0.680820337774146,0.188188137422177,1
-1.94609567558613,0.978647601942754,1
-1.93386952478011,0.967832634912947,1
-0.922956938654802,-2.77433299856911,1
-2.59684500661879,3.66555502638238,1
0.550067162843506,-0.676016836367659,1
-0.262131403829061,-3.77699119341004,1
-0.65931370607637,1.34526504823021,1
-0.842217312426419,0.568606126655245,1
-0.419397290387443,-1.50869884020278,1
-0.521941514067653,-0.129914863075865,1
-1.70823824758125,2.28670507254276,1
-1.87784352175101,2.25003693331155,1
-0.640250458840134,1.02517748737659,1
0.44756170016457,-2.98320055268721,1
-0.0914920244690562,-3.99747272654515,1
0.638676746290837,-3.60544267857192,1
1.48545233316586,-5.00026499892481,1
-0.385641193096276,-2.1280823239304,1
-0.52569087976044,2.25509114894145,1
-1.03913390288886,-1.83658924769674,1
-2.29935782699044,4.57529258488147,1
-1.27014475894859,4.96502002956314,1
-0.855404141932614,-2.3307134588772,1
-1.8139211467205,2.22347550468917,1
-0.99379812782408,4.35618753051856,1
0.662255153363533,-4.6385070170403,1
-1.12034109553607,4.51680334203598,1
-1.081312343366,3.35409892928219,1
-0.852383014368199,-2.53610139889042,1
0.435017622173281,-4.39610107516019,1
-0.713325239341709,-2.74869244126787,1
-2.11095495349537,1.75701478763361,1
-0.251664608875341,-2.92236161006531,1
-1.8478084396229,5.09056121822902,1
0.534956195421254,-3.01449481793889,1
1.29578313757033,-4.20710026647064,1
0.712456339940753,-3.55307745878808,1
-2.15690187136157,3.74313104465932,1
-0.815899493804387,-2.42921742535262,1
1.28073334635073,1.28209662952079,1
-0.348810607713862,-1.01304368802347,1
1.46061834584106,1.27535057569779,1
-1.026675489883,-1.32006835989197,1
-1.7032148987998,1.62951765647859,1
0.718257915820887,-2.8209086704663,1
-1.89718574367661,5.62337782944819,1
-0.0527906534371378,1.5966889455686,1
0.190864794306703,3.09235160775971,1
-1.85668810613155,6.46909478541377,1
-0.221317759940487,2.46782954667477,1
1.55884692876019,0.897864938464916,1
-0.0779191321896382,2.91001666804837,1
-1.94128925631143,6.06985804202366,1
-1.16038967352898,1.3168703033341,1
1.88044667669568,0.625568118581219,1
0.56416027898382,-3.18860378316393,1
-1.94086367571039,5.63291418212304,1
-0.685957311094979,-3.08095742753443,1
0.639468831153078,-3.26336159383796,1
-0.352186732696352,-2.64001194636303,1
1.67508228146251,0.821721285305379,1
1.2637299594411,0.0716564128056925,1
0.109002572341185,2.96424026451774,1
0.680093848508457,-2.38361963574036,1
1.11330282321678,-2.54047783096934,1
-1.9168633749478,5.78832111016634,1
-2.21692059355169,3.89176870057388,1
1.51876011715284,1.01089712200181,1
1.20386511552706,-3.14352401092011,1
-0.516116152695962,2.42166038217957,1
-1.16368516549778,4.5335906889794,1
-2.25060785337609,3.3467848295741,1
-0.452102461031727,2.1548635104537,1
1.129792950939,-2.31603863334684,1
-2.35167091751649,3.86819588169809,1
-0.884839425013095,3.60513178158203,1
0.177044829396469,-3.09963862917676,1
-0.0889512695742958,-4.09368964105402,1
-0.205887820078882,-0.268851944266338,1
-0.42835833835276,3.11173924628987,1
0.425395631951592,-3.43452465952583,1
-0.856353415723804,-3.20481879690103,1
-1.8702705574275,1.6177623335003,1
-2.36425568238779,4.53129875033328,1
-2.25807201347495,3.5463429580395,1
-2.17501448722976,5.53225494256242,1
-1.94463230291921,4.64332342385533,1
-2.05961427871404,4.6702587522076,1
0.344257754767796,1.28695121369085,1
-0.0877405483075127,1.80560116749209,1
-0.762960429072026,-1.74197165366983,1
-1.41832269596179,1.5920302376235,1
-0.559467523990308,-0.887483808687287,1
-2.23224677293347,5.43491487334679,1
-0.711611302433939,3.08377744553355,1
-2.17726604608706,5.53306460155617,1
-0.257881139976548,-2.09084463948425,1
-0.0583855898561081,-2.10459271613971,1
-1.52671097917075,0.596317052901204,1
-2.14189838658282,5.73388781609224,1
-0.603188731444916,-1.68092357353817,1
-2.34589471152836,2.48211477782752,1
0.31388483692687,-3.39832652411145,1
0.128936243796099,-3.35792773638732,1
-0.329900242626133,-2.22726819280933,1
-1.87451176575881,1.16759657157551,1
0.929701097264975,-1.95396443301845,1
-0.744151505794589,-0.930574168636394,1
-0.636777485415962,-1.53444333008802,1
-2.18886858246445,3.25171458901036,1
-0.980286500996669,1.70343396841451,1
-1.27596822680267,5.04688373550174,1
0.54416108083179,1.9891320524169,1
-0.590342890714094,4.07540348465867,1
0.337086219205825,-4.36166993484304,3
-0.182214433074998,-3.93081172613383,3
0.544220778801024,-4.51569952160162,3
0.387660984464035,-4.28375225096278,3
0.511888679733272,-4.5703887069208,3
-0.782811255948135,-2.45176225911151,3
-2.49639625902361,3.2919562419676,3
0.491059021245378,-4.19995652342406,3
0.542492964499714,-4.60483428515162,3
-0.373100041339764,-3.89294647728048,3
0.399501477645036,-4.20147075941499,3
0.689468972744509,-4.64924437831865,3
-0.397964429984953,-3.80886867441806,3
-0.971930414708598,-2.40842371499326,3
1.03701076531725,-4.74736308572467,3
0.62362898110607,-2.57421373683748,3
-0.713406480557244,2.47959214716736,3
0.183317231897705,-3.74770786460461,3
0.9388802282223,-4.40590421306495,3
1.99401136610826,-4.09109660759004,3
-0.416880349048581,-3.90189876738657,3
1.83430951469242,-4.23229539850794,3
-1.88117174800822,6.5470284402074,3
-0.99652206478766,5.13579484186099,3
-1.34522282711748,5.7959029902323,3
1.51149312819754,-5.07564588026733,3
1.31652230628166,-4.89412363246472,3
0.435732522062878,-4.32670340946892,3
0.290370587299917,-3.95393457046041,3
-0.725107182270033,-0.564994442947992,1
0.203439073406679,-3.94858929910103,3
0.696759232984261,4.11990566067305,2
0.739500872779897,2.25036711845848,2
-1.13975752817918,6.05851205071755,2
0.177087386406233,4.83396021722729,2
-0.765320497279643,2.14855990174835,2
-1.20173373059014,6.27902880765562,2
-0.441112601250707,5.40613078020166,2
-0.191530541426034,4.97961642551259,2
-1.27047783552585,6.29402292384199,2
0.750621758896549,4.10100179135406,2
1.06031032360701,2.33927893661434,2
0.0599558202015917,-4.00696979471501,2
0.993538596176535,3.21630908933662,2
-1.72772761894416,6.63299886603027,2
-0.487148300477,4.38672589688561,2
2.28022396109622,-4.72048866604097,2
-0.95833622072563,5.8844477857679,2
-0.265295329511343,3.74925429648382,2
0.0778532851127296,1.83169469897689,2
-0.934982907845717,5.88837221494418,2
-1.04408765985359,-1.21727650713143,2
0.847923132082772,3.99684691583548,2
1.18766793747577,-1.46841743766357,2
-1.21603410157582,6.24345701854694,2
2.58777293544474,-2.65060092690905,2
-1.22720571957911,6.22530917647717,2
-1.01297124202788,2.95450050679392,2
1.61265500010627,1.89380009502424,2
1.79265443330967,-3.85267636406866,2
0.326674674376195,0.642869692248494,2
-0.700848453939785,5.49674173780617,2
1.56569881496241,1.86239639315299,2
1.43597889460176,1.90794232075108,2
1.51574386429299,-3.89325715367358,2
-0.327619151463969,5.1600641556353,2
2.27051565605432,-4.75756241438673,2
0.409624336857999,3.81960437254772,2
1.52910030037292,1.36708409861759,2
-0.363000059153578,5.2000907801325,2
-1.16492349368549,6.15543875002114,2
1.32652702486143,1.64781463440241,2
-0.19915338627423,4.33516921519725,2
2.46176814614817,-3.41271587294409,2
-1.23991177993362,6.2617230579396,2
1.31547618580275,-1.57465080617394,2
1.52597190188071,1.89626363957554,2
-1.13857355155223,6.14649952537387,2
2.64391579882691,-2.0023763578134,2
1.61441832922745,1.17623538630724,2
2.71595971194255,-2.13244194200618,2
0.590615116567531,4.34608400759065,2
2.39356715402825,-3.90985085784754,2
-0.278668722879017,4.839396626759,2
-0.34883218295771,5.28675390538113,2
0.332093068151594,4.10100691291103,2
0.819898517497264,3.76883443927069,2
3.1628182565804,-2.92099092319004,2
-1.09960606942022,6.21130118317028,2
-0.327854145016858,3.26001509661199,2
-1.28630634986408,6.28778717856023,2
-0.789898277023206,4.94491046182617,2
2.30491821780186,-4.19927321517725,2
0.655153039892473,4.1017456460301,2
-0.35551720527364,2.95375509353787,2
0.652651984698738,4.2588139842641,2
0.427294042920955,4.30003186629442,2
-0.209224047570123,5.17068214131417,2
0.00620461056832755,2.13647989080454,2
0.50307900523035,4.18893005985506,2
2.09758141896994,-4.21339730476387,2
-0.746867868511133,5.66406316872199,2
-1.26149178506486,0.0702777014883793,1
-1.98175308959346,5.79511356012499,1
-1.16222505179585,-2.89599058693127,1
-1.49708254842596,3.741020147579,1
-1.61320743457799,2.82368753791602,1
-0.609308297284803,1.31138539593551,1
-1.21032903553196,-2.98375039935904,1
-1.09728277468115,5.70713987635857,1
0.771939439197239,-3.04969642601816,1
-1.0398937416002,2.68256926191667,1
-0.650698825429902,1.40473134328207,1
-1.51181837974508,4.00757195999122,1
0.456243969099108,-0.270064635595686,1
-0.0723738726791094,2.17411029701505,1
0.853790061364512,-3.37629323613962,1
-0.949041165967854,3.37575525796423,1
0.64998884461661,-3.88979207174041,1
-1.27692212877651,5.69243742667763,1
0.746414960020985,-2.39482654187848,1
-0.598472986402979,1.31298385889348,1
-1.73848200267711,-0.845121466116282,3
-1.2922142006317,5.56503146750261,3
-2.35858242030144,1.5440417896773,3
0.310480597228886,4.06305182790093,4
1.26430213670725,2.2276736903387,4
-1.23297035041532,6.18345033831622,4
1.86048664847528,0.0363923369745174,4
-0.876629430145798,3.96969382360916,4
-2.52978560314308,2.25089930282346,1
-2.47470335044505,1.95673601876632,3
-1.45777149243065,6.40926132205959,1
3.08524725883459,-3.92158550965119,1
3.17943047729027,-3.90505801778355,1
2.84743229854775,-2.54204594687664,1
3.17516541118723,-3.81073408302832,1
-1.10771233090174,5.99940671558669,1
3.07244894668564,-3.9211378073799,1
3.30631342490522,-3.62961988094585,1
-1.80776612863622,6.74061281628304,1
3.15570139563176,-3.18243903271488,1
0.764582056699528,1.04323999389252,1
3.22283469131954,-3.74555271787849,1
3.28607109495806,-3.69799440327671,1
3.10785789042806,-3.70851442199155,1
3.23990367180569,-3.73313164855616,1
3.23077913529481,-3.77783257489164,1
3.15604892366334,-3.65734942001572,1
-0.302629901433144,3.42746005728695,1
1.06000638709789,1.19139003939029,1
3.29214164915453,-3.65898692760169,1
-1.79195325619675,6.79273105802296,1
-0.23063368663276,3.43894614050116,1
-1.77381598634133,6.70769343818535,1
-0.344922247723524,2.80611299533699,1
3.15930401652362,-3.06578759260798,1
-1.21922598633113,5.96938919573068,1
3.28702751308541,-2.41675906597979,1
0.00634344679955134,-0.813412912950754,1
-0.971979884607687,5.77446892574951,1
-1.46035444603531,6.37357206621664,1
3.43995356950408,-2.19482851141681,1
-0.221658314201133,2.88723731987768,1
3.25267652966779,-2.36624542810569,1
-0.272911775129405,2.8499582060711,1
-0.928052912862063,5.71235685594409,1
0.055622847959905,2.36442973898842,1
1.79627865217693,-0.941050304279653,1
1.17859611318718,-2.22942035310707,1
-0.12148119724025,2.84928639565964,1
3.25939651944357,-2.34157645998232,1
-0.0991572104576348,2.03370749900421,1
2.45734502720296,-4.64756441382511,1
1.06541393780188,1.29231652844599,1
2.55053443139168,-4.59287409407609,1
0.447791577392413,2.22948454381203,1
3.03150383828817,-3.42598572591005,1
1.23805195885652,-2.2879100022396,1
2.9287058157642,-2.32246948024654,1
0.835565722904065,1.39330561869913,1
1.0287080203167,1.25564626650601,1
2.72492835846135,-1.92716061210764,1
0.539481449207948,0.353898655588354,1
2.76975517992779,-1.84019919931281,1
2.54784241083309,-4.58516420401302,1
2.99443497519845,-2.49778646965772,1
1.60329171538471,-2.1312603392468,1
2.7323497809071,-4.45004082204577,1
3.18758445284763,-3.44081015311363,1
2.8284396462558,-4.36913216693535,1
3.10893988818396,-2.68994840167589,1
3.29838495776538,-2.30305432976661,1
2.38128061321294,-4.75840888719858,1
-0.350573838108047,3.74655171248141,1
2.99090153130499,-2.65748498868479,1
3.16482821972055,-2.45274784247191,1
3.13742456165458,-2.38212214448282,1
-0.855338257260728,-2.56065893423189,1
0.799043276196994,-3.77884097810951,1
0.070610838770939,-3.41126319969972,1
3.24989643519637,-2.39086486831865,1
0.212258306015681,2.67583202443262,1
3.11621015012034,-2.67466903658488,1
3.50072231820954,-2.08991861971805,1
3.16985235050419,-2.8621868784614,1
3.33094791161962,-2.40602381979672,1
3.25215748324168,-2.62913973618427,1
3.25593649337789,-2.76620900818199,1
3.32498168306048,-2.40617925162975,1
3.27026185057041,-2.64459050707378,1
2.61083005654129,-4.54871065969524,1
2.56386394460235,-4.62218329688458,1
3.32478900104174,-2.38092986372453,1
2.54049636762127,-4.60266929531535,1
3.27733898264514,-2.88690921127254,1
3.28011473555362,-2.80576000332168,1
3.33363371482592,-2.4285401628273,1
-0.214431878826927,3.10501307285249,1
-0.213812073344568,3.16715608619926,1
3.40682656755215,-2.29281038695826,1
2.24269922959658,-4.35374641529498,1
-1.22144279498455,5.22400969917529,1
2.98870817197283,-2.88082235253354,1
2.97195237827537,-2.98920657966467,1
-0.498927442956066,2.94373894789403,1
-0.360903039712227,3.35944315753897,1
3.11983388242013,-2.83994597167846,1
0.790933832894768,2.10229860926536,1
3.28946327720542,-2.52970016728974,1
2.98951396094345,-2.94481667558967,1
3.10250900306823,-3.01710691484813,1
3.10425767859823,-2.96921818101211,1
1.86727588417384,-4.4468491981075,1
0.301633468753877,0.539049504066821,1
0.369608627178149,-0.0194204822778019,1
1.429196501963,-3.95343177092561,1
0.895231168177723,-1.29000529164746,1
1.09673717160984,-1.70461165727867,1
-0.979798767368347,2.25855196897175,1
-1.33450053261195,3.75294926930748,1
0.917860445752706,1.01505463089204,1
-0.594506124228863,1.20811566793196,1
1.0911512923148,-0.667175821286143,1
-1.66223965117768,0.692669967900089,1
-0.928117632732837,4.94486282671124,1
-0.694821426269798,3.587060363721,1
2.14493792721574,-4.94049807976896,1
-0.571979634250963,2.82433463469694,1
-0.241555133330256,0.588498988370751,1
0.874545891507724,-1.48627227274086,1
0.552816558303457,0.802452484609476,1
1.08240135839863,-0.250310418677359,1
0.818938845901295,-0.201353456308862,1
-1.71401504483632,6.5926466323565,1
2.08676754547441,-1.81164794569149,1
1.33833199173606,-2.76839066610923,1
0.593082210906261,0.0834911442857593,1
1.34444309652614,-3.23465905088948,1
1.95657699360113,-4.23365413800468,1
1.49300224535869,-3.39333207086392,1
0.496354021600309,0.349575916582681,1
0.695998883579721,-0.502594173879741,1
-0.352678486761669,2.31187098755743,1
-1.60863686037235,0.722240375037543,1
-0.511567064368441,3.49743322514646,1
-1.06761396806683,2.49164949298109,1
0.839667071592523,-0.162280982384653,1
1.61044182939335,-3.20996484541353,1
-0.7399956030479,2.39792920174932,1
0.142004577668189,0.0894923039157973,1
1.44266116337415,-4.10150077064485,1
-1.36218559985261,6.09453733718124,1
0.180194820168434,1.20864979868099,1
1.83290652982091,-4.67736436034707,1
-1.7356899600638,6.64146186646935,1
1.8703516115571,-4.00492743959703,1
1.44980365416748,-3.52260673608177,1
1.5232648778549,-2.3064772268892,1
1.56029127583998,-4.98315969872201,1
1.62296041600262,-3.30059293837134,1
0.847498343443417,-0.589047482721024,1
1.31553173836318,-1.30680652589936,1
0.538071340325852,0.205233466518413,1
-1.60340501905069,0.459507423124328,1
0.796303357096133,-0.127326094837696,1
1.38090429797878,-0.56030018235534,1
-1.87350000922464,1.57464414921811,1
0.429977749013449,2.7251595889592,1
0.67158196616039,-0.612539905601268,1
-1.51878568039744,0.657281584930928,1
1.87477981221067,-3.90181335286249,1
0.841800331021566,-0.410728809142417,1
1.93950149165022,-1.54944722886337,1
1.68180532719621,-1.73228874332336,1
-0.261064412447602,1.07380169619306,1
0.31865596008454,0.649339924993368,1
1.52013017426768,-3.31197325391659,1
1.90479671882033,-4.21530045377037,1
0.948545368460257,0.887978070169811,1
-1.68858115116072,-0.268861035693428,1
-0.178638016626355,2.9063900045267,1
1.86909330188792,-1.18522183321538,1
1.87194146236435,-2.96103783610864,1
0.421049082783078,2.6459563112954,1
0.474610509707571,0.395947580317797,1
0.844606017517164,-0.175206915939082,1
-2.4803319597216,4.16048678247626,1
1.65846047508542,-1.60766586232704,1
1.72506240992438,-3.47051885336325,1
0.577255552684375,-1.86112599982623,1
1.79160642461585,-1.56186694803022,1
-1.4666216105017,3.76997558564833,1
1.65032751040343,-1.70358607606256,1
-1.49632383924221,0.644694847428102,1
-1.49117904202217,0.521674404934933,1
1.62040394050753,1.85491124463683,1
-0.940534991541059,2.05620218778383,1
-1.71148703219797,1.45706509566336,1
-0.333104005498738,-2.06520602499948,1
-1.1344442405487,-1.67459679307479,1
-2.21956580207239,3.4903856037258,1
-0.71523374461002,-2.6687808391368,1
-2.18889478633424,2.9483755474076,1
0.0832871980653218,1.51124925021048,1
-0.796562352643435,2.49976774793262,1
0.603718558869572,0.217244961628384,1
-1.50562414103705,-0.21340355851918,1
0.0962856390984159,0.899482439392316,1
0.47483374809167,-0.338014920262712,1
0.759715017269873,-1.02574308548754,1
1.92947000034474,-4.32019697856778,1
1.11070877581579,-1.1247054288195,1
-2.34227805803508,1.41467718871053,1
-1.1612029912041,1.7142167797511,1
-0.0539168100399039,-1.62891634515958,1
-2.36038434726131,3.1412083792842,1
-0.827937776705003,1.68057254324991,1
-0.127844119219985,1.3336178749992,1
-2.32399021520191,4.68580265789061,1
-0.972185893836389,1.58050714546646,1
-1.16539374873912,2.13859813169477,1
1.06674646436068,-4.32486269582968,1
0.388727338429356,-2.42299782829819,1
-0.0955446880945652,0.0540012702381265,1
1.16317029965208,-1.38792269684552,1
0.0969960825055269,2.87177587914378,1
-0.531603738556248,0.518931529109115,1
-1.39833083514596,0.542269502822255,1
1.04533482477623,0.331705262804462,1
-0.54864621466256,3.12172419244167,1
1.74350173219171,-0.911928326579235,1
1.26652312602952,-1.08569132836547,1
0.847301756209133,-0.568336867494911,1
0.883041589270847,0.296925830569682,1
-1.86412945535663,0.835996548591981,1
-1.48501585435063,-0.21304212720906,1
0.834890424218961,0.270548387403258,1
-1.63230608100548,0.657812913697277,1
0.374248049900733,2.67789170150632,1
-1.735064609805,0.632342707621046,1
0.975393062419826,0.246160299022892,1
-2.59230262026496,3.93645222319671,1
-0.421810349577484,-1.04643536867699,1
0.0613951936094472,-2.21653821898237,1
0.186913005416915,-1.88287429296226,1
2.08604109167311,-4.87836246027634,1
-0.408560654896659,-1.11674000856332,1
-1.17611465193055,3.13253244253226,1
-0.158552567823709,-1.4692032439954,1
1.3560257934377,-5.17031252288938,1
-0.0538648993755253,-2.2148548312729,1
0.5279733735436,-3.18964528134611,1
-0.756409996312146,-2.06409393594619,1
-1.35433521532993,-0.635278321490334,1
-0.441566597936322,0.961849680707297,1
-0.537693432196616,-1.42935423213377,1
-1.96278807833802,3.05312437120737,1
-1.81573902142277,2.4500567081337,1
1.11629672226092,-0.359438722089028,1
-0.670434219388992,3.33618414702751,1
1.53544113056402,-3.70554288557339,1
-0.998037748511323,2.56558725634265,1
-2.59558171735304,3.94171207218646,1
1.90929156442591,-1.26764179639161,1
0.837154106751545,0.416524220435564,1
-1.80605727518776,6.66325273201223,1
0.814132927731247,-0.594493353846366,1
-0.991253039442996,2.54803743499592,1
1.95687495225944,-4.36411188148906,1
1.11621329776245,-1.51281029610191,1
-2.59159713889302,3.92885925643754,1
1.17383387052335,-0.32978203360924,1
-0.765036183410193,4.1371945000115,1
-1.10279755774098,2.54820090161663,1
-1.2689886049566,3.80547517683548,1
-1.92119866305076,1.13366393630713,1
1.69784472965027,-3.84381719681233,1
2.06587767796995,-4.99805540927838,1
0.826644915332054,4.00903560628041,1
0.489051394547438,-4.45928560201897,1
-0.232312416622733,2.80786238864608,1
-0.0677411554161798,-2.31762437040285,1
-0.116173746579083,-2.47866831768575,1
1.14596135628498,-2.25591257573141,1
-0.964457856832954,-1.39457567342479,1
-0.367002648303057,-2.85878093614019,1
-2.29404628327248,3.0839567171798,1
0.214546651959985,-1.97997251766004,1
-1.07874309557807,1.5950178884267,1
-0.894512971154064,1.56188747452345,1
-0.052455879391011,-0.79718569750002,1
0.0861301229331564,3.10195898012216,1
-1.47525990536749,1.40843098233311,1
0.2808564291449,1.35748703658858,1
-0.48528110816071,-1.60596469923867,1
0.761355924818615,-1.72071405435816,1
0.321405959215274,-1.57770157914713,1
-0.0772561052655865,-3.29379995032119,1
-0.117421471492884,2.42730285391036,1
1.30101825722161,-3.79905164532267,1
-0.775936304838009,-3.10162147171224,1
1.63760775048693,-3.58965544972325,1
-0.856994539908064,-3.37433599516977,1
-0.892721799101319,0.640359162344984,1
1.35682898065669,-4.16221597778104,1
1.24742112936444,-1.16959466963073,1
-0.825243037111613,0.874245056575959,1
1.35305625792066,-0.497320284621628,1
1.89477465315263,-1.3912332307808,1
0.706343141255243,-1.45372050398,1
-0.60770538661178,3.42589567941178,1
-1.399525207045,0.940943196522153,1
0.148648727224736,-2.79430374300784,1
0.410833775765217,0.377999494471984,1
-0.380220805761011,2.85086372516339,1
-0.816290367097299,0.879881210051754,1
1.00098319173534,-1.06153152467832,1
-0.860843584446165,-3.39859463804394,1
0.918164083843006,-2.0660854209916,1
-1.13534859443379,1.18797036740011,1
-1.70167928143697,4.39904544199806,1
-2.05288732222831,2.67995710704145,1
-2.04567196790483,3.09869022707733,1
-1.1249955352933,2.11525239021809,1
-0.583728658662464,0.51688452838012,1
-0.755575605019236,0.774007061119715,1
-1.14636517854731,1.61826440025446,1
0.569626584513462,-2.09438027542314,1
-0.0293254835712153,3.30029745718434,1
0.829620607381175,-2.33734825657996,1
1.39436822024933,-4.73566278717681,1
-1.22629381825892,1.42012005669626,1
-0.853951346535987,-3.46738256363407,1
-1.24096748660174,1.33682363936906,1
1.5581070101316,-5.24759326377499,1
-1.30479852017683,-1.06645572989761,1
-0.13999563201185,1.73805777063974,1
-1.08912387833249,-0.951595097934658,1
-1.18089747815129,4.89024388933674,1
-1.76309277661589,6.71221898707114,1
-0.690783175270153,-0.725175139991167,1
-1.01929356302585,-2.57279221178963,1
-2.13509408761285,5.75503395973171,1
0.814662020307155,-3.84583640813776,1
0.502231185478073,-4.14077395282969,1
0.00504704151109481,-3.98425261927761,1
-2.29976070086198,4.58296381004187,1
-2.12942139759817,5.77340525160948,1
-1.83806575060007,6.79686462064703,1
-1.12627606790225,4.59349410095999,1
-2.36969932263143,2.96642807153513,1
-0.957137730506794,1.9470166646721,1
1.86333139725966,-2.67402772144756,1
-1.47418235281161,6.17676447023469,1
-1.73469244785218,-0.432386835548087,1
-1.3038772415433,5.56967379781319,1
0.606234448925833,0.297878015724475,1
1.43483325289217,-0.563133800765705,1
1.83957648307068,-1.69472919541021,1
1.09954627636543,-0.159953567023092,1
0.914796542927212,-0.0532870598439179,1
-0.368938325547185,3.04292150613293,1
1.03842749474631,0.125601114346554,1
-0.357571744203565,3.45012437460363,1
2.0205258874214,-1.78217139015049,1
0.932647674010291,-0.0706724342734346,1
1.89434737467513,-2.98688054730186,1
1.90400117789228,-1.1633842141472,1
1.63056449393587,-1.26598284021314,1
1.75111747387209,-0.945048292960689,1
-0.78025600779574,-2.03412679914827,1
0.370324552906312,2.61967855662068,1
0.731705372932366,-3.76683779506437,1
-1.24149546845743,5.43903086262132,1
0.566702560737106,-4.09753369188605,1
-1.99474276854242,3.43388537675685,1
-1.69063220354116,2.50549271247618,1
-1.45201250965594,6.18775254909134,1
-0.641715069623392,-0.623553724040092,1
-0.998709448464152,-2.63155831226326,1
-2.58888438532534,3.14976387982586,1
-2.13767305561629,5.15250337700547,1
-2.14381774068528,5.72744216296311,1
0.690765206456134,-3.91540777171818,1
-0.983790428582563,-2.71373508551776,1
-1.03399378199384,3.10565629147048,1
-1.34689274438466,5.81572348877868,1
-0.927585278753234,2.91898201464271,1
1.97883537428826,-5.10803443429648,1
-0.365345787996246,0.105360595252218,1
-0.392329914049416,1.22121726963921,1
-1.84932535232575,6.84431617363461,1
0.581960284939096,0.955812351700287,1
0.0515968363568797,2.07718558178438,1
-1.90000209689393,0.800001148758612,1
-0.756768593258228,2.59894115579846,1
-1.71676649093025,6.62023264297893,1
-1.59618762035601,6.40643502190291,1
-0.34475604188476,2.47942621236806,1
0.356153370697195,-0.702488866333482,1
1.30497927342088,-0.725589287540687,1
0.0450070791781327,0.326643664878571,1
1.68426271714888,-0.0949723657333155,1
-1.13397682758909,3.57963802737621,1
1.81747331706096,-1.05198046806697,1
0.335493708441273,2.82619971748134,1
-1.78412890265458,2.5094528020475,1
-0.443773183593881,0.0114618206834907,1
-0.271975083592551,-1.44950608240266,1
1.35904867613326,-5.15045304713727,1
-1.171369588154,-1.41995074592845,1
-1.26393442258827,1.14884905140949,1
-1.22814286300225,4.80659112411603,1
0.107119170294488,-1.4612748817969,1
-0.672094242127017,-0.909469937483883,1
-0.322770962610557,-1.26711651021862,1
-1.5126084751978,2.18908716231927,1
0.297067963914061,-1.45318748784839,1
0.250032423311139,-2.80488652962016,1
1.63086283821331,-5.23733813854498,1
-0.409132263166196,2.33636294432368,1
-0.413183815459525,-1.31076572937969,1
-0.22932399878165,-2.75535081593428,1
0.700010820542425,-3.01666997278809,1
-0.767645426189748,-1.58687248715292,1
0.639834258586642,-1.35686231390251,1
1.53459291132018,-0.668162939342453,1
1.70460343232013,-4.19303221325951,1
1.44321444775134,-3.93316644336187,1
1.91209704021574,-3.57762829328513,1
1.91943166254404,-3.07839878542592,1
0.0895143225858261,2.51767487933346,1
1.75247232891145,-4.12182656654673,1
0.894837999194832,-3.4436002369126,1
1.4829943917384,-3.80647891565941,1
1.34143659111298,-4.2063916900719,1
0.844564583477371,-3.21456204926268,1
2.00653378055769,-4.41086595347072,1
1.15283788510383,-1.43999365875605,1
1.27002809075725,-0.369896242715002,1
1.7072794476455,-1.88430475034297,1
0.557146688917128,0.268704308294396,1
1.60647247629911,-0.822373946127301,1
1.94218205724026,-1.59340167474547,1
1.86223825077369,-2.44278425149805,1
1.85863939865628,-2.60390186366337,1
-1.15946595345487,4.96022373657001,1
0.700509456698529,-4.58503860497396,1
0.979358828643094,-4.58214951320401,1
-0.596317622329798,-3.25260849301386,1
1.03786858731936,-4.69178631769243,1
-0.153717797921793,-3.77716914438181,1
-2.07425407256755,3.19257729970609,1
-0.619909723704828,0.780246922746169,1
-1.33995489118664,3.14190632391346,1
1.29661188988116,-4.1149538441985,1
1.31900885726054,-4.53961867308647,1
2.33054249151424,-3.76992613485324,1
1.2114576143257,-1.21206164957974,1
0.279346899084814,-0.227617257436902,1
-1.63013516668411,2.19314732290781,1
0.273290245864609,-2.26452469441348,1
0.628128653602259,-1.72666134070623,1
0.964388544242546,-1.12730246711054,1
-0.848644568900833,-2.07229447482197,1
0.557566871356606,1.67383320534186,1
-0.0355514730202855,2.11498023598418,1
1.3764326879612,-5.14215972811854,1
-0.532974519086009,-0.650052685388917,1
-0.139378925988599,-1.83360050940349,1
0.193114862710465,-1.57752257883235,1
0.128537229622967,-4.0692567251992,1
1.82255362217525,-5.15989844593287,1
1.95740265989894,-5.15506571983416,1
1.80701658087287,-5.16666853974977,1
1.92917819268738,-5.11412897186278,1
-1.21408057048212,5.76753853098918,1
-0.504087955059604,-1.69232891053482,1
1.51995280519397,-1.10927302385634,1
-1.25656624766278,5.46698930382979,1
0.194910409182161,-1.5097653243655,1
-1.30876581235329,1.44852474486514,1
-1.18160587797443,1.9439915352564,1
-0.645211790075609,-2.24053178297016,1
-0.294896195649149,0.287296161783623,1
-0.33235129756121,0.259414993211794,1
2.75123113386144,-3.17164172773663,1
-0.511423415485385,1.71434517677089,1
-0.998622113891903,0.850736572858115,1
-0.154986816221147,-0.744573768679464,1
-0.00220593584682027,-4.02761096412123,1
0.295002216637472,-4.19884325579212,1
-0.366516637504465,-1.43777237875898,1
0.37490699545115,-2.78242970986166,1
0.25276882446193,-2.51566231701252,1
2.16657206015082,-4.00176009868671,1
-0.934799765296396,-1.57967991705486,1
-0.921119473700112,5.27213574693456,1
-1.24306742728047,5.04951628939902,1
-0.933509920674345,-2.61509667794293,1
1.53192267205363,-4.74169464443334,1
-0.473057886249595,3.50975328087054,1
1.92115446834556,-3.94049178340195,1
0.37569140009498,0.355071596057724,1
1.95201360800708,-1.19644436822576,1
2.07030154937433,-1.92241444704147,1
1.16277269796363,-0.674415186428321,1
1.47208457153584,-0.850051375521603,1
1.56852400925698,-4.38968977858346,1
2.13157718658612,-3.8176919679524,1
-0.372183130852688,3.29727461334693,1
2.82891930932955,-3.01368272009697,1
0.957926827765481,1.12881535953553,1
-0.994646837744455,2.87627282265022,1
1.83215436996937,-5.19438187451017,1
0.0540097799136721,1.586767379871,1
0.0433628761707698,-2.67364394482379,1
1.14862676506182,-2.95309056185223,1
-1.83776714223452,6.81834337811833,1
-0.849182647290622,1.17420124567251,1
-0.839522735730277,-2.19383751986863,1
-1.06418605529192,-0.847219837001394,1
1.63945544024111,-4.83990338089717,1
0.312520384796441,-1.74249107672074,1
-1.97984990866149,1.16032065189828,1
-0.243883777494488,-0.401166282568906,1
-0.588140140565862,-0.302004173320307,1
2.58547679399736,-2.99698463597026,1
-0.707884663454847,5.38677463905043,1
-1.60339616080012,0.141034259773262,1
-2.22794828265968,2.52701980170073,1
1.10193252531943,-3.79060836723371,1
1.33609885960359,-4.70995539044632,1
-1.11190033269132,-0.642711712840678,1
-1.20004562382664,-1.57165645920627,1
-1.90012631682453,6.19800821600548,1
1.32152447346951,-4.24052166948776,1
0.916158104925824,-3.22178306894026,1
-1.5681045619272,2.75585376379711,1
-0.641374630556189,-0.993697040883797,1
1.5148766037667,-4.51094539156696,1
0.58336373388632,1.12840389724833,1
0.4472396726771,-2.12542917673612,1
0.446122981448988,1.35826312267822,1
0.361885064159216,-2.32496557418987,1
-0.908841976980989,5.45206926584632,1
1.17805907844254,-2.32017241845373,1
0.311537544838225,-4.13756628353026,1
0.672604454466409,-1.56679158395247,1
0.155533583370774,0.98356765868809,1
-1.1539684243433,5.13352364774185,1
0.0208221832054512,0.232234963531348,1
0.863166953271937,0.958718103280795,1
0.213282061933447,0.546284551118949,1
1.2430715210013,-1.3310314601747,1
1.64371680227742,-1.5508274112592,1
1.48870161130738,-1.49910569973094,1
1.51266850743321,-1.31247160717916,1
1.74568791478736,-1.26804263286772,1
1.91380400165152,-3.86809493371471,1
0.276395436533747,-3.2945505487271,1
0.941060188491146,-1.20879122442451,1
0.801505476937036,-3.17654557063108,1
1.57050324912269,-1.61066112496083,1
1.45837656467237,-4.21607355473592,1
0.503007892252979,-0.971327050460998,1
1.18375981240049,-1.41442371252868,1
0.321785672514839,2.72958681330585,1
-1.4515732562453,0.146475138379651,1
2.20656000608238,-5.04958500454143,1
1.4980037917963,-4.69016570325056,1
-0.686399997060518,-2.77043759320088,1
1.13369613538398,-2.58082165142666,1
-0.0237832719337356,0.632408822265967,1
-0.0390779219946804,-0.329619081438172,1
0.16654740711119,-0.909619476502445,1
-1.73373860062141,2.21563297352009,1
0.211843526640388,-3.26059800987531,1
1.20392276607889,-4.1167502521218,1
0.247263449793568,-3.92040665871068,1
-1.33040449763909,-0.160082295122818,1
0.898643293163139,-3.71185317986377,1
0.73520035033146,-3.32247262063423,1
-1.73870995821231,4.02750908229496,1
-0.902811637529786,1.31152415504858,1
1.46893450104787,-5.29833009539157,1
-0.0731781790083603,-3.37445003177202,1
-1.01101480524435,-2.31998990293409,1
-0.334906600342863,-0.352118708917562,1
0.335509814939724,2.67151375497346,1
0.0666905193179084,-1.281407508139,1
-1.34130421100693,5.84363232848813,1
0.822329994729124,-1.23197307149043,1
-1.36405277295319,5.44553920870827,1
0.335253378077227,-1.38242505277925,1
-0.730425502486503,-0.990946599593302,1
-0.196143591164194,-1.29368347129991,1
0.978692435068875,-2.20286297794592,1
0.993516644884455,-2.29203761024218,1
-1.88919470235393,2.06259061523382,1
-1.09582327763094,1.19167032646573,1
-1.31434784200179,5.60126941463743,1
-0.145885105637533,-2.90883183701437,1
-1.1842662413438,2.95688200334743,1
-0.0334877100626858,1.87004734707001,1
2.74127603382223,-2.91360180252654,1
-1.07861390926265,2.95968702644747,1
0.0672774900905657,-1.77608310587833,1
0.638611532520276,0.273924810115191,1
2.21918519743659,-2.00197262557815,1
1.90099572523807,-1.16703501631798,1
1.81280538519791,-0.81963078354971,1
-0.711986840033861,3.3948378894272,1
1.20964243473766,-0.404960099435984,1
1.15904610518959,-1.20578043564,1
0.581826403931936,0.199427583240471,1
1.24622583594841,-0.972309244306442,1
1.53831737842951,-1.59729056698994,1
1.80169802333741,-3.62885613120101,1
1.60121891551785,-3.53121605641393,1
1.91175099131527,-3.72704603390431,1
-1.50794982479053,0.820244244238834,1
0.941572371308821,-0.516523007225621,1
2.03132149851963,-4.05013445176744,1
1.42806256636886,-0.418576176089473,1
0.0371642936855077,2.24964068387333,1
1.3392795514914,-1.5744963650899,1
0.922714024341153,-0.421028235015421,1
0.764203581597505,0.337840987756776,1
1.65893119927333,-1.70429411218341,1
1.37583523030459,-0.520992942831967,1
-1.6245316033443,-0.217581208680948,1
1.91562044692294,-1.60339472981171,1
0.946778105316738,-1.80773395942083,1
1.12181967596985,-0.988629179205479,1
1.49449438838234,-1.07599108404611,1
1.45413481068336,-1.46727169182902,1
1.50036547495033,-3.52768486093719,1
1.83670935913894,-3.59975656377217,1
1.84524876186863,-3.6866910229263,1
1.66438695478134,-3.69552469278277,1
1.58966961126491,-3.4640232635455,1
1.6107922839459,-1.62802547446092,1
1.88431533586358,-3.20482246671466,1
1.86584486200103,-3.30079305497921,1
1.67888350834217,-1.51128777098895,1
1.73119402507123,-1.73082365757071,1
0.701208835086668,0.332444148901151,1
2.218131896965,-5.06577227657929,1
1.15556427625533,-2.32790461119711,1
1.24952151764429,-3.78859696932178,1
-0.598889081385268,2.13765746731275,1
-0.306551749473808,-2.77101022489402,1
-1.7069175114004,2.42621692873088,1
1.24551306378043,-2.50754891461888,1
-0.78990555762639,0.31613807037885,1
-1.73502503076817,1.85879909563373,1
-1.65119080723397,1.9775420427454,1
-1.397480145384,0.128691871093639,1
-1.56013498433874,2.74294735471877,1
-2.27035043556338,1.51948011237476,1
-1.75364265625085,-0.146612970774907,1
-1.94527776181885,1.17961449460807,1
0.249902002207848,1.24718461243947,1
-1.67266549370474,2.82123417503802,1
0.400768448506955,0.876880536898367,1
-1.50661831387982,3.72329484612031,1
1.22869673194107,-5.2131853026901,1
-1.08403429306806,4.53267804588772,1
-0.583425707030612,-1.62951157242029,1
-0.215031735192636,-1.87111944288457,1
-0.840966152235118,-1.85748702676097,1
1.08013123669882,-3.92153058537905,1
-1.7417238927097,2.63602986500268,1
-1.20125132354283,2.44040706598209,1
-2.25391590124317,3.02839682020398,1
0.365357738696957,-3.47266810351994,1
-1.05004987749759,-1.91809617578538,1
-2.11924435579351,1.05403134960285,1
-0.288965852218445,-1.02059866005882,1
0.991109131178768,-3.59328638788903,1
-1.70928670927095,3.96327509416087,1
-1.9696128674444,2.33184310705831,1
-0.469400343379158,-0.908861258221378,1
-0.237402560697375,-0.850172164522578,1
0.481902757938791,-2.47795886596135,1
-0.460595368528431,-0.888858064780785,1
-1.61003293010714,2.51181111374441,1
-1.93199881754425,2.87244281312671,1
-0.0740189313514739,1.97263187059625,1
-1.85861728277577,0.0458432951258951,1
-0.38588368391511,2.76027888429153,1
0.688520509733854,0.31038144837926,1
0.882907144758886,0.568105638347205,1
1.53123921187761,-0.838804796652044,1
0.857947001258299,0.286526673958915,1
-1.51650863174763,1.18372564284256,1
-0.000177516705792913,2.39660053554426,1
1.92307721749391,-1.33468823390314,1
1.05243938787434,0.385566676007858,1
-0.473785655090241,3.31089320022578,1
