"non-IPS adjusted","IPS adjusted","Intracellular Protein Score"
-52.156394732131,18.8834988169156,23990.6316227481
-46.945604386084,-4.62974441156275,23979.2484420491
-58.8926943654775,31.0413847590826,24567.5824549668
-23.7178627758645,60.7130351568346,25136.3612078344
-9.72620306804404,-8.23466288743869,25066.1612241569
-53.513758589635,-3.67114258290837,24426.3163046859
-38.0749150678915,-10.1366857739303,24265.3741966685
23.6081486902358,-0.383802609637874,25535.4397434942
-19.9793427154567,-2.08137192882809,24966.6622789161
-29.0238291942394,-24.6605035866908,24856.319540485
-42.0391655259859,-0.716449435103836,24459.1809116626
-49.2846092219038,-16.9252166757855,23824.9941656583
44.6655658238925,-27.7128777457642,25592.3120723784
-7.74338295565241,-27.6247568217862,24577.4559452488
-51.2427012248284,-2.10000389497155,24328.8999437037
-45.6203622971492,13.7747629934695,24259.2380416145
-24.53471247441,-60.4449098444609,24455.6461769324
4.15199121236644,-7.68268769970621,25208.9106632125
-39.7067416386701,4.86995007213627,24469.3817350722
17.723830388402,27.6660757901665,25688.1277805894
17.6552012107003,-5.58451020901533,25385.5214527741
222.692193933295,-20.2347654755742,30756.9882282071
-29.9585703333163,11.2411859544893,25185.1736437247
-60.2339530893786,-9.88219121389068,23890.5633567454
109.873734998499,-89.7339251667118,26300.7358376828
-27.2074585849735,19.2719535594376,24721.3444072751
-6.95245856300357,51.4789639852841,25592.2556236766
-44.0584266333391,40.2096048929255,24330.9075155504
-22.7837047238439,-5.69361024891624,24699.7366633765
16.6996515714237,19.7499630809267,25592.0564473538
2.51427385784978,-1.15859029380997,25263.9029977076
-76.9131739476677,0.556989298896921,24019.9089985137
4.90294865683452,12.3536326516734,25330.7749864119
-30.1199532291139,0.81307414877468,25028.4411506352
-22.9915274293775,-6.18221177279815,24873.9748709762
-13.1008208033421,9.89503908013258,25009.2908094417
-25.0558658307719,7.36817745718443,24544.2619963543
2.00622307411366,19.9083684914264,25786.1626149788
-34.1342479684815,-0.16436037430473,24627.4929487394
45.0265933499528,20.337556752177,26417.2023369078
-16.4311840704036,22.1140074399,25718.7008561802
-25.3996215857645,-9.21348861765941,24969.6945905431
-32.6013171680113,28.987941860252,24994.3708833088
52.248548688502,1.40083971460007,25779.265013855
37.3435558372941,-5.63364979136621,25686.9943646003
25.0753416214079,26.5792868465932,25941.6899498101
-10.7453151289357,38.9955602170951,25286.0364607971
7.38104434017687,28.8740238396312,25575.9260628976
-30.1434673989464,28.8286129799536,24467.8174923773
71.4304773572702,36.3290672206547,27079.422733807
-34.6018970936396,12.2991701778951,24796.9942111959
161.356880395826,-4.86852424415244,28437.1794315913
38.6494246147606,34.5953319613086,26048.4226602642
-23.4633330069325,10.8597925260483,25211.9388851935
20.5256597710156,-18.8045253533539,25913.9787714996
-37.8810486867478,35.2883616160393,24536.1725382936
43.7919046361175,45.6865483403436,26854.2071246003
83.5000437276207,74.0471696463169,28496.9128912563
90.6090951416619,27.961727030489,27084.656002943
-87.5465296341537,-5.48025008974907,23233.6376421078
-74.7304965093335,-42.9192232081118,23689.014606118
-44.8777729983766,-10.0150413133307,24341.6442053342
-15.7216173063172,9.44042937224529,24757.3425663669
-176.605647615861,-39.034455652473,22116.8446136814
-54.2421547139542,-38.496926755339,23571.8787550307
27.5484726562674,52.6507606222194,26362.6417043633
-35.0664704947372,-26.2551698540995,24230.3757947303
-219.608347492921,35.3141046953826,21820.5076314741
14.741796243534,-18.6691736804358,25375.0427244371
-30.2537053739445,-7.35022625257635,24784.9413161994
37.5726919878589,66.0890798925135,25993.275068393
35.2706736185348,23.3845048307436,25832.8429463407
37.9498019881377,-9.02997332744271,26329.1102905236
-33.8545832851112,9.00669802240067,24437.7574676985
-54.3147485466569,-41.6506652685422,24275.6189960899
283.35110794201,-101.268695318453,29471.7126575484
9.4608321963321,31.7904196105656,25774.3256576885
-6.97613396482922,14.5563836001944,25168.1538530078
5.68912212767084,-15.5195092948513,25227.9214523579
-22.5408013778424,-23.0975912501953,25307.5299886795
-31.9616913040375,-51.9481253236884,25003.5034155068
20.9137401521223,15.2696575382267,26364.417338633
-76.5306416187314,-37.0383045361209,24456.3001577721
-12.2063134336514,-23.1803717572509,24855.2450750984
19.8655355206673,-33.1059731247891,25627.1524867223
16.1897803436637,-23.9850571603289,25272.529153703
-36.6418761393634,-55.2043176830496,24144.0240371611
-29.6714022657046,-17.3869803747906,25299.0366879271
-6.5946654246217,-15.8867812953323,25437.8697394534
22.6659941313864,5.72323390628243,26067.8819844919
44.2722309526105,11.3001502430246,26872.1828814579
-33.1825304960119,4.13942040012586,24689.5675112706
-68.722196043786,-41.3585632516468,24428.2500787145
-17.0413352359958,-62.0192261201726,24829.5383505773
28.6640023386885,18.1217069961805,26949.9013962671
-23.9058706961207,-12.1455497446393,25211.1795314324
-48.4682935711815,-35.861662915199,25049.7376448542
48.0702539178646,80.5013807062882,27257.977859011
-31.6218057296322,-6.52095749302034,24217.3212148194
34.9453300959166,41.4062324643374,26688.4894925857
-32.0693059479728,0.480228310035495,24411.0014844434
112.912906317587,-18.6098825508056,27745.6948838188
-46.8113346141102,-8.43173655256738,24249.7229968693
29.7403931305265,-8.78561573173156,25633.1210434978
-19.0746271228242,-12.8675316045933,24601.8309458665
35.3155807637107,55.3696388432052,26437.4795444617
-34.7349604739673,-44.265294262693,24612.3286025908
-6.45359149962078,37.4658658862539,24877.4180275286
26.3715756033762,48.9625120414917,26160.1585094398
16.3084197190494,-46.854488716101,25600.673306703
-40.5522279980273,-29.1412909774695,24515.6615038316
-19.7242170991076,20.0471932589525,24603.9039537256
-25.243508130213,-0.539358235423442,24587.9588321879
2.90930011740253,27.592610836464,25755.7571523885
13.8908943867646,12.3640755694164,25361.8363431527
-49.6616125942486,-24.0460775797328,24430.905371904
-35.9435464781013,23.6565778073401,25017.7418030382
20.4535351184323,10.5342831673032,25935.0596440285
-41.9058469718509,25.531454007706,24217.7264161498
-45.4004971117987,-20.0294364294185,24276.0061260538
-26.0460052483128,-19.8878516370423,24353.7562068199
20.1408133089396,-5.17259587805398,26019.3958640048
-29.405664003287,-3.95552035817572,24635.2841948005
-45.1611050031973,5.74143709901999,24273.4054870703
-46.0962663789049,20.9715547089734,24653.593274835
14.0256473147228,51.0041997119582,26160.4011036841
40.9182746639066,27.0948333039273,26708.8956924208
-134.972833536044,17.2771927276799,22485.697923495
33.5578259437697,-18.2590243360475,25731.6172334421
33.7537580704146,-29.781422908045,25877.9443356476
-64.1808002487702,25.8397418035815,24539.930979118
13.8371651988429,28.7750160906099,25886.7554808321
-40.7181128633681,30.9317552031928,24864.8590857956
-5.06653875301165,11.4785435099337,25006.1441230163
-50.6312497417068,7.01063388797312,24054.3723649354
0.291361243101035,-0.792491178493316,25124.8875876419
-36.8479027536008,2.99823705848488,24257.9333707914
-4.47429026493813,-0.00591066452899553,25247.1147363131
7.07074647524967,55.8163162522337,26017.6879048449
-32.494940829707,16.4685193628355,24645.2702284673
-27.8814142337106,16.4115306523541,25039.6635998285
-48.6013783104418,15.6640845582671,24789.747435494
-22.9685664969997,13.1764468225059,24966.6779735399
-38.4468647177234,-13.0396129279183,24535.972889258
-53.796509444685,-10.3143916916327,23979.2415297932
19.7111283662915,47.0764602374212,25620.9985747964
1.23265499227071,50.8372870745785,26048.2450069238
-15.2922692475747,5.45399190677362,24729.3871434225
14.5389442885753,9.64034315386708,25936.0813913071
-53.077887769098,1.08239150529309,24131.5434075598
-33.6593554610748,11.6507552424869,24459.0509799893
-61.5972080201486,7.24312466644668,23996.2739175449
-56.2947821898772,-30.8831690598885,24082.2029876768
-4.23322205482888,70.708657640618,25927.7321070014
-24.9270773876851,7.72301828754117,24687.5798000612
-24.7846546851597,39.5188505498586,24823.9501674233
-18.4156994453346,46.3789894677138,25542.0920456675
59.7801870980125,-16.5959363607547,26949.499273931
55.4746512139677,14.4335254465405,26560.0684569101
-48.4501050981787,4.99766075264469,23902.7383324341
-27.7210155330899,11.8020132818423,25099.1871866097
-93.7753845203442,4.3511593332302,23745.9746281536
-12.9792260513497,51.8196787978257,25119.6035440467
-3.05031581453396,-8.26283349815753,24854.9609688887
21.6637519184901,29.7669949918045,26023.778651824
42.8986122188399,40.5855235284988,25726.368738828
16.4589242738344,39.6922960959071,26089.1303218906
18.6662035911128,-31.320344528328,25311.384063912
-25.0705930307688,4.98151633904778,24492.6249652115
-3.6987111468367,19.504286696806,25611.2305323284
-36.8729354160486,-16.7993148918653,24297.6543614285
2.22191770509003,-31.5615062810525,25397.3231602399
-59.4564151130174,7.53128872090783,24482.539689797
50.37532686573,-24.4566567349966,25644.634232668
138.964391982338,48.7510444158272,28407.6300078001
-24.2900324041136,-15.7959617368384,24829.1411955746
11.4268972947497,-0.234225956373757,25300.4108108094
2.45241923662484,-7.14073649183944,25583.2685601728
-34.0732902886832,-6.84809613325114,24604.6228831045
-20.9722579878648,-16.0988785810989,24883.9663936661
-27.8602399543793,-61.4728496151554,24619.5643171481
-49.8250326077863,4.05957538039881,24628.696656209
-31.3765038511402,12.6817915931243,24348.7971936069
113.256637138822,-6.62444362368383,27981.6580571005
-49.6943763244316,12.7298893122746,24166.6574204271
75.8705895622586,-53.4172180830722,26535.6460888757
14.0790119674853,-48.3773537294067,25038.9074231198
54.5635869453633,-7.97215263767497,25923.1312182446
-32.548109819375,-7.87286576336366,24365.7846318131
-80.0421968687485,-21.3493663803261,23889.0828736047
15.3262144462402,-1.55220467365142,25780.6451915702
-8.86238363825964,-74.7476704462141,24615.2554745019
29.0998645102838,-67.9199750485368,25604.405342334
-31.6606257045933,9.48942225069466,24873.8731565167
-37.9985441937961,-2.60628757243557,24339.9759943778
-4.70037043927961,7.79020021573151,25408.9707860267
50.3986527879647,-46.4323142810937,26116.3995796121
42.7861259434501,8.01143250380193,26066.9667353454
80.5744315850089,-58.729081532644,26432.9570236036
2.09673275968348,-1.8717253605985,25716.5245876823
115.415602318928,8.94342893967583,27201.5950579988
-11.2298247072308,-22.7323333336344,24703.9914695041
66.4874600855713,-49.7978130165891,25883.9614754613
78.3594035492184,15.278521703074,26528.260336654
-6.65452642504469,4.30143848293288,25374.1540094182
-9.6365665746123,3.69004292462854,25237.5033987617
184.327742088181,-28.3178661751273,30327.8193839273
57.8523860035354,20.295319200639,26142.4628266808
125.860647175361,41.7446546797526,28647.0685450552
15.6804785809279,-28.1376948179324,25528.2711444941
40.976934943,-8.76369613698643,25859.0279299676
12.8431264156183,-23.3408080183632,25210.7301467171
55.7110508536025,-24.4531353706168,25625.0234375852
260.860730656852,52.0150563547663,29601.0485460672
-13.6268214316552,11.9947803325388,25112.1386867204
16.0294464260449,-23.9368020308409,25541.0703718086
5.74083582739944,-1.72910069807958,25816.492409748
-33.5319198797541,-27.7728514843843,24242.8831430814
56.0382079639096,-27.7018725709709,25837.8137973921
91.4779250578957,-35.9039564721761,26479.0913343541
79.9220254371166,-58.114415337234,26041.2131150792
12.307768447349,-51.6644528027627,25582.9971007209
-7.06923741217414,-18.4333129040518,25191.615125097
55.5473925232063,-34.7733166204299,26128.9636261909
-24.4209858289334,1.78965498605066,24607.8512297928
-42.7447836748996,-14.6234087536103,24028.3338808176
-1.14565876661669,-69.5695408765122,24707.2020428412
-39.29452101899,-44.5987105860553,24272.6428612587
-97.7464216431279,-10.1176201622575,23384.1319146901
51.2344141625916,-42.749398169126,25900.5868782273
54.3379542061121,-33.0147338023088,26583.5410539498
44.0249072340485,-11.3431053830535,26052.4391878526
141.841022767486,81.7396419824475,28500.9970534408
-16.8458129546535,39.6209086746832,25138.2785865327
275.025745260502,-93.8866765087337,30353.6322345885
-58.5136564196246,18.8292514876513,24506.1113336037
55.7395280885383,11.0559801444872,26507.1835099362
-32.5847665279606,-29.2620925215058,24312.5224744869
-1.02954360582465,9.22924013526024,25407.2451913355
-47.8804914263533,-35.0193305291124,23935.7724857666
-25.5849042512364,-6.03540513973901,24498.2132773019
-28.4387913154001,-20.8207655411003,24756.6068877905
-46.6898386758161,1.93383331214764,23933.3843044892
-57.9330979204468,-3.06962209914971,23956.9787161454
-22.4062509309576,14.6117798248073,25073.1137462346
-7.03902070350879,4.93183598266509,25279.0905517889
53.6433538248186,-11.8178442940598,26332.393199873
6.098325961134,15.3677280448584,25149.2766357757
-66.2790568813805,32.2780911553427,24386.8732308586
37.641577625899,-18.7690543978316,25371.90131714
83.6468565880849,52.02457671835,26767.6122662178
34.5195726284893,-10.5275194490041,25744.0330980279
-24.6901674086718,-1.02266946852108,24468.4190887865
-25.535003299782,7.23962449790365,24595.9355158299
-29.2481303415984,34.0698233941902,25337.907462798
6.67297746555461,-16.9618332392273,25430.8857440845
-8.48369807057332,-26.99796793148,24657.9409770861
-14.3928131175399,-28.5311851189039,24917.4361285919
29.1247199829626,-18.7699484043549,25832.2643006432
13.6804325865197,-38.3629611632518,25102.3874224354
-20.8031370436884,17.0935620255434,24782.2434253225
161.116518947768,55.3640750871207,28889.9868961384
57.0980960980305,-45.3167484634808,26121.1053826393
33.7822618418984,-32.2901031030312,25925.5557456033
2.16686718526663,-29.6363206029599,25242.7749036521
62.4561847535638,11.0179846579028,26941.1115019533
-35.4425640377304,-21.8297911738097,24330.5786436702
-4.94974923829232,2.93726720949667,25267.2241386195
-2.17396980447032,-26.820736685784,24840.8111886748
63.8485322532443,-57.2017772735502,26758.0078619719
17.3105529978447,-26.4411124887174,25591.4911396134
19.1113954172744,7.7730841501901,26118.8259714684
-16.7040659023267,14.751439280722,25056.0941794799
-32.7553977727026,-48.8049931256089,24431.445780286
-10.218325494893,-53.1394228263048,25359.0331949017
70.7590208261891,24.5315504738972,27059.2999129823
-60.229588577533,9.88622649064973,23995.0208574908
327.033467153875,-225.294872341852,33875.7329189321
40.5026194384196,24.2249709708659,25861.1478621825
-21.1937618683655,13.7456345854972,24704.8504163062
83.751909777174,-52.2218014669956,26828.4477112884
-68.0700457984615,-3.62015893332092,24120.3648277595
-7.66413608886269,8.95209146050663,25308.360473266
-22.6041203023485,-15.856858171435,24798.4321081027
4.02019015445715,10.2215205582331,25671.3355383544
34.3615146978347,-26.4528723388693,25653.8176593928
-10.571207992834,2.10010585063741,24826.0474813208
4.91248338171126,-46.8451148035131,25236.008510996
29.6758071941376,-18.5582131096351,25520.5340687632
-9.6461997185755,38.2348309537188,25462.5677479213
66.8199406264866,7.65497581589141,26905.8098726668
15.3523327479882,-32.8200080102822,25202.75927935
62.2001270589981,-28.0480984782838,26409.2597963956
41.752807045318,44.6276257400199,27200.6246547166
21.5695819116782,31.2592905500918,25824.0091929567
-30.3400654249035,-9.83378196245499,24669.7913093441
46.7007069297194,41.6000384758407,26409.8511252828
-63.1962520236744,44.9244045980388,24250.4568724762
0.973145403192429,33.6251588246336,25632.6080013025
38.8381275025936,-20.786797327766,26048.8518539577
125.300534856604,13.310335975035,27296.7862371
96.2685276436776,-25.5637744944226,27359.3717709161
46.1555735713171,22.9078263310659,26488.4549494901
-10.6804786811791,-41.5309462298495,24659.2356691444
9.43313299067584,-24.1918794897094,25632.1834227531
-41.144989644803,-42.7685921567535,25104.8401842439
43.6975494544734,-19.7594014458629,26652.7930732917
320.509938505529,-53.6763878462673,33265.73574328
29.2110757121968,-45.5228602520245,25786.2456292158
2.12294933901596,-0.687192336126131,25655.1382312028
26.8249451556723,12.8677497105252,26300.9456153778
54.4972664719813,-22.6523039500059,26386.3843897155
37.2408653227423,20.4378176821733,26046.5656395088
-52.9824917086657,-37.1585480830767,23725.7370256719
-44.0286942148919,9.717478112169,24852.8841443842
-63.8064467415329,49.6624397786843,24724.2451138335
31.1758537046317,37.3000485079686,26479.1828318433
-19.7820666939856,0.337050425101356,25313.0314423774
-5.70456475206864,2.06200523027636,25289.6588623461
-23.7653028628805,-4.70711078226706,24465.449913969
-16.4443874942037,-22.7752497800528,24756.2745558844
-76.5586922310884,-20.4832635030923,23987.6166159549
29.1289411601388,2.27573800934869,25407.1938074718
6.22699960563723,42.6894693629225,25485.3795987506
27.8589545689463,46.5026834869248,26034.3794491848
5.42591939956393,-13.4436116926037,24954.5587092316
-20.654509756611,18.751022213083,24706.5085753184
63.8079278932801,33.3675599315015,26811.8869223929
-24.9550504191719,-8.32442467926518,24962.1931249419
-38.7695035466347,-25.3705181502824,24098.0704406061
-33.0596932361822,31.0596241191056,24573.1830795809
-50.2147378142767,-13.3762682295385,24488.3041272621
59.2275651067499,38.946612889819,27241.3941094803
-55.0631913798125,-33.0963389938983,24207.7495385719
-54.4005117836764,-32.5905226623251,24164.5708526316
-29.5261915880178,-53.7880053564223,24509.4676326818
-29.001375061373,-2.01797805564875,25084.4631232404
-3.79627093726474,-14.3804703307236,24813.2502525455
69.4180291352183,45.0564592523075,26910.3717986258
8.36446693682305,39.4428769401348,25871.8820359306
1.81353592828096,43.153470309199,25098.0776071385
-34.1515537558679,-11.6944334716754,24691.6616758661
-89.5218715448133,4.06082752907849,23670.8292043441
-26.9423346040414,18.6852289793919,24615.5596201139
-43.4746400948345,3.66222615888374,24870.9356745311
-39.7748619075171,-4.3979709955955,24676.7733868295
-38.1074405060177,-52.7365267790171,24070.8859302842
-53.0351562174063,-6.42869396368904,24026.1535325001
-67.1778500425662,24.2895864668174,23790.8875994156
-17.914434784923,-39.4109039392018,24408.4756584898
-31.7386300582672,-17.3553690608814,24617.0627481086
-60.7246292750621,-4.58209165852788,23816.3925422081
-23.3010567301402,19.6074081027607,24721.2534040624
-87.7786571972079,-27.7409511154426,23124.5149150945
-85.19463890163,2.54084692955737,23611.6224977986
-27.6553868962329,17.4934943542925,24846.9126094203
-40.5765338490178,13.5812438438491,24772.9199295664
-19.2584189795219,11.4311752396227,25124.3905926322
-69.40287494829,8.58410294655823,23860.5051172473
45.8130158174353,17.6163621039312,26310.5471149699
-57.0870114846691,-6.17047475576058,24443.0242927547
-3.28663959875545,12.1677089365915,25160.662850912
-61.933475517924,11.8731857899032,24583.1700867962
-4.12372609774376,-20.8819879042837,25740.9014232167
-66.7088482652154,5.69477018379677,24463.8062276166
-11.1254496871315,14.4360142146707,25725.3761809803
33.81270649927,-52.3371079148502,26299.7707119349
-52.5493486593489,43.2350170499812,24617.9001490569
-195.98788223667,-15.3852737991608,22918.4762097161
7.77599015151754,32.5607151850308,25895.625629094
19.5206389411674,-13.3228611651486,26176.6392756806
-54.6801585662795,-41.8565002213597,24796.4123816449
10.8667020954211,5.67600373211717,25599.9373790316
-34.5514754871531,6.12504096477145,24915.1063586219
-52.863197904206,-18.4031461279151,24296.7146301583
-85.8921237649976,16.3915916399028,23764.3641916714
-113.860095234895,12.9956068381768,23983.5704623651
-31.4117440491503,4.09240471614973,24619.0000374562
35.459213693684,66.0660151898607,27030.3706465046
-45.7351217931107,37.5248084218244,24919.4879279212
-10.3366647539981,17.0207661218923,25683.5168907486
-32.0576501452628,-0.835502806901188,24548.9574965917
0.110440342847118,56.1662991971646,25861.4345987819
3.77740881706027,48.3344902734039,25855.131881206
28.2472443497629,-9.96348188504012,25845.5348667711
-0.672966158336403,64.2839443397379,25964.4753512733
-43.9152330390587,13.9672067859988,24822.3481437981
-55.2854066547233,-15.172448522924,24173.4406274534
-44.5390493323508,-1.81107447482461,24906.5271494085
-54.8562753743649,8.48025326291236,24345.0907621955
-34.5510626020055,38.8223164648486,24741.3904248654
-4.20730653760804,12.8869554382973,25085.2137352651
-100.25358695787,-8.14285125313168,23873.111245933
-16.5110074374922,14.733219255104,25545.1452733542
-35.9002344244087,23.3935229092897,25005.4024903321
28.0724410110219,-36.7300395268351,25998.8511075032
7.84751451686189,61.2407982319623,26529.6332641649
-0.305203723117536,99.1825455821511,26308.9626890801
-31.1798726416086,4.82739393074193,24489.6517638831
-43.260512669065,12.9327537760793,24159.4386017546
-40.0377398553875,22.760299248396,24373.3287644551
-29.6324982818854,18.6292534271197,24833.5598902596
-28.1413365444719,-0.480904175977809,25066.0755826328
-37.0060553619017,-12.2547853658273,24644.4870424051
-151.323393251503,6.89353919452711,23795.8681165509
17.8768040890616,36.661930060887,25569.4447550713
44.7896215151205,3.15856888040429,27179.5525721131
0.146174036088753,-20.7258907210452,25136.760089238
15.5689790497141,-24.2915132993952,25410.1127525866
17.3150440511987,38.4565746738493,26277.9446544517
33.3873855543483,11.9083071300199,26161.6869162314
-19.1808820702672,-15.9071852805603,24969.5339774279
48.9339445450051,-0.545370520302549,26122.1277806875
75.2953243373886,45.439398631625,27024.0438741884
25.0227352899768,15.0954084501216,26234.6667120567
-10.3933124249723,-0.306817701099053,24890.2375244305
35.3406793683927,2.3974589637648,25865.2266600389
37.1328116504176,6.10542552473435,26358.8555183944
17.1463283537107,43.5206432545149,25687.3358159688
0.605835603897257,39.03600546431,25797.8259329337
-31.877738228561,-3.77561064065058,25009.0793190455
37.5029507167638,39.9421249196609,26721.012132958
-57.7256590401319,-5.35569234035282,24632.7178310298
-4.42758481043766,15.4237337867558,25594.574915973
31.1858931647971,-10.7008543020741,25881.4786346472
0.970699285512705,1.68178459842141,25339.4061027031
28.7379514029649,-34.775789915041,25791.1771176821
-17.270703456858,-20.2378246456686,25328.3485193035
2.65741656366641,11.0949102508704,26102.8188044633
-14.9988948975621,27.2218622599897,25924.0344308954
-112.580007230297,-52.1030718417935,23934.0129227856
-97.7901715070527,-46.8799835977475,23702.8278983406
84.9329220678481,-37.4436431671351,26752.0714722696
19.4725874821207,37.3205944243286,26065.2404943397
-21.5630215949297,-64.8967501659664,24806.0338329664
-45.8050535402318,-18.2062309442519,24193.8687646885
-7.25750775332353,-19.3173412179057,24721.6968611294
-35.7043320821181,-13.4833792978245,24302.7667471447
77.0128474893659,74.7886450297782,27316.1807114479
-31.6190724624039,28.5749872599415,24615.2327473262
-27.8780677990643,14.9034442321295,24646.8088213944
-51.9826328704496,49.0985916415827,24909.1485276285
-3.15913616916466,56.9109909614076,25606.7997600284
-80.4233000720664,30.2397866360557,24022.9491207273
-8.09474828832551,56.5657702671016,25415.9757183452
-6.26354846327296,-36.114868169126,24954.866224879
-20.6073621134849,-2.03013368979214,24952.7112779327
48.9428660699337,-36.6587896413423,26090.357084647
-12.7848490344612,9.75026315292103,24938.7799819609
-28.4061354660232,7.0330255812716,24309.2348076305
-41.3490993615438,-9.3953641447573,24088.8793673344
-50.3869566800351,-3.39321796339304,24325.2220296997
-32.9872365534967,19.1743156156622,24429.7430737173
-11.4561387858851,26.726430856224,25083.4245656229
-16.0253570620275,16.9965430667124,24872.8565411088
-72.2179900352808,20.6867616020039,24257.4639893392
-58.404482926936,5.94182629628539,23771.8997125717
240.609378215103,-121.881523711985,29811.6275317326
-22.2147016960298,-19.0585572332818,25013.7138508455
-6.83498962020644,16.9027209622293,25143.9465095162
-30.8735448154065,-50.8938846951165,24028.9777575735
46.1260514334654,-37.8635221487114,26214.0300885766
-10.0633433059163,32.3027670953881,25718.216685427
-33.7066835674369,-10.2198188211573,24428.7032029147
-30.8942369518921,46.818543835289,25305.765414857
-50.8522397291594,37.8563427500544,24774.113513197
-58.1054406483577,65.6409166630021,24536.5787378232
-37.6310163461898,12.7819528857917,24882.8193058087
23.6718455203312,-71.7263964579232,25469.8589265734
33.7742122123643,46.6404747103976,26159.1711596061
-15.9544891749338,4.81670559443058,24962.9403956164
-73.3998880586323,8.13571322733554,24097.0691959183
-49.991947701687,-13.5664435185032,23710.4046430695
-25.9571107504157,47.2457588753849,25426.8506130612
-74.2601989028544,25.4878429404367,24228.5836362114
-20.9782396621128,-19.4571782080292,25020.0680457214
-52.8228995203143,31.955707175417,24404.266228203
-45.7091171205579,14.498919783787,24555.8401913333
15.1855705223554,1.88289813957578,25679.4941459344
5.60541530866475,5.58245695732796,25086.0274087112
-36.0508253111038,3.77147566011946,24176.5346832006
33.2695355727703,2.69869841405162,25420.3849505013
-41.338010626526,3.32811226386738,24305.8481222503
-2.97587095589807,65.6026123602593,25461.5063432021
37.7886551938477,72.9517103238706,26082.323379151
0.117847061204314,72.9936881075738,25943.5449031301
-24.6990608529741,-3.95440259879075,24930.2036767608
-41.5826971698708,11.288002649477,24708.967864101
-59.7865043114674,-25.0035720047492,24079.5123852749
-80.4464074358425,-6.39674212457448,23371.8169272676
-18.5225604624706,26.7146957835153,25223.9954786502
-20.5020203543185,9.72306230644182,24999.1630350606
-27.7479976741944,49.0234443377287,24872.5729164477
5.07381948117426,15.5889061185321,25569.9562201438
-41.1112357889975,-18.8762167884649,24441.2954217911
-42.1768715140181,13.0672576553376,24756.5262180445
-19.4169226774156,49.2121606526552,25333.828149487
51.1976507863773,57.7468333183406,26118.5907832032
-38.937755175197,-35.7573575649006,23817.5409168953
50.4355890824709,25.0291864613266,26543.4002747742
17.1063361708297,-3.28788209821863,25866.2831559349
-34.858467175094,6.74297281619811,24479.5977864525
-15.7051053045216,22.7708647048991,25186.0656323735
-53.4969035758714,-4.51588173177811,23794.7653250861
-58.8778074883543,34.3776331631699,24551.8575480545
-6.0065978021402,29.7844616903932,25351.9635096555
-51.0526812794931,31.6149175648552,24626.8860312861
-8.68233411557689,19.3079486727347,25611.5004619626
40.4932536185398,3.32060536379013,25734.5330915454
31.4954914353398,-23.7143398408624,25391.8785927645
9.16228723561745,66.7034019719457,25796.4083319423
-11.4361455378505,-4.78251911343739,24781.2165893045
-43.3934012059489,-17.0337511345045,24657.8098291275
-14.2935907590126,41.4075508111032,25598.6843712549
14.7083448880995,14.2036601695215,25586.3408901718
-31.2302661974532,-12.9236998162531,24415.2637539882
-50.795745079505,16.764904071492,24449.6802043667
-41.9273504684765,32.9709887576464,24319.6870877518
14.7676690860159,92.0409194421916,26096.9870405722
-42.9827910983854,20.4466605642875,24445.4656769815
-65.4899727207481,29.5611290013029,24330.7763969158
7.03345474846568,39.796649743034,25797.0226474654
-14.3720474915577,-5.4532410293673,24709.2656825444
26.7490599436066,28.8498857780411,26024.3634255181
-12.9301594762602,34.0013744662334,25087.9713534183
-28.1790628673716,-2.31652687036192,24560.5757010918
7.1587041849719,13.6937074241082,25030.2465949037
-20.3088593654502,13.9845077566092,25344.8587086133
-31.8717828587542,6.91110219566136,24719.7703543142
-49.1256318670574,34.2716951207299,24254.9509513321
-7.21013284872167,4.41777460922414,24957.0529617871
7.88929790009214,103.225455521094,26372.6764031831
-21.9140090958894,29.5036479684564,24861.7123578083
-17.4301837917524,79.2433304808077,25481.958692891
-50.0125249409485,-2.54959613609,24295.9139861245
30.9580618179613,-15.5116119337673,25970.4029654174
10.2744437173255,2.36073425083983,25550.9235918429
7.38181417602665,12.2407093581788,25309.6043196676
-19.6535057101335,-15.4923798892333,24868.516029316
18.3495455919868,-20.0811205681382,25462.5584650803
162.297488516828,-101.83329954331,30060.6808071721
-16.5997209996774,-23.0243727415804,24631.4539759843
-6.14002354926667,-29.0597452000232,24743.8805288129
-68.1816474368114,8.66870545864854,24134.4342329686
21.375862504407,15.1273020472777,25734.2583149828
30.39241421513,36.7723381464471,25724.91728511
-44.4196237087541,14.610728673296,24038.0049299091
-20.2870579199929,41.0126135781351,25304.2418415049
-20.6757343344705,34.3372759124673,24736.5090910498
-50.5738768173967,58.2974018330246,24259.6918211436
37.7327644311881,22.428283542094,25715.0225710524
-9.67876974508019,57.7184878993942,25219.8538108841
-38.5288144249406,3.71430661126928,24538.3210221735
-40.7630060431036,26.2496269250703,24940.3270624335
-74.2060549607816,19.8292518174124,23844.8758444558
66.2227492263174,-0.637326051883938,26623.3574452605
-19.3795758689113,-31.1770014474315,25066.553318862
1.47223974237496,37.6530743223945,25562.1754191407
-4.35869501598,23.1148290108655,25586.1019495566
-11.2829773218914,16.2527966034457,25532.8502095902
14.3702826425546,30.3381876770344,26213.3952968628
-25.5398936225327,-9.61423942110365,25056.0861290504
14.8121953431933,22.8511859438006,25532.8516974181
44.9570150026376,122.196503140843,27085.9226044499
-19.6959812779392,-27.5580868413015,24522.5312756772
-6.48007605740133,44.6316100684603,25769.2310199926
30.088151662092,58.4653010737033,26428.1481749837
19.1308987404546,49.2803936348039,25739.5003784009
61.0823756396902,56.8536058589266,27029.0700490789
21.1275696720741,3.09541429989496,26009.0936278361
-74.4584917390467,-4.33538825651396,24281.3054823904
-21.1148559843814,25.0291525183655,25268.8189274258
32.6602832916879,9.34069647200554,26079.5995303554
7.75951214037405,61.6551896599353,26599.2661178498
43.3423070747018,50.2231957536557,26496.910676514
-5.37288163233528,-26.1766201707989,25604.0115234668
20.9389332629506,43.9203090725242,26589.2894260013
-35.07321828697,41.9788219494418,25713.481785071
-43.7139997137534,20.6236300706804,25435.9256756977
-27.7037274403847,42.4947701213722,25499.9106239234
-9.41373655762413,-12.2015831097647,25336.6458425898
33.2936599821079,55.0365687351107,26817.6879460189
-12.6977077192302,20.8723663253843,25500.03552826
15.2998703020709,67.0193429785799,26128.3425352169
33.618789022606,54.7099881410279,27327.7534386257
-58.7417801844713,29.0812571220337,25215.9994674971
19.6501614587089,12.353654882377,26191.5614913748
29.5343937575323,-4.9842933029868,26433.322041717
-39.2710149737122,37.5208805833795,25254.3842929038
3.09426015327479,-16.6403515982363,25041.2185612961
67.2441500008694,42.6072869137464,27228.493493829
-42.707790250364,28.6253340511612,25080.0265635335
8.76254447435224,24.3107958999112,26037.4362398012
-29.6700202844336,0.395582921350394,25010.1858134347
-13.2620234740562,38.8606341626305,25671.1346916146
-46.2320576754592,70.6920163146778,25279.9726206317
-63.5129031877675,6.21697806190174,24893.8131548233
52.7716027267596,47.1403752362723,27442.6301708509
-35.2411413510387,-4.68706294868474,24917.6143171739
-56.6720818773675,11.8862384189043,24097.8320280323
-94.997644311601,4.59705350618695,23638.3029468492
-5.94908728236703,-29.5918402933441,24927.6761825669
-36.8634848016115,28.0814295742531,24486.5848208502
7.05035690200999,32.7459193475874,25635.9766589915
6.23190347813002,71.8558650932387,25971.7287713523
-11.6393871762118,-13.0856054110212,25115.3085839003
-39.2316405031896,24.7495655061986,24776.1469656786
-12.6453124062423,-15.8580817082567,24515.2559528674
-33.3846405990205,28.0598480321118,24889.0483967185
-5.41760885252389,-30.4236808147496,24462.0103689103
-2.54113629502831,-33.428653526461,24822.7494606378
-40.2035923013884,42.3755560511839,24811.4253173118
-24.1610371126815,6.09290847809534,24564.0815283566
-31.907494759523,6.73096806174077,24970.2873821148
-20.5748962148717,50.2477158519657,25039.7328580688
-30.5105366981381,14.9843651074844,24952.4676503985
-1.49764999198949,28.9051232432547,25754.8518688347
8.69588994421992,-5.91789990319279,25334.7825207326
-13.0417783352072,13.3772680636664,25189.9648079617
48.3718644139672,70.46046689929,26892.2124925012
10.6565423958425,49.2022298520451,25854.3289846583
-16.3638346803893,1.99949655828998,25120.7056268482
-24.5045907826166,21.3218452353438,24640.6751051378
74.7481773250273,32.5880168617884,27315.1647822735
44.5290240259284,40.5619349518363,26333.8522969585
75.4233659023018,-1.08452497348123,26214.2291254461
-39.7647650809655,24.9241443345748,24878.8686786831
-13.0355754045847,-0.923030744103785,25385.1920892688
31.6530394615019,37.2638234404651,25900.8173786604
47.8767142520469,-9.09665686242372,26641.7043479235
-13.140357641614,48.2977970537133,25630.5720108633
112.690892185861,93.7505141987425,27838.0768098597
8.57161600523864,82.1983112337663,26261.9763331891
-13.431653981696,11.0194321226768,25093.3344756023
-35.9921457924584,23.1876703790585,25000.3681963175
55.0758835852591,27.9840675873787,26802.6270664715
312.89307033709,-253.217895739705,31522.6197680557
-29.6813342714698,29.421683948694,25250.7774501857
4.78970299752958,12.9174445800895,25766.2276374209
109.495933923574,65.6922500880654,27567.2004151105
12.3934986862683,50.4585074047865,26221.5644613986
7.84211043288595,17.9918320496194,26517.7336328855
-44.0294230781469,-0.800248623047411,24450.2172572946
59.4463943568182,38.013562169998,26427.4635859028
70.0617106334516,7.25285602719738,27417.3608654157
7.39930390657607,25.1092317623458,25968.800700557
-34.8415737773705,20.5086890305306,25475.0760185212
-8.43654257946647,41.6379505556286,25659.0979660066
46.1194941059293,42.5347505552584,26682.8849480837
-35.5802082913257,45.9108671705402,25834.285199227
-49.1291672764309,-16.1936086698405,24222.9507118688
60.9264169859038,49.2823596147683,26662.4038478006
-36.7785957123757,-2.68942030285263,24765.823642015
-3.10114406907444,49.2023633232068,26002.4384360674
68.7178625944474,37.1967632317825,27060.2351572493
-22.2875380482958,42.7332443665852,25420.0004245001
-41.5954153618365,-5.59810809034349,24502.3759431496
-17.2154102010018,-19.1671879414023,24515.0303546569
-30.0819699250536,11.2313470190616,24960.5141193669
-37.9353570033087,35.5519343590256,24491.0906879139
153.870988128921,24.7276348778998,28940.0954397964
-31.6927279766358,31.4219035497465,24628.1817013789
-0.488793066212836,25.840534305936,25256.1357085129
-1.04418749381477,38.86869979533,25333.3338374803
-73.6857082743429,-6.99039165232191,24103.6113350131
-19.1691413802878,26.8649337834779,24854.2813169277
44.550997139987,48.3881221939116,26645.3761921958
30.241715399445,18.9049032422155,26288.2899751102
-68.2882587211157,25.0375765411365,24073.2964760751
-7.13358935628227,11.3958527816677,25093.0949229165
-41.9565804996038,72.6504872382055,24769.411785898
31.3884738828549,-8.66003514294697,26128.8248329679
38.7346368025263,-18.5637695253549,25659.6103514461
17.3607390121307,17.8808149742323,25170.2897902899
-8.15484044490438,-28.7954407972898,24585.7415682264
-14.3541379474816,44.9859294141739,25565.4975951326
-24.570887044432,-10.1303646309878,25005.6352193524
-24.9535759943178,20.7380514823733,25768.3514851868
54.4561361994455,-35.6125536495087,26129.0531979603
-282.551852624735,-63.1360391393669,19252.2313399428
-232.143475924692,26.1769546729694,20749.7682726114
-245.832420576498,-15.9000876444295,22028.1995166461
-188.086252749566,-10.6356659289284,23104.3620163818
29.8169690648737,29.1195442723008,26754.9036928807
-45.2300387410393,29.9041186673594,24833.3242034263
37.2483221898082,66.9073253798483,26516.2312239255
74.4855047209967,133.837836690892,27745.011772195
-29.0674732666954,-35.4693623665965,24809.5130674282
7.07236213157398,-47.1547676455841,25421.4933984026
89.1458503957903,62.78765463791,27664.7921396574
-23.061046898453,-28.8416019216967,25637.7279868785
62.4516452273249,-5.90399841899674,26828.8538580975
-68.3851734224599,57.2386512277911,24747.1313275728
-6.66805981730745,-16.9153929158554,25685.419364398
-7.27787237722124,25.3211636287829,26132.3775312116
-20.077341539291,9.4553174207957,25627.5478234658
-5.74617387964261,-30.7665417512586,25390.4687456868
-79.999128324068,17.4902054778073,24464.3973924892
20.566119900315,17.0969973191557,25903.0751679189
52.3210358290526,94.0085893473993,27124.361800372
-36.4622554292742,6.01448769289895,24930.7373226453
35.9232968371873,31.7733890830641,26233.9160655938
7.90363685356786,24.4710658657668,26574.4347464793
21.4213862921156,73.540110113424,26762.1244039994
-24.4124715015949,6.31862650773836,25584.1735115776
-38.2485859736115,-8.79351829271504,25334.4756087111
-28.8810741258723,20.3308486056376,25709.9546000893
8.64129310929541,7.22415675209345,25839.7584486499
18.5327024773498,51.4602049679904,26154.4004749438
33.4419714838951,87.2934507787729,26808.0490930037
-73.6319605413988,12.8962944130484,24484.4630866007
6.78904072549351,-16.2606061413642,26007.4485064941
-21.8675620803437,25.8834154865222,25326.7297155977
-1.9593150504266,13.0748493209873,25691.2843655851
-32.9937745195396,19.4102601277257,25245.7064342641
-62.335674477512,13.9980705969898,24422.163047986
-18.4660775550545,25.1107894308986,24891.4607449669
-43.0902532678856,-15.3627032108872,24552.4197659911
-25.1689846024187,25.6216264872673,25021.3931038587
14.8607338456516,68.6057372469673,26218.9191497778
-38.528636525091,58.7139421012665,25084.0009754204
-2.56674780333034,22.3889674586873,25323.3824050759
-32.0913850862663,13.1062322288679,24463.1258911949
-18.3010122860259,8.50818470122451,24756.0464125891
-42.3520993469537,-29.3925813971378,24036.2756248861
-39.4759655966279,46.2961588744814,24788.9363548301
-21.0149606899717,4.41471544393317,25189.3133840004
9.74283510349499,43.7611145977854,25974.4490636968
-45.1458194097123,-14.2884676939615,23853.6244466294
-0.938510627245393,51.645264264088,25944.8151131317
16.8455045853711,-1.54725231824332,25968.4808129513
-27.8907687260044,23.4822634201985,25001.7870663629
13.1712457855785,-37.0560830762382,25665.3516558296
48.9557999870265,50.525317994551,26460.6474591889
9.86888334232103,49.0230912656238,25953.1488244785
6.07776059131492,17.9736402876899,26049.2616225907
-26.1700764882967,-21.3595829937971,25036.1964937503
63.2498120496854,42.579471565901,27026.5952316638
11.2254051972678,-11.3214593925448,26136.4030817772
-7.77374151302707,-12.4866330306237,25441.5594756153
-70.9033097903615,-6.17126876351196,24575.8428133766
10.3639336192701,28.9607866385444,25413.5651355388
196.712804373191,45.2611727102454,29389.3425635362
2.26605274302496,-37.3377814718845,25265.0028960922
-20.9450998593945,49.5759501818348,25662.6930764763
15.5853195347407,25.5768082514857,26498.4575847534
-4.74044505106538,50.2112928458524,26121.2608768484
12.1787922658964,35.1213874747077,25647.0064504243
-25.6584238710824,11.1214701374811,25337.9249496728
58.8606023104031,94.0196884040966,27483.6671640572
-13.1398299689788,50.9159903045376,25716.2897641748
-10.6355757979379,27.3191375688551,25194.9418618066
-26.4337743493183,-17.5453481032201,25002.6845313893
80.8641764514208,15.4277818005541,26759.2507489376
-34.7429124239391,-29.2131116403407,24880.0901824518
-12.4926440845745,21.5916971407398,25173.4043679131
-25.6769219182735,-9.69976101590059,25468.2041783752
-45.497800680941,40.1662785942682,24349.9170536869
15.7420004267483,33.6094867833276,26042.7532522288
53.736209999163,66.5284812648359,26679.0281404946
54.6292485549615,105.744607459711,26767.6046524412
79.3526241721659,-4.08908596105909,27117.8559192018
-39.8337132007034,69.2600039336569,25173.3773150809
53.0724144711247,20.8194990764743,26562.2546200947
-25.4552795096892,9.11144351900496,24607.6234808399
1.37681755879371,18.9727465444936,25147.3822080193
7.49431680831736,59.04611430173,25426.6366097707
-3.50881753582919,-20.8221786206526,25053.8366505129
-34.0426093652176,29.4948231636662,25038.0925213329
-14.7073246498255,8.23277473084307,24915.0087280413
-32.1392973625991,35.3406464117736,24924.8214638706
-38.2925871678503,25.8687448420931,24844.1769721783
10.8603295504766,51.390422699998,26434.554848911
18.7270554437005,58.2182037924566,25972.9696912088
-14.8839065170624,70.5398969262488,25538.8441471822
36.2019702458903,65.4627045753544,26141.2446350867
-49.2176944611858,23.929913142382,24241.9656712601
56.8460848850499,30.4331208844642,26384.4409539743
-3.58235135128653,2.12343123916046,25151.2926229028
-25.7456759357924,4.3790097675596,24874.0974894759
-12.5981226095771,11.5188756657266,24954.4197074985
190.961986282557,-67.6611119807365,28382.6289824145
19.4389987443099,-5.6737239810964,25879.5199312179
-50.6979331749835,-8.5058709022512,24338.0686185958
14.9254941776864,-38.822952822203,25707.4090804008
-65.5246384036852,0.923493601867902,24091.2586153069
15.402883916168,41.5427897522444,26040.7156421178
-79.4451698827605,14.2822512781916,24035.7669496205
28.9322600728217,50.5462324553947,26163.5299041078
12.7725866429964,-55.2175298103879,24873.6863694264
22.4954457540218,-45.0594609904476,25517.5122860155
5.88971905553367,12.9029222999271,25479.9737996933
-5.62567646572645,-18.6190250312305,24869.7424516904
-1.07639689154751,59.1157319509638,26145.7134358009
-2.4082387426747,51.230753406789,25492.6496763426
-31.7422866643548,31.533970175565,24675.1139037298
41.3816500187048,41.593297476135,26847.3425162696
-15.3199212503209,-0.102858663289038,25173.4412210553
-53.1832499860558,45.6598076243786,24825.9463366443
5.51459972607565,21.4268066336253,25493.6077291765
373.090792576676,-144.134274474607,35370.2765381714
-0.842964485021902,-18.6390497528751,25703.5256586718
-22.5601747095096,-8.41421170582279,24727.3143010213
-0.952639768395511,-24.2972801433865,25503.2841626399
18.1018438265889,30.9485213692744,26015.9322919143
25.8381562384729,47.3752011173174,26234.3400767623
2.0658772180509,13.7806975035677,25574.0168803124
-31.2292922530967,-13.5469216883908,25019.7891699582
-60.1539880524843,32.7953366610564,25093.0959306545
-52.6613908209635,-1.83803897039147,24996.5460232348
-80.3635484667806,-1.32364127473861,24362.9326558265
-28.8907797125758,-3.59546451816513,24985.1865891163
26.4049246807509,-22.9649515551613,25999.427524179
-24.9554211313395,33.0951590588902,25001.2573527834
75.279668728347,47.0119916553977,27213.2783534804
79.7947095664014,24.9580888308806,27048.8935413456
-31.9561360388591,-2.87454140020904,25158.3162015995
28.4865072909634,38.5056349395952,26373.7258210373
57.2318423501053,1.96268099510006,26665.9310394513
-58.5153419355991,-11.7061805014718,24860.2685969588
57.2017166571699,-0.489588179075843,27134.5849939117
43.4003172681231,-29.9968159066052,26619.6630330077
-25.4987759650763,6.77142138128553,25333.9382254246
-50.8911225255762,3.46667364342858,24811.7076214717
-27.7825775775496,12.738813015568,25233.8617256745
18.614632383311,42.1153686586091,25744.7318859877
-36.7215834687726,14.6092129235015,25173.4256881397
74.4781104991326,74.8996197271352,27386.7853801095
-39.3466162604455,-37.5304699925197,24597.2052822662
-82.0313465167988,-32.3245418099445,23581.1194659291
-45.4489196787592,-22.7924358520213,24837.0224633309
45.870814533632,45.6958064006949,26350.8064197399
-27.4750777052342,9.8810656152024,25343.4992531659
13.3459034241663,-59.0270496074886,25214.8970943513
-13.4490131281881,-16.7926192103568,24821.5464429973
-3.67061929604739,-53.6454331506909,24425.0913569908
-20.5520697293914,23.8481839326633,25017.017404819
11.1333837995382,38.1904944627244,25741.1582137173
-40.4252523749032,-29.2276024424777,24220.3585003529
98.4376072436503,-30.4736895282496,27150.2929332705
11.3539297299591,-11.2485333539471,25863.6563628677
44.0450942288479,-43.7289194467544,25683.421061999
199.691801753087,66.5781606629107,29595.9215233602
27.9221699362247,-26.4824468037325,26403.2628685451
-16.6677213095033,-10.8772605354954,25127.5002821609
29.5569822041355,-24.9304503428424,25988.047113046
164.621825325106,39.6838020611548,29176.9552962687
12.8721269637983,31.2287625484357,25972.2736998067
-46.6840898993684,-21.1594199953271,24063.024087503
-43.5688507507195,-27.3178997201061,24269.4659995947
118.057830462892,34.4155470429238,28030.9661806786
-36.0259318700873,1.01618003982235,25108.7334693809
-45.7423246366057,4.60623837102459,24208.2353465555
-39.9126845174661,13.5551335018973,24828.7709183986
-24.4729500162028,-36.2741176716389,24320.9082594396
-3.57579902094365,-43.5171927963207,25119.8787925599
30.796817078912,-8.43008483672119,25963.2322532919
-29.1866321844695,-12.0264336251294,24708.7752196014
-38.0928714597257,-44.8438289932101,24308.8565536655
150.705910664305,-68.7741790341465,28672.6042487902
53.9381109554546,35.2227425389394,27078.0902914706
-14.6463699255006,-39.4200528952277,24462.6763743138
-53.1578968108705,-21.5457250541711,24154.7601000024
28.3344158652263,-2.27014260636117,26060.6287098072
63.5536795686707,12.3680642237864,26678.7329533426
43.4640928434603,18.8786824516206,26409.396084343
13.8626389520085,-12.9296602681206,26069.716293479
-117.727602031152,-8.73430647760173,23111.2604237796
-30.7132264835575,-48.4532840282747,24864.5350446199
58.283343811381,60.9621478307716,27307.9286488325
31.1225569638128,-13.2681913274926,26044.7729322809
-46.1857027339262,4.38284512662039,25289.8629853418
-175.123321746876,-60.6107434921793,21776.1386418394
-105.290237145887,15.0275997911589,23117.7114825836
-52.2959573484795,44.5115607181413,25350.0568984433
-10.4329754557857,-0.523064586820274,25120.798474452
42.0738432542111,1.37091548870989,26392.134952994
-41.9231617000505,8.39160751410801,24625.1737028796
-37.1765415623764,23.1142013990655,24642.1968023987
13.7049380651835,45.0959127307921,26045.585953306
75.0942551310336,31.1973871885595,28160.0075841554
37.801210786806,16.6804464573795,26295.6835393509
131.255932138034,33.0599930182492,28280.8561186313
86.0960883992733,59.9575425108841,27535.2437577398
103.464862628057,103.935683647713,27139.1457061044
5.28350401544599,-38.587857083138,25224.2417646935
14.6535588555674,-3.86318217036073,25355.5431282964
-26.7336362496866,15.8485018821655,24986.851441839
8.93233095284404,32.1612428306219,26321.2375429883
-12.9084423177509,-1.04183126529957,24769.4228764174
117.894727766269,51.0167157028073,27772.8707879019
37.4748538357653,-5.10514816210491,25936.4586564779
119.372115486502,53.2226142471814,28332.6801463519
-30.5413371205,9.2331448540067,25251.3095932502
-31.8647998410978,9.34264682883049,25677.5982743076
-3.83944989438176,29.2412285524618,25940.4427260503
142.601591946688,85.9873024275702,28493.8347620698
-23.0805025616066,-8.92425184594887,25140.4883241707
23.0731627665644,73.4774796304325,26572.5727593518
-53.29727337151,-8.22489833164609,24544.3989612769
-43.0080455248293,8.8519875555458,25047.1204821299
-22.6523638075707,1.79183765822088,25379.9609649283
0.475349794966309,64.739993678605,25666.2525841477
-29.5621356623007,-43.8541410327454,24825.1648314492
-9.82164653285035,17.319288808199,25800.9055502388
-26.5664061014126,26.7169318537241,25183.6958225054
46.0238122282777,58.1738353525767,26863.3564853415
20.3142734410203,19.9144617563276,26721.0778263447
99.6893926115081,27.689543806106,28040.2645332809
21.1661098106439,-40.9534072517167,25661.2107738533
66.7367707497098,-8.18159637993372,26535.8223826876
-48.1448406575062,2.2831605090014,24927.8889968377
436.013428790562,-116.24023306874,35468.1640226621
-52.5538233205616,16.5669232033393,24795.7687052268
-56.387335209712,-10.0990519990373,24819.8636607918
-56.274984207042,-14.4218950898289,24885.7743004778
-55.3272893623168,-13.0266632034964,24184.687067812
-23.2948524076878,10.4636789365681,25306.5006317137
31.2964988092972,31.4259967706789,26785.2947644309
-48.7751981936004,-23.6352172549862,24982.2654659015
-55.1847669110626,-28.9677966044858,24806.657257083
-31.9799570221002,-20.8228179549835,25348.3008542962
-45.9135192221706,-6.06755839559488,24910.1475882635
-60.8449790874052,-6.91076344279689,24113.8136476063
-32.65291647064,-3.61903253632096,25613.2834366324
-22.2467124800314,-15.4373676683422,25246.7007945993
-67.9617924330585,-12.9145846569344,24471.6347478072
-32.8973555088189,-20.831383567121,24663.8373313862
4.17642358996562,-12.6402921222252,25200.9518105408
-34.8520066968561,-6.26254563789875,24814.3646881156
-55.7894976254082,-1.76380676065194,24023.1201333945
-52.9322207634913,14.4271684124421,24427.1615567903
-27.7636864376509,-3.91262729536856,24776.6733642398
-62.8003910074048,19.5141880944811,24441.3073200459
219.974116264832,126.787125631172,29743.8367125135
93.3690656300297,-55.9672792171401,26120.7229172779
131.261070803213,-42.8592539981751,28993.0813412792
-77.1569864221651,10.8299040879795,23427.680156466
-68.4932354213306,-18.1937446967106,23745.9182706172
-47.4353472893283,-5.92270672750262,23998.1834167835
-42.8549096211466,8.98304499215865,24262.381347739
-1.28506195412018,-3.80906147283959,24884.2336271257
-42.3584614486853,3.11782069548326,24461.9030086827
36.3949344542698,-19.1224108602235,26113.1558473847
25.4588778696784,5.3148236720947,26060.7131779364
133.09029936344,-40.3413689686133,28752.3419335182
74.6103064734527,5.22521391153275,26612.4475643555
7.72556304571517,15.9450008533489,26096.4296078345
163.138473715893,-68.5247846487523,27982.1447983911
102.47981721371,-35.3434911456233,26912.6043826565
51.5358442119447,-66.1399735866676,26377.8107388195
158.054000358652,-70.3032731169839,28093.1758369351
40.6973633591621,-19.135821059081,26077.1110555772
12.8974289032372,-63.41225794766,25818.6322279516
-45.9430068254834,1.65134310362507,25328.4862966701
24.4937108867564,-23.4553732985113,25969.2142766556
208.509124997357,-13.3272680983487,29753.1481304439
48.6713276355661,3.96913024872477,26594.2414425893
-86.6651262935226,-4.44033284267373,24101.9987823083
120.655961438652,-37.0848556654911,27361.8233752561
68.9729985008569,-33.207482538206,26464.6182950062
15.4106219228913,-19.2462820458511,25228.6951023152
130.300712676331,-14.7604943595148,28956.5006460177
-19.4319860404982,22.8746236471987,25436.6073553497
25.8980657644078,-34.8790188678972,25751.0555882564
-15.7132841678098,-18.2857263591789,25394.6497499455
160.180263079291,-69.477970702831,28356.0871581701
-25.9154592675327,-36.4964373652184,25009.157983742
132.690884401418,-77.7799381291809,27322.6437289027
28.693058029582,-1.54613475156811,25582.8445547017
-1.50741777828427,-34.2497263076876,24995.0344445618
-56.1723439364459,-5.16445259836349,23672.0578616819
-2.4876897776818,-8.94103711999551,25040.5082801979
102.184502054642,-25.7799049150082,27654.9584082856
2.03387123627922,-64.1386101954136,24705.2482601155
-2.51431637656373,-21.8210167727442,24960.4983586277
-54.7409987835689,3.05126553391985,23948.5951449247
82.0552914165017,-80.9947197875287,26283.2047170905
-93.2023262195542,-5.94634204473765,23856.889430982
44.7147558304494,-20.5711003728129,25734.696078029
-12.4435889507993,-35.8091661819343,24770.9019135205
83.7163101934938,-32.3843822023804,27256.2139937681
152.350862916213,-63.6471865931317,28741.507366231
-3.77147196141353,-14.6603317644933,25637.5574564443
43.0766537066326,-24.8005605716156,26961.4090851704
-44.2090925000153,-16.9305743393852,24445.8498103448
176.706476341428,-83.4779440017712,28645.6481523659
-23.2659069275189,-12.6383849883945,24890.5239607935
1.2731168357071,-50.6700406100027,24672.2915249814
132.021255045435,-50.97775113585,26838.1949421976
-14.6372452831417,1.53967880547695,24699.0191566047
-15.7391124030813,-45.7150248850148,24612.9798981453
-13.8850216895293,-22.6248280330748,24789.1177135435
64.8751591390791,4.70657747460725,26783.5204439299
-58.0483178871162,-49.9879644591346,24437.0190332639
65.7858691015965,6.280918704393,26731.3311283365
90.8370412018448,-75.06864341075,27035.2345442016
63.5164213074894,-33.0880537319207,26070.9523794343
43.6569247497826,-72.7905433668255,25698.9333542937
-35.8361623159985,2.65968180830123,25057.7702225414
146.343633927708,-73.8432494689781,27274.4061887618
46.5097264338371,-15.0076275720169,26198.2058760363
166.960998906604,-61.0971458132511,29338.1275307071
86.6099360370766,-24.6532252777757,27119.067903904
275.533475450554,-21.2046465816933,31889.2775543864
-63.5016989747885,-39.7714508855117,24676.9123334246
51.3047935510192,-50.3590280803529,26368.2804084096
22.8390439191702,-9.82811565504554,26271.1171272469
64.4279989547949,-25.8707875266884,26745.9161352206
71.9662929706759,-24.0561583398742,26511.3475802707
82.6877855188133,-52.3658402673874,27200.2586555139
11.0019248190758,-41.2096064829285,25687.5403164782
61.1685063522805,-27.7473932252241,25792.8573769614
-61.7904977620283,3.80910605694533,23914.3198687873
128.655781581374,11.4911650737362,27837.4809256766
-9.58671509131418,13.8726019558921,25306.4957724428
127.899755639991,30.6400137604449,27952.5361074722
-28.3262794960846,27.7917885510334,25064.0541229646
45.9914329309557,65.2388360514085,26170.4421899727
25.8941391923815,33.085456071348,25830.5519367356
3.11222326791413,22.652071409894,25410.1419333667
-33.201941803675,56.942109037118,25211.2299366278
123.32361491703,-3.87766933442579,27530.6053203483
-35.9381391458468,-26.1130544340087,24482.4036245618
29.6346691175346,9.41878506101378,25488.6969563929
7.69842654758778,23.2724895469931,25766.9151951901
73.1717602434666,64.4338395972141,26904.4728688358
-12.6108303306832,-0.749857407705867,24941.5973609273
10.9342118757049,-15.4993866412661,25476.9249443227
-42.1565038394715,1.88351481986412,24092.5015790856
40.0654276236804,28.6248087223026,26260.396939971
-47.7393404046291,-5.70547156001475,24113.1531759954
128.64844388752,-35.884687199799,27103.6925518145
-27.9738988321017,19.5146395361425,24669.7107874309
14.0395906093971,33.1036105266505,25320.6208311025
-43.1091165349382,52.3191818701895,24888.5367325141
116.478809292949,32.3044274526288,26903.5906577095
15.3153046342401,45.0453822627493,26003.943743328
60.8267123685456,-62.0071311835754,26065.5199694002
13.7789221485159,-41.3472431412201,25110.7215335352
147.571850759837,-110.215390971943,27790.6966792028
-32.3627087179277,-29.2299713128186,23976.0928368716
41.2230906922844,0.57039865323023,26376.0634183236
35.6406571275902,92.1498139486506,27027.5252187748
31.2637199783483,104.015498257512,26692.0336999133
168.038315282239,-132.550376920366,30000.6825107125
-65.8467790487264,15.5207733653421,23769.2090573597
-74.8184985879772,-19.0314869062226,23502.2845713714
-28.3743146530026,-52.6030931093186,24447.1489551162
-57.5738817921602,-34.1150750263087,24021.5010931322
124.897659806447,-33.3020683342384,28246.7064924758
-64.976796516394,-41.0616507616852,23592.6312146665
-22.8540923140822,-12.3876557227796,24813.0315784292
232.83197590766,-59.9761996032154,29512.6140852682
-22.4109502019996,-36.1516149642512,24359.3363572332
20.7195323646164,-3.67831848649029,25724.9023151663
-58.9133761003399,-9.38408950178349,24039.1466467641
-42.9061105404461,-23.8467182329149,24071.7127911491
-58.3181850698985,1.28603896482448,23858.430926682
-47.0694261075862,-20.7224034108547,24199.1826756718
-51.8441975695823,-30.7414745241034,23960.2251544495
-41.2482633297477,-0.20050903551558,24398.300017235
60.9994390064055,-10.8954363076203,26372.4476058145
2.61883073664692,-63.8798198893275,25038.1370451995
-15.1649870895628,-16.1920436232141,24466.968742604
224.97777873187,-67.7322277091422,29239.7961169636
52.9894776556583,-89.343752640625,25805.8038503555
244.119795997688,-63.9407536443382,30164.6652489072
30.2863967083098,-27.4629615454193,25848.9131118211
-58.1998915121889,-18.4660347496536,24731.3652665169
119.652422856482,-3.52353001784863,27806.2367549374
-21.075051984627,29.6393319158139,25323.514434039
-13.9614782301188,-32.82967683225,24714.5668203001
129.946680824242,-19.6706232328063,28082.3222950199
173.416154177797,-0.680974163001558,28048.4464939706
20.7120399748868,-9.57751680168003,25749.523169272
35.6006603612717,0.0737095644327197,26105.1587159293
-19.8897412125474,-22.2125054809597,25101.9412044388
17.7677444463556,-49.1080292536924,26054.0217006878
115.158487667818,-55.6836750762906,27552.8477820161
23.752259549059,-17.518750164926,25444.1134481691
-10.8779069218669,-15.8921037003095,25085.5326841984
-32.0759297952674,-66.680241015874,25062.9794749105
20.7122203997654,-26.9200577875528,26043.8178358739
-16.3596969989997,-48.6904960440416,24534.1011014357
22.7483626285882,-2.17845212716262,25448.3506379597
-103.342402402981,-13.4634506333536,22948.739081662
0.517522341644246,-72.9278248023845,24479.9717443154
-92.9483071968901,-2.07531077179199,23203.7723539781
20.0025315806853,-52.7882481637443,25248.9576427562
-51.9315509864797,-11.9750518187627,24209.075250596
-38.59648160071,-62.6629729420601,24051.0828371399
-25.692385021986,-26.0897339560755,24415.5308955222
2.84922799166502,-43.5177915558793,25690.8340592868
5.54995798059249,-71.4080243179356,24609.6614104606
-9.3954727902424,-17.698045239302,25084.4632467758
5.33219144779156,0.581088721867913,25386.7777153644
-13.7922964764639,20.058607099336,24598.1571495273
-74.1592882366136,-14.5567483312996,23523.7092939923
-92.0682416196758,16.7085995310787,23259.2209314435
-29.2417814865996,-38.7362104755419,23995.9533153965
-23.1821751081662,-79.8427986527652,24496.8553428338
-102.946337062584,-32.1371156539857,23133.4568014392
-27.2740026584152,-46.179221233526,24369.5719369605
-88.8694968534719,-38.8993070673702,23482.3482116743
-44.2668754263366,-34.5923995988512,24826.2635987113
-13.5149269328818,7.46330473011934,24852.9017223232
-85.3828497476594,-44.1312325028326,23894.5356481955
37.76514295094,-55.7125729604198,26633.6742889647
-38.4457827972019,-38.5095791768575,24274.683319385
-28.1582323097404,-5.8850574762802,25193.2210981104
-17.8944423144855,-37.1206965268592,25065.0615962874
-26.2731081477372,47.9452658990433,26222.5271058717
-59.0757129710072,-13.9022254964739,24387.5318913027
-42.4947180618671,36.0719079780219,25134.8138084559
-13.5129460520522,-30.9169394608624,25152.327208676
27.7043452779716,-42.3786710361946,25513.2193540089
-16.7494756970691,-26.0518066453452,24979.4983855777
24.8262956624895,-17.3583642361565,25888.8920010693
-44.2075855948862,-32.570973398652,24963.5509246438
-10.6314614587217,-28.1510856824734,25253.9434991977
-24.4391458277298,-17.6276753167073,24504.2791817181
-29.352801070331,8.72756130072772,25329.6384040324
-9.67668780002865,-26.3700787596839,25851.2711295741
-35.0441207495349,-18.4839132195483,24693.1514487632
-81.5033135867988,-60.0241880280817,24314.3847262979
-101.477112803901,-44.1872521363417,23696.3389011239
-17.6017625756113,-9.8365997779449,25089.0102306111
-88.0592070105946,-21.7100185416884,23569.9760692875
-57.5107899045891,-23.1909105193742,24467.2263079722
-44.6569529855572,-30.6834522119604,25041.2563141633
-15.7348298055119,-18.4945966601621,24708.8435707922
53.0820352192248,9.32263881959925,26387.3217994737
47.3277231528817,-34.6328388507613,26036.3189879794
5.18181285535398,-47.807853491322,25529.989217242
-71.2805324001533,-22.7338422614285,23992.4183604997
83.3027819067474,-31.1159112507976,26982.6813324078
-35.887098046256,-23.4346885861198,24470.3526121532
-34.4530355940174,-33.1313041119268,24333.2798577641
29.1389142159769,14.6736016078275,26372.476256073
41.3933498820865,-20.346839842253,26036.4999542127
-23.1953452118515,-35.3849075941305,24596.2454256486
18.6988300090676,-49.4800315744243,25518.0443205327
0.298384330188482,-36.2836500932626,25588.6629673765
-32.2315882176332,-40.7159607391374,24767.3822167697
-32.3089440162699,-25.5183794591736,24298.7307402932
-33.9855135868839,-43.301744301743,25003.705873576
-89.6295473211488,-6.24153404398326,23873.2940304355
-4.44712813460831,2.27038285264509,25074.1234489721
-10.8502149185552,2.09148683852449,25143.734753979
-54.1933896307814,9.19403929474034,23849.4283768004
-25.9696504932448,7.31561535970804,25038.7897780372
-28.4373463264524,-18.0090792569196,24652.8590512638
11.5182577092387,13.8366784057893,25473.5351850225
33.4722537446679,11.3757273762362,26442.3374294222
-7.58896263413101,-23.7348556952379,25071.806947797
5.62263448737567,23.9692508805545,26045.3874497794
-16.2490080115022,-0.745276142532954,24865.3030253412
4.61350718143642,42.3467549225993,26281.398618721
86.679816822292,-15.9381565710316,26520.5047225529
45.9048864277359,-4.02637636732242,25878.6797344437
-69.2150467308894,-24.0714064974585,23722.9231549349
27.9920355518683,-13.570738268318,25421.28086992
0.694282770528977,-0.63684230001785,25064.9978778075
-26.4415991023163,-6.16019343789434,24509.6768551977
-3.10744035296953,-14.8167364026579,24934.1774349003
-19.4587025447814,-12.5665394981704,24592.6434929258
-9.0242079567191,-9.23753545802575,24906.5260109492
193.824282203522,-19.4882917158297,28396.2586062062
-41.2845848075435,-40.0178923725376,23870.981296436
-36.5953173411653,1.33772889032597,24355.31932143
-0.284228287770282,11.0895381014646,25219.4154391687
-47.6771167554061,3.41043066961261,24140.3196900936
-72.4854021636326,-2.12531156173712,24108.8110573059
-49.150992477348,-19.6855719550426,24234.1969618256
3.01619783779089,0.236215765031275,25167.2390516082
-15.6961513006694,-9.41397516921793,25025.1307214608
24.2563971294368,-16.4202421099821,25866.7332008624
8.22455999276869,42.0088746355688,25825.0189776303
45.5840856858502,-6.64994217381653,25846.9182030851
10.0180545050207,-19.5433042913521,25371.3182709737
-9.39628267100585,13.0255759761088,25609.2633670062
-47.4661249899645,-24.6098044945017,24236.4091324054
12.0521175403725,-17.2719401334281,25341.9671913419
-6.51529771274748,18.8719446272397,25133.1156756881
-59.1822176343874,1.88856304734579,24189.1911169811
156.534915796045,-22.5521503785066,27168.4933368623
12.4857868094877,-13.8104378481303,25470.6645990961
-81.8180228442474,15.0371365614913,24151.850052619
192.34997154848,-96.7107736633535,30451.0439366821
-56.1955836425276,-28.5098991174029,23935.8129771403
-43.7423151753002,-6.66119894993865,24489.7252570978
-36.7268017918947,8.9176483698879,24289.5261121519
-103.044790037112,58.4560220592922,23735.9456170038
-41.2489053969543,9.41508707670662,24603.2810570457
-15.8302423739451,3.73466752269421,24783.904373693
-17.2049422190049,-26.1300217761956,24517.8558012192
-2.6726568548565,6.30274351946875,25055.3745309021
-6.32642621486991,63.3806638356393,25632.2227249369
-3.62995149256004,4.06318262634503,25428.8347397061
-3.05894198998469,-30.7225607789693,24714.77630812
15.7716129900068,51.2994412630414,25915.4863287845
26.1376681485303,-27.2825117832411,25788.8995751089
-19.5594132714576,2.89605995181314,24734.3976298697
6.85677601188131,32.5644655032703,25570.4124293808
-63.028068364459,-9.21394775792361,23789.9336485112
-17.7102648827121,10.9147961315685,24656.8525029713
-31.1982720572182,-24.7350094215648,24223.3573904532
-32.6172475794473,-26.2260388617832,24510.7961723685
6.50628161045412,-0.262835065197586,25422.0019327589
5.62694725164314,-13.3399542486543,25334.7027554443
-36.4733773282196,3.90924662278363,24255.7035974798
-72.6642328165089,21.8700397748435,24293.7381450849
2.70952802137659,-57.5269948694479,24702.2387917925
-13.3816985536747,30.6264787990713,25439.6483189545
44.775943431527,-30.924605818165,25753.4839578103
-25.9478728687074,-8.23549532843121,24770.8864459381
-41.7632917331356,-2.73647377002979,23933.0143319176
29.9644916707528,-55.7877681918831,25447.9050011053
3.79849195897521,-5.65200999831173,25118.5987176671
-8.50766463553218,-7.33583055704939,24934.8064390529
74.7367577887667,97.1187242702774,27422.7912542485
-33.0476822765254,-11.3711146825934,24648.7287324185
-53.6769048676035,23.6524106096871,24636.2462894351
-31.9682682103726,13.6036006876841,24708.8746298973
-29.6837477640907,-18.036186691725,24529.9115852775
52.4660455635602,9.25607704514584,26495.4087367432
-28.3761271271847,-16.9118925644989,24415.0295140992
11.3222140642709,8.86194918427735,25536.2189852067
1.56261644167522,35.3408227833403,25194.5808323776
0.974501743103077,1.96501368618397,25679.9022731647
20.2255889635335,-4.58273894079981,26200.2052140957
2.05770001383112,42.3584675778537,26355.7119868216
-30.0913906160848,-8.44693890233209,24543.8490492146
-31.2850783161383,50.6432265452021,25393.9455220372
43.1888634945926,71.9918000354644,26707.7955236278
-28.6489512468525,9.21115809081648,25318.8941540811
23.1742995957052,33.9763542761865,25966.2212186992
8.29694986371184,-13.701892039977,25530.2232509202
22.784536281586,3.80355924491227,25937.4751627604
2.917412948379,-14.1525790218394,24882.521183438
-25.5142272095696,37.7136608050498,24995.0959690178
7.18363698384273,7.84234262305738,25151.1635974152
-15.2591715188075,23.2635353405638,25172.9946864096
-27.7654959557207,5.73640621753657,24497.7365326579
-70.7137371474391,-1.48433617028235,23521.9119601808
-17.1030608636335,-18.8169401321034,24947.4092620468
4.19847127123699,60.876910963682,25754.3116238154
14.2696604138266,34.5951929450346,26066.9778948906
-25.9439474425904,-9.940974679692,24568.3426719515
31.4573307354581,56.504350776609,26468.891801057
10.1910942843092,17.060246964133,26090.9354958311
5.1708663656377,-8.12527820786478,26107.4280802235
81.3888020052423,48.7824344978901,27224.221460176
2.95237121607991,23.0243014208891,25836.2442084881
13.9367791507013,9.62561238341472,26584.3550958534
-59.7193119405139,-7.89004117086528,24521.2821456267
-40.74451645763,-8.68392497362124,24762.9102145209
-7.74118345193888,-2.42847664972278,24952.4271921497
-26.8531019187793,3.13863594919196,24451.1511133979
31.2955174769698,-9.20558554972864,25404.4084787506
17.6146713618104,23.8144841396763,25984.2471421866
20.1251734604094,38.5846054027735,25752.4594517769
18.9445511647147,-46.5683737873283,24910.2443974101
37.4622295041783,6.01336323459657,26249.538759662
-10.7870438632879,-34.6973595073,24473.203845932
-23.4439333697245,2.23599085998965,24660.7028028717
-20.842561863379,4.05661811811499,24746.9829893767
10.442164966049,-9.59868819896047,25480.8823852548
14.1580049444756,95.9445105125051,26138.4513903819
-31.2413128657529,40.1013439515624,24792.8317646845
5.14598918795079,-12.4974797410384,25307.0192852928
9.86422546114752,50.9318318393185,25614.1384899272
34.3048069211766,-82.3642125949505,25955.8950551934
-4.0466017360617,59.6262653872642,25816.7267143834
6.30081019459532,-15.9470369154707,25154.5414414802
55.283790824285,42.6241391226855,26436.6342025704
-8.64632552344767,-3.63908474913712,25571.1960098809
-31.8581078729475,0.51956380580347,24610.5572170238
-32.0359411852164,-6.97484791975782,25031.9040045671
-36.4623221542509,-0.164760086745561,25127.9758909809
-10.9414550199206,10.7602812663241,25483.6945617326
36.0175814001298,8.33874320808137,26161.816927561
-23.5534781688527,-7.63567713513696,25528.4512210855
-80.2192611342987,0.981006202806391,24387.9102183027
-29.2129422799918,11.0031065624281,25151.5249897003
-47.7440200423604,-2.82432472546099,25239.803830743
-33.2703882632971,7.41871433095136,25412.6903663517
-15.3481638154415,54.4523950107027,25656.1114336733
0.890966960078004,7.0709699517115,25595.8117169254
-23.6690260733227,3.24528840058559,25511.4421498154
42.3896038297499,54.9840748077043,27085.5803971214
284.497469453675,-40.441362612731,31977.1379475893
29.7459700295078,36.0371590842486,26688.0057342799
-9.07604555546373,-8.96484404108577,24918.9630734729
42.5764291349716,4.41015433781015,25541.809639845
-48.3412617017194,-3.53544652549429,24003.2064411136
23.5984226022535,3.64450970354795,25619.4448062364
57.8006573026452,69.6213459272146,26589.1557198088
-22.4403170406321,-23.2993181307697,24467.6251611059
14.7629299134658,-7.47477102870014,25083.2809540014
215.6431382314,-16.6178399146012,28798.4452702332
-17.3173466589775,23.0265897520299,24566.8019440809
23.4369591933152,15.9875334655317,25828.726069892
-68.4102146617143,-13.7349717672324,23962.5701076592
-26.7666915728427,-4.10505817688609,24774.1974746885
47.3228750802823,58.3016601148343,27211.5403368239
-6.90949165061383,-27.2092358811424,24763.5597337996
77.2040769930766,-9.01201130360059,27689.9212336495
27.8107396483227,20.0933813608208,25818.3268589133
57.4019110302427,37.4409487621285,26687.3434431233
18.8777024425649,85.7781162622401,26182.0446208998
-56.0548482953904,-10.3632357214864,24183.0026092327
-57.7568376046541,-0.640557798551914,24815.7691893217
33.9375951423065,-14.1344638018455,26177.6513353326
-50.6040625550106,-22.7503725741071,24958.9391251214
26.4805960057582,-15.6528347980847,25531.6821797366
-31.8783868879225,-4.75339986415723,25131.1774946373
-39.1251665254526,-13.5938492652625,24986.4844146615
-37.5270205433783,-64.1151355994141,24404.7871122739
-25.5750239775126,29.3107486724715,25895.916776953
-39.8640087519942,-1.63539204464699,24454.1623405593
26.0315657345866,21.4319162741787,26811.6112926436
-31.5912967399677,-11.0904524270559,25085.2941703185
17.7014878031303,23.8978115320872,26354.5633508738
3.8167110282954,2.53717122002466,25972.7196946646
-6.02000101240049,-11.3888962646879,25442.1588909099
41.7780218141243,-22.3140052555602,26241.6896657118
1.26151960555314,22.9991190106136,26249.761474688
2.13942785361149,-20.9343378182576,25147.7498756068
-20.2028972702757,1.5608683386192,24929.5562956307
-27.8045654076122,-38.9922165285225,24780.2239194051
-21.3153641230162,-36.9277672052336,25134.8527848784
-41.968425148226,4.91539519178971,25056.9400734098
21.2981643728109,-20.9170084611842,25378.1491373597
-53.2287209795125,21.3036487955913,24505.1467238234
-33.9178239751547,20.371051149054,24335.3910968904
-44.5371045986972,-7.39942777982433,23824.8686576476
-38.3935214895519,33.9642711804872,24821.3613168926
-6.06082747066184,7.78748858653353,25438.9867432377
-62.7071126224358,-29.7988124248348,24088.0342480867
-18.5799550257294,-8.07177364001798,24700.2570382879
3.55794848765986,7.39853249512674,25097.2411709748
-17.354805845379,-36.0341946464786,24591.3133969947
-25.518697542002,-28.683869870331,24658.0030823994
-21.7795755478346,-11.7930294872668,24526.0139486136
49.3568218340531,-12.6791385812367,26359.9282600216
3.32510551927019,41.5634181031523,25611.2734153011
-33.0493660943174,-4.467964144499,24222.1560902491
-1.6304764970357,-10.9521493563876,25221.5214442898
30.9764740499685,0.442753166756212,25796.5543470618
2.01824655000324,10.3181056313532,25344.1354008478
-11.4791542306795,-30.9620657392458,24747.3946479582
-29.38450934458,8.4077005810928,24875.0345305284
-36.2582460152364,-61.710519786486,25043.0375248655
0.861245305323434,11.5905804273268,25822.8011635011
66.398301241824,38.5160208195169,27088.9134544138
26.9227376873563,49.8394268817232,26150.8064995951
37.5741818434048,40.4611395799497,26361.3279124913
21.534487346737,22.4942323569943,25816.3303946883
-6.68048858105355,-11.3884766993596,25900.7031549988
-3.79775745174267,21.0415329001881,25636.3728164681
14.5618320021149,21.6978025980293,26236.7426260382
-31.4029728095435,-24.1377457182582,24796.9503602295
41.5806909142471,8.79878452142898,26380.9001098881
-36.9388997965361,-15.9691990883775,24242.4267810628
-80.7340122604968,-43.3310875601818,24413.3604167047
6.54457043047548,38.7643483867279,26229.3380304665
-33.719392180434,16.3722573475571,25288.8203022396
7.78304011098571,31.6457296585485,26101.9701886211
-96.6449725529506,17.6603222917023,24188.8002380808
-11.7184815785257,43.4824944784202,25710.1553221248
12.7289407583987,-1.52967541490096,25779.2913835447
-11.4244764267268,6.66987886910279,24997.7268631682
68.3339875526188,-31.9526837397448,26792.2457651635
224.011968927367,-63.0037293653576,30199.6849065466
-81.3832824870559,11.9033371734022,23472.0569144755
-18.7500830677915,-29.5485306590645,25448.125711537
59.3499130341728,-14.3449332736276,26558.7557354898
415.348948889931,-94.6528233955302,34580.5372522087
-31.31856882218,15.3335245403002,25397.9731723396
136.319415152498,32.0956430884961,28907.6540478192
-43.8141258510277,-47.6950880267481,24104.5292125098
-51.3283548136655,-28.7255287025128,24982.9337650081
-51.5105490148083,19.3940722284875,24968.8229446319
78.1103052440486,27.8826135905787,27585.376107248
144.512141231482,22.4907865973695,28956.1637763245
258.600130825798,-62.7973015819604,30504.7968009849
63.0262166218432,-7.7185024665111,26475.2196108912
341.87747998366,-68.6547927609476,32520.4023954991
11.3427125629108,25.3562557991756,26085.338879346
14.9458982304038,5.04220377379653,26007.0018112784
195.145095998328,-78.1314297346072,30909.2514778084
-33.654200386111,-15.5678359542147,24606.4447727696
173.091919860004,-101.623015360936,27677.0299381048
-26.3187470091427,39.9283822625213,25395.750258798
109.354307804411,7.23689285468529,27022.8875104563
13.7338315648349,-1.42390325364188,25453.7477771506
279.307598360954,-152.183398764775,31267.2544439353
-6.56086559560957,-26.1017295368207,24661.1777139252
-29.6424207947785,-16.3328430636321,24261.5912868295
0.802374239695717,-42.8096486756798,25227.4345747648
-3.01545010059696,9.00755610460498,25357.4096933508
41.8163396809315,-31.2601081596329,26005.5192743598
0.144839054879208,-24.7103761077689,24964.032888021
74.3622167079624,-34.500055052817,26166.1502315501
-32.8679678492526,-31.3729120925038,24572.1002480013
-4.07286927723874,-12.5318994069721,25472.9804374724
-51.1883769079543,-23.2304705481976,24155.1911778766
-24.6953565177913,-11.9420732800064,24412.0075711409
-15.352942160461,-24.241399399587,25182.4258328963
-20.0659747208887,-4.79970949366437,24923.0928904929
-23.5769347514383,7.52314575464574,24751.0048092432
26.8334819784684,-70.7302248125707,25504.9345213822
-36.2106112999939,-37.0693595181198,24940.2670813809
101.727126349948,-27.5356835221339,27112.7371579853
-48.0041874199873,-20.6908277269786,24662.4065098663
49.4092208014063,11.1625963488961,26501.2379411118
15.0689629153769,35.7631839869363,25825.687343582
161.75984573629,10.5566537441653,28669.1958597489
-7.22627794504949,-24.099639715628,25802.0301236249
-31.5900424759593,35.7985446968454,24892.2371644383
9.45448450655721,29.3968932928823,26092.8143401986
106.969033868744,3.61088805823983,27945.6306168644
127.806671554692,1.06770816560647,27861.0518570244
-52.2286608371133,-35.9586403895541,24910.8386771064
-36.1623065797273,3.84176341625196,25200.0765162273
16.3749420217168,12.9691939585623,26171.7324312714
135.298332934203,9.16773165241298,27588.516674865
29.2654629995416,-45.5482585363839,26461.2271317557
-85.833472062771,-40.5308560098587,23973.4839409932
-11.6206302657508,13.8075732970913,25098.7886773438
306.352801601781,-49.2044201677652,31506.5313483944
17.4774696399824,12.1645048319679,25304.0247160518
278.277618671508,-120.27323940266,30501.0450359548
-5.35369425136803,-25.8188785587552,24822.1699621997
13.210884755965,-40.3449619887642,25693.6913271206
-8.37659116905769,65.5714113571557,25939.1773679371
15.3209426184971,-3.42719694271131,25450.1777089058
197.764818503546,-12.6327932354608,29346.3342008615
331.016598063616,-99.8484403844344,31528.0856761858
146.105448729982,13.7016898277022,29098.7427534685
24.0093838928217,-22.8174717180033,25670.0321386003
-14.2760251265744,-14.556882465709,24719.187551071
-22.3850361042119,1.52261603940471,24819.9423161101
3.6409914720871,20.8645091581378,25412.7073774084
-30.3111070067193,-11.9209105201211,24947.8735766051
49.6765787677295,38.8643729508177,26212.0779397734
-18.4602854591128,-21.8985307486813,24522.2878209545
35.0126980015926,-34.2474582671353,25974.8904921821
31.3230552614637,45.5847205238722,26371.0691563326
-5.17682148359117,2.60833844194753,25851.8592426316
-17.837162099157,-11.0276659451473,25529.1734711678
-81.52915265582,-17.7811142587006,24386.7538634745
-19.4446349194938,35.8853222270895,25651.6294735606
1.92260987912022,11.4958199253717,25651.1886431182
63.0918693759238,5.00694923246647,26572.6217559132
-18.6988547362648,-14.569228364897,24820.0467095873
-16.0759282572668,18.5284673432336,25803.5930728995
-8.43846882297616,-6.48066499756964,25067.0749112862
9.57950364135891,25.0799022439723,26018.9522051894
-23.9652722151066,-30.0804045847719,24956.9436509736
-36.6767736752346,-9.44295467155061,24826.1572128501
-99.1225298205122,-12.7654713283819,24242.6551193947
28.3440971361137,-29.0141389504865,25915.9587983132
-18.2821943343492,10.6798418120697,24864.1230201559
-35.4006072698494,-3.79832586041168,24440.338994801
-44.5669943118924,-17.6796539904742,24826.557001693
-21.6694908216023,28.1268572445588,24981.1415618312
-19.3385219750951,-37.3411756137186,25208.3089318967
-10.6844239787601,-5.14611532626694,24537.0001902967
-60.0873059356559,-12.2154138021813,23645.4193003261
-57.2907231677749,-21.4766139298702,24243.1859981827
-42.2062266367616,-32.4639721732703,23965.4065572768
-41.8405208954099,-8.65792195963768,24419.3779753388
33.0060517524843,-50.8075819452876,26313.8190309469
-61.5135554578925,9.78222639974255,24252.0148258401
-54.8878805787282,-4.41814843099671,23993.9479424462
-48.6414612124144,-15.7223229214561,24197.5183288084
-55.3253014768732,-8.22231673888578,24322.9127643193
-41.5492443196922,-5.22455997889736,24147.8687602882
-71.0048708040996,-1.35120832975196,23445.0381981406
-31.2746693523846,-13.8443118094722,24333.6135554312
-3.7787467397633,-13.4090645469976,24601.5144006043
-33.2138442678933,-14.5148976865537,24349.3760471915
-5.2943031853769,6.83396887072002,25265.6938899217
-20.8364182817994,5.50747930506443,24953.2641049499
-36.6428260205527,-46.4865111234859,24027.3307667415
-36.2380851155168,-1.20828698306515,24460.5540406516
-40.1518338827093,-0.666631502301418,24312.3811474896
79.4375031500932,-6.07445669581317,26953.3564698413
-54.4688802888699,-11.8667388996956,23977.287819528
-59.7480844372009,-24.4511452850225,24422.0621606286
-24.934651200077,7.72730708404421,24782.2830683208
-64.5096395682224,-4.78139405456433,24956.1548798304
-38.6399698125645,-2.44196858002043,25369.5775899916
-116.49802543485,-2.49289788871912,23112.2723382538
35.2782752938529,-10.7548697446322,26719.1529284015
-3.31256140196124,-28.1760595340523,25404.2201625172
36.6354117414974,22.8091455645687,26202.2936297346
-58.8729423012833,-52.4125608750351,24693.6183492707
-71.7418063539817,-5.15492966760332,24288.2771163342
-47.872157855759,-43.4858364001864,24673.0374201614
-18.9586059599871,-13.8414503490665,25119.8971946192
-12.0074404510167,15.9644687867831,25978.8397292547
20.7003835545396,43.5297226831437,26948.2439402496
-35.04513297609,-21.295297958532,25250.9485116944
-22.3653105799595,-42.5248439761723,25229.0687048727
-21.8240191387472,-56.7824090381129,25166.3785588974
-20.2306582006344,13.6218412230071,25727.3932003856
16.1715076353919,-30.6706656033706,25793.7246272531
17.9409106751977,-34.0242233254241,26000.7659255826
-74.6763911411153,-7.9824171453999,23761.9642625025
-15.6870988213202,16.7823472429406,25462.1759296229
-29.5781618878943,-10.805425095234,24593.5690478155
-24.2557391299095,-35.4883612911314,25263.9478092696
-45.5062292572599,8.1505436758399,24378.8853166704
-82.6945538537102,-22.2808021526674,24047.6987983532
-115.655306346866,-27.1321376090515,23520.9685701794
-72.2484505470447,-19.3913993165512,24241.3332979615
-88.0397578040984,-21.399633922111,23994.3409325536
127.329798985433,-55.7738965759855,27609.5386446085
-22.3305780077789,-0.592537404394531,25179.1797206372
-18.0287895678117,-28.8094738009774,25176.8721012868
103.864228835727,-12.892429373754,27147.7690551166
-31.4543738357713,-20.7929083274961,25093.7840508554
6.44073351694193,23.4262542765354,26020.5388149392
4.68121286751972,21.8856127901886,25951.5299631491
-36.7940796123538,13.2400039960044,25127.679657962
-2.67037710954802,-24.3258243892662,25386.2425633118
-3.32562133150465,-1.64402171401898,25506.4455371597
-50.7545019258608,-55.209736064528,24317.2183976927
9.89148451186286,-0.195391680931694,25879.1145507366
-5.83604986120008,13.691119339401,25702.6230295949
-8.94499623279575,-57.36976948502,25148.6122458599
-40.7196362571189,15.8803612108881,24974.4399635794
-53.9051976420254,11.7027277905833,24065.3461425095
-22.5598458420342,1.28182563692089,24751.1543262996
-49.430197042163,-15.3762692876687,24292.4964388495
-22.2557343976606,-27.6641433578603,24731.7425266215
-58.7659973551676,-74.9345270609838,24222.6664475045
-20.989960736357,12.2115309780893,25004.3677499749
90.1827486482372,-35.4553407945059,26678.0427331561
81.7880299100165,2.6734133912769,26759.380237119
-31.8980688573918,17.8774340411248,25398.4869535373
-69.8863668861428,-10.002756121791,24467.5693779317
52.0717571846144,-27.9495637846525,26071.8012677445
-49.5174679543733,2.58011799521102,24540.1803972334
7.77122757916417,4.64412770478659,26116.9782779744
-27.3369423177267,-20.0886442172744,24615.0093398271
-41.3209616538661,-14.2402126175169,24628.0350108308
-16.0859518711847,1.3276644760406,24984.3245926667
-11.134108017619,-36.5517090810548,24662.6731066841
-63.09719463621,-6.28896178117335,23957.3635537691
-53.0967829859929,-20.0789801907213,23635.3906492205
59.1546016771314,-70.8268417967256,25826.5661003992
-50.8013756489442,-16.9658921851614,23910.491818796
-4.73103243082896,-48.347122551977,25152.8382491785
39.5882662770546,-6.74525931792504,26316.4861089239
-98.6817379384866,-14.6003081015779,23896.103856452
16.4671108673463,-38.1371343150695,25490.8545651903
-42.7299388102329,5.43157429885152,25053.7602715154
-51.4529247722654,-15.3290770583735,24712.0037685878
236.428034853466,-120.206003919477,29262.3173051153
5.72873586931881,29.8701624196051,25878.7116303309
-23.7041023202742,-2.66806922234008,24848.0198271007
-11.7146050268592,10.7803656478319,25120.5047159629
-73.7246126650709,-4.49586552586675,23942.9828026067
-26.3975456117756,-9.33415683613085,25203.7954728016
1.10591052322633,67.454799922441,26211.3466596702
-9.30610877203405,-12.8929830056775,25283.7181985534
-4.85090192435869,-0.605529297344404,25156.7846452195
-35.4182168009063,-38.7811700059462,24296.832780224
112.915105168446,-72.3965697872558,27202.4451971667
-8.90806196594163,41.3034151802696,26266.2318768993
33.5914935879799,70.1792566222347,26757.5612449272
-51.1044009137251,-50.7621780299999,24303.6018239808
-66.2611559469068,-20.853936286039,24216.4427195968
-9.25994375134298,21.9281058461173,25517.4424206749
-28.0144612896591,48.2756977479466,25487.7687800274
179.756359094282,72.6938434374723,29092.8274192755
-75.5946190766763,-35.8656341851873,24123.8015472138
-45.4930593320071,-27.2238855834183,24688.7518751983
28.2308985437316,11.6424125101099,26204.1196472804
-20.1497395004618,-11.4592472839871,25382.7615361935
-64.9674117379741,-17.6947298691748,24486.462873542
-3.7283438689509,-19.8450590497162,25475.6110332929
-31.3868404672468,-27.8487088121945,25106.910805047
1.65360230575027,-24.4942373164785,25009.61302054
-31.8936573051806,-20.5387527684669,25003.5920013553
103.196254949998,-10.3785671385289,27074.1756337571
-35.4725910623923,-53.8118748503852,24508.0513035696
-58.0662100358354,19.0770221633289,24826.2214551184
-22.7132564654778,-43.3776927993639,24425.5631230638
-2.84038492011112,-23.4025276409534,25048.567350606
85.210008824205,-15.0063213382209,26681.6905669663
-11.8741255080399,20.6040676983138,24996.813150093
-8.86858570146936,-37.4585580163081,24581.0728658303
-5.17650906149366,10.6498189972902,25089.3674064151
-25.0037157199813,5.11309726886475,25040.5802732621
-30.6214618899348,-17.9443791015512,24314.700757081
-32.2443107109307,-1.83608646097993,24467.7699510771
-24.3080170374074,-23.8381447679697,24853.2976511781
-20.2930621112894,-38.9071224882525,24580.9756844787
-59.79645340198,-16.219775264464,24029.594821948
-45.7019920601393,30.7709920713846,24635.0511104341
-15.7030746801967,-37.610363552987,24506.89013532
-43.6618325007127,0.7038228487692,24235.0970498905
-25.8827045989365,-19.4387287178836,24755.571417871
-60.6380362405488,3.20136862900647,23808.3550113586
-29.6749043082331,38.0895056303495,24664.4959278838
-25.2690190381016,-13.5619383515951,24448.5593911329
54.9638760467795,-93.4354870359988,25922.0637058293
-10.4621652536231,21.0251630708481,25358.5341898907
-82.1147158383549,-92.1115848415363,23286.3209215559
-68.7054325150642,-22.7212514166601,24676.9120813185
-31.8372771516094,30.1054807046744,25782.0253009858
-43.4056938373369,-46.8565406701188,24981.313199674
0.468250203802745,-18.6215121599398,25212.3100714824
-14.9098879590413,11.904726778234,25018.8210918763
-12.0665274129801,-19.0777308870483,25285.4531622758
24.9391163745302,45.2369785697675,26065.6012385488
-44.5524815649434,-7.80221603273342,24703.2116160746
-70.2928334039287,-64.5356512915645,24470.6738864051
-35.9998428068122,-0.591767617292587,24699.0193849282
-6.27535918648974,8.09743170610117,25220.9129373771
-38.0568018906536,-39.0712556087801,25105.9951058845
-46.8549786608349,-27.9618196058335,24786.9861533668
71.0253664346243,53.6116969137,27045.4715081621
8.31535564759064,30.4575066925849,25964.5250158964
-99.8465887999669,26.6862858665906,24089.4196320823
-46.9948858218754,27.749194499193,24612.1345594243
-30.861663366631,27.2414025116868,24874.6106171325
-5.46135990029797,-24.546012818533,24897.6297628454
37.2843999165114,-70.1278010475156,26107.7388275612
-16.7415670354682,-16.9479731997028,24659.2409390757
140.644527239384,1.65697819019498,28221.5381384515
-18.9136117523845,-24.5371195633151,25535.0786481157
110.268807939916,48.7512255132896,27457.7895081004
-21.1682703697684,-17.5003072173478,25358.7941835978
-13.3352091881034,-3.02692060406163,25574.3646576822
-22.6510237240998,-8.08478232118622,25388.0676139254
-33.3921285646599,-34.5241670804515,25140.8470469707
-40.7426728426637,-27.0115509932158,25015.612216089
15.5528739722767,59.0184877705915,26379.9874112671
9.0238751223023,11.8805705050854,25362.7050829203
111.594873938575,17.8566233979771,27629.4127748675
-41.1244361878733,-6.5680702327317,24786.9519072685
25.4108060902493,-5.51047861614524,26108.0323065067
14.3962725719367,-17.7421645154481,25965.9432215171
-37.19229941478,-2.88551570634211,24715.8606014626
33.0023069575526,-40.425042033795,26104.8480927295
-31.3849348245154,-11.0414896564169,25505.9016617008
15.0460959832067,-8.01770212011633,25098.4574204889
-44.9668719578767,-22.463819429996,24270.37540699
-29.2993394722072,-19.1971312750218,24365.7663933858
-8.26807533422469,-30.4974938251185,24579.2713316083
47.1380961095675,9.792672958199,25662.8728761923
-4.11006453515145,-19.696929294798,24724.1641365921
-18.3887463091102,-7.81663109476263,24606.3163890143
-2.51528301100158,13.9515611757946,25083.7459648523
-18.6557661569934,1.14514041336377,25246.7183152344
-27.6315557623675,-23.6742381567222,24350.3595807217
-51.1980817621552,-25.6090873541344,23717.3776449862
-48.3389603780856,-22.4735809086115,23765.0910712332
-58.3244961537178,-10.1192165638519,24106.7294411835
-1.69106810404998,33.077356900229,25230.1645075153
-16.9835336900781,27.5602623614903,24798.6336129087
-56.0221988931935,-15.4059034272005,24292.5278656712
-8.31641763194478,-32.2457198093479,24572.393211246
25.5554577487359,-26.4134853557761,25124.9753901355
-22.9839727338919,-1.6824915411856,24719.0965840304
-7.26385781074907,2.93780141543924,25091.9681428617
9.46373551839636,-9.595797857314,25382.0065193252
-33.7565094890525,-16.7927644212549,24675.867480136
-5.89561806577938,-15.3465558849364,24846.9301212735
-12.3010566012736,23.3998937337373,25058.6650075793
-35.665271165385,-15.2744807245408,24519.2280681938
-33.7354008843266,-5.68057593664671,24303.1934298632
-20.9263469812731,26.2667001280914,24841.1826006767
-22.6046684014602,-7.11145617139405,24564.3975062423
-18.2479398014615,-17.7000181485321,24977.7127291893
-46.278945369274,8.20902640520312,24203.9766320701
-48.7031037896154,-35.1248474019567,24426.305613191
-48.1933766131378,0.939018341522054,24428.7722996033
-51.8776968732378,-0.622791887576087,23954.6994675731
-38.7768092477258,2.53315184954672,24602.9492496533
-28.6694688064333,-0.570646590656061,24975.9780573644
-47.3139913347647,-7.35679821698438,24181.5002898627
-51.1170858431676,10.7427067743448,24170.6211884008
-23.0972786341547,-32.3746744679288,24376.2985400641
-32.2954819096386,-20.9199960509259,24688.3483593706
7.61093772370154,-24.3947215806999,25831.8051690708
-93.1024885766125,-93.1337730974773,23127.7538954024
-35.5595833611767,-47.8664093489303,24533.9072149606
-61.5655863849682,-44.9047788080508,24366.7317238635
27.2959808680074,12.1365954771304,26068.4525265191
-31.23617005186,8.8146563697147,25078.5204553129
17.0944788778927,28.311262748422,26036.3287313143
-45.5815761449222,-24.4034337861319,25037.4266726279
-7.3608957743059,8.5177057680005,25672.0742179133
10.018831980389,30.3667786123814,25967.5869958068
12.1154670769078,33.8448510598186,25981.3761866399
-13.9016888313666,74.0920825838476,26435.2617271547
24.9304829066087,5.09295459617517,26366.6173847493
8.99128350447442,109.128983361293,26844.3022242399
-23.5012418198774,64.4134694295854,25691.6379615956
0.00961094626009358,50.2401770998217,26259.133746902
0.0811596910190687,-19.0672865252375,25788.1184983919
36.2709791017148,11.5839813213409,25979.5688216186
3.9127777203576,12.7083667464464,25565.8761165181
50.8010431402834,-1.35447024397887,26471.2152314326
-85.2348480771342,32.2280484869095,24870.9266602129
69.3848978251841,-14.1424186107138,27432.0551822572
-24.3832815585589,23.9126963964984,25587.1414875915
-33.0890998481821,12.0259560128497,24654.3761109057
-25.9973986973809,11.4136737796095,25529.392799357
-59.6451348913136,-51.8427534392446,24634.2307012696
20.0978733413675,18.1558160282417,25791.7665466173
29.2126434250181,9.77560533372551,26066.1194424203
25.4351401598998,6.38762701001918,26199.4832982267
-47.5168077228521,-0.385417932817912,24598.779858109
-33.5051837686212,53.1288092898931,25785.4064728794
1.1161470306076,83.3687809800127,26633.3475520036
-17.9332163471833,-10.9520334399327,25273.3893139691
-46.8221089722284,7.1395442749235,25060.5622877375
58.9988186051899,51.8886502369144,26594.6165243418
22.3019746365381,60.9086530087428,26436.3693637607
-12.7664844222357,-3.93125101496884,25725.5174463108
-14.1639075497948,-24.7867812922907,25503.6060901175
-38.3512178235002,-22.8148916171543,25175.3942459366
-14.2051266460452,-7.00261719808745,24916.6043505117
6.59007673240402,20.3976830061521,25901.3093897408
28.9046024271326,43.4097742682498,26189.6135960256
11.7688619064139,-24.0887385137464,25404.5802401818
-4.73542815615159,56.027849233531,25566.4886449079
36.2183285497347,-17.7336989916073,25504.7817899124
-3.28493928512413,14.8649962560873,25137.9978216175
11.1486705480964,-11.2402336026717,25226.5759936831
-14.0215796690809,-22.7012377107167,24644.7409561063
1.99781017531296,-18.0111646240405,25419.9871027535
15.9482008991332,36.6953729301004,25655.1656754507
22.599688397514,-19.0286834211254,25411.7700210859
-21.8180023903777,-31.6286850619762,24420.4838090759
8.40464133315816,-30.4103539341349,24908.2411599333
57.5773510643344,-22.9251735412134,26526.4680512153
