"","Standardised","IPS Adjusted"
"1",48.1727889794289,16.3339645915199
"2",7.23650443214531,8.12960694376725
"3",4.54702643963257,5.14653328643811
"4",3.5739954638172,4.47383998931009
"5",2.85614436093398,3.55150335225329
"6",1.62115935564441,3.06512737405307
"7",1.31667392498572,2.6239375049293
"8",1.27961718035723,2.21118553054731
"9",1.11924089303472,1.85598552133186
"10",0.895723859474596,1.57844829483936
"11",0.761845061982385,1.43131838337878
"12",0.691701579822907,1.11532173634831
"13",0.615487431221983,1.02020988009121
"14",0.557684091644909,0.951161392931549
"15",0.492900347484735,0.907034446575299
"16",0.431371950075191,0.80834685616039
"17",0.416016825722107,0.751551266111124
"18",0.388469560649204,0.700368016082568
"19",0.384594425688347,0.63535262316897
"20",0.347239819719824,0.620879106491939
"21",0.315635063687707,0.61266836693798
"22",0.302077614911865,0.589550768784525
"23",0.278520569096432,0.530849181727465
"24",0.267837000215251,0.500881998208047
"25",0.250328472926611,0.483669572239179
"26",0.233706123682065,0.436450736213112
"27",0.217941934696496,0.419359133793421
"28",0.210284035716522,0.395476388067315
"29",0.198723505545052,0.364953736210767
"30",0.189213121419087,0.350829451197437
"31",0.177748170489253,0.33384281438401
"32",0.165674619928464,0.306871045697842
"33",0.159351195885014,0.292339179918075
"34",0.152811515378056,0.284166001782572
"35",0.149324391696916,0.273042514986721
"36",0.146639932886033,0.270904382751894
"37",0.135874596821776,0.255586832888637
"38",0.133710764769262,0.249167999211839
"39",0.132966584251696,0.245449563369732
"40",0.124240317447257,0.237279465989439
"41",0.123350475708919,0.22795864421691
"42",0.117289661700987,0.216276827662508
"43",0.11655004869464,0.21254739444906
"44",0.113281564302345,0.199581913257796
"45",0.109891128968423,0.196187550195262
"46",0.10631923293758,0.192833157668834
"47",0.100696291535987,0.189415823524552
"48",0.0996680975186471,0.183027789428325
"49",0.0976035684794503,0.17726506375146
"50",0.0947033696564031,0.175433057944743
"51",0.0912660410427343,0.169738283285816
"52",0.089486779232214,0.166277852234519
"53",0.086217986481329,0.164309946813733
"54",0.0848058513849725,0.159539859737456
"55",0.0825433715116223,0.153799256869871
"56",0.0809872158852154,0.150930443079653
"57",0.0805864936098408,0.145119871726399
"58",0.078089659752372,0.144089564127359
"59",0.0772900726974703,0.140115368955465
"60",0.0763679812206664,0.135886286780034
"61",0.0746727717010584,0.135044813073397
"62",0.0721824125622722,0.133332000434136
"63",0.0709777009875348,0.13054826449799
"64",0.0690694032067208,0.126460600926804
"65",0.0681782362899123,0.122808789984064
"66",0.0669556857088866,0.122327433593516
"67",0.0658975214368918,0.118040159040612
"68",0.065129179766831,0.115536918273485
"69",0.064767157783718,0.111769310589308
"70",0.0638770376941576,0.110478141319186
"71",0.062363390713349,0.108466211142233
"72",0.0606899700520878,0.107890650065856
"73",0.0600651228936767,0.107217407410714
"74",0.0596866564466233,0.106308307488698
"75",0.0574757016634537,0.103919008210969
"76",0.0574179573561658,0.102957047941541
"77",0.0570375302067055,0.100878367422779
"78",0.0560805844375959,0.10080904555378
"79",0.0545685886861317,0.098063067823469
"80",0.0538986742853665,0.0970960073765016
"81",0.0531015161458798,0.0952685166371822
"82",0.0527310142806214,0.0939978794584744
"83",0.051611928167965,0.0929132362501003
"84",0.0512004910416674,0.0915102839758398
"85",0.0505272240363616,0.0897543376579311
"86",0.0503589155760401,0.0890686761177781
"87",0.0492546363408181,0.088878664529967
"88",0.04822084996386,0.0876367008305863
"89",0.0479854672343453,0.0871656914500782
"90",0.047839360800004,0.0863745957648601
"91",0.0470973934714353,0.0847795784285809
"92",0.0462774295821543,0.0839732071861747
"93",0.0456153958371876,0.0836372177697818
"94",0.0445402392418587,0.0823817309815233
"95",0.0441339578150743,0.0811807789193131
"96",0.043849452077106,0.0805788497016178
"97",0.0435453779728487,0.0784084061999816
"98",0.0429467324072058,0.0782432723208823
"99",0.0423514417657682,0.0776610769628882
"100",0.0422364817528738,0.0762680929300408
"101",0.0419675419427744,0.0761584074905871
"102",0.0412598705430471,0.0751485390694641
"103",0.0409829371453924,0.0750055638780699
"104",0.0407040171303316,0.073928988813782
"105",0.0403079175066779,0.0731641464605831
"106",0.039990253420096,0.0729345395675762
"107",0.0398398472061786,0.0725417237579356
"108",0.0390698398402669,0.0718574686299682
"109",0.0389722418803957,0.0711803981784289
"110",0.038640188379578,0.0708590319329751
"111",0.0383114226205205,0.0698299427346992
"112",0.038133654690463,0.0689696078804542
"113",0.0378849480508443,0.0686142188129699
"114",0.0375553225511863,0.0682771400328713
"115",0.0372271072988259,0.067639778199171
"116",0.0368449494536253,0.0672893822317531
"117",0.0364669653967403,0.0668957170254433
"118",0.0362194436548292,0.0661648749312385
"119",0.0358448545020223,0.065630609464901
"120",0.0357650509922779,0.0648044172281457
"121",0.0356100872833925,0.0643308968582571
"122",0.0354252202816505,0.0641196119047565
"123",0.0349389108426524,0.0632225057259153
"124",0.0347568668060595,0.0631861903642736
"125",0.0345194706370937,0.0628421414034235
"126",0.0343582713662449,0.0625211233604928
"127",0.0342377458392851,0.0617156419537838
"128",0.0337667817638549,0.0614869811733185
"129",0.033570106705756,0.0608515189627999
"130",0.0333949092594649,0.0599952889730033
"131",0.033051983648884,0.0598583132195333
"132",0.0329231458536798,0.0593614740975096
"133",0.0326858545439964,0.0592520281101745
"134",0.0325654343831064,0.0586497500772437
"135",0.0323669278705375,0.0578831064264998
"136",0.0321254475510328,0.0577497476323204
"137",0.0320340280436566,0.0574760953446525
"138",0.03181994886341,0.0569774921152632
"139",0.0317141236102706,0.056846453912975
"140",0.0316061058190816,0.0567269218463628
"141",0.0315417610519545,0.05624085208684
"142",0.0313184261651271,0.0559359617328529
"143",0.0311379650849996,0.0557788361233116
"144",0.0308627265260151,0.0555981258770118
"145",0.0306493420177274,0.0554085942485351
"146",0.0305137377453752,0.0551680618414533
"147",0.0303950000993485,0.0547851908648561
"148",0.0301651323328978,0.0544068514788004
"149",0.0301124963560657,0.0541816194549862
"150",0.0298202363519565,0.0539729337857914
"151",0.0295585074669872,0.053703997919673
"152",0.0295067869692252,0.0532203909068102
"153",0.0294393282832313,0.0530471632314758
"154",0.0291996976576401,0.0525339945983517
"155",0.0291556842940146,0.0523692471164219
"156",0.0289954753348982,0.052236672711321
"157",0.0287881607153181,0.0517209571310229
"158",0.0286923508221709,0.0515008152370995
"159",0.0285772716458772,0.0512463967682685
"160",0.0284706779153478,0.0511930223914831
"161",0.0282023687457874,0.0508112598532307
"162",0.0281775589619717,0.0505983486618084
"163",0.0280384262164133,0.0503785100449919
"164",0.0279341422681985,0.0502362640741286
"165",0.0278635301891276,0.0500757722610242
"166",0.0278160258668833,0.0498577146666266
"167",0.0276698660341529,0.049554910954822
"168",0.0275933646107055,0.049534707065308
"169",0.0274927590407062,0.0492468838425782
"170",0.0273588479331585,0.048946375934063
"171",0.0273380946208334,0.0487473653691114
"172",0.02717717439072,0.0485390694322809
"173",0.027090362592273,0.0484976047180021
"174",0.0270207949244691,0.0482077901138636
"175",0.0268754276719933,0.0478569302425909
"176",0.0268488501509235,0.0478160903012868
"177",0.0266293687144479,0.0477224573105823
"178",0.0265459365576297,0.0474796565340533
"179",0.0264589157959293,0.0474194430914564
"180",0.0263105642704813,0.0472911184129482
"181",0.0262407170336721,0.0469781130297791
"182",0.0261628013626785,0.0466125756342874
"183",0.0260047538170561,0.0464466391887609
"184",0.0258800811763507,0.0462555045274919
"185",0.025836571022616,0.0459890601040603
"186",0.0256166217715744,0.0458826869777843
"187",0.0255820221356926,0.0455599738157588
"188",0.0254731746172193,0.0454748322992417
"189",0.0253083656055471,0.0453311805834757
"190",0.0252543809205347,0.0452046010299101
"191",0.0252221950099261,0.0451396395840903
"192",0.0250710451741324,0.0449253930875395
"193",0.0249367430866503,0.0448573286205897
"194",0.0249105503224644,0.0446776561325876
"195",0.0248164807259052,0.0445143013044865
"196",0.024731010518355,0.044312226708589
"197",0.0246816070741614,0.0441972695624468
"198",0.024542984971539,0.0440158694836635
"199",0.0245207391113938,0.0439905757815583
"200",0.0244145762034304,0.0438949361529112
"201",0.0243471210172209,0.043698871175752
"202",0.0242534215069422,0.0435127748827899
"203",0.0242253116453465,0.0434061441060107
"204",0.0241010916625604,0.0432655750893082
"205",0.0240401698805026,0.043167465915775
"206",0.023929242953291,0.04290229387314
"207",0.0238011391121943,0.0428204130784668
"208",0.0237381759896281,0.042771001230468
"209",0.0236333886357295,0.0427245904422528
"210",0.0235994670963485,0.0426142537673396
"211",0.0234516872433095,0.0424747031780616
"212",0.0233876628693082,0.0422631006966131
"213",0.023334356482745,0.0422035742069695
"214",0.0232604760650234,0.0419635685323317
"215",0.0232079056843591,0.0418534815894382
"216",0.0231381799379312,0.0417761329128659
"217",0.0231056173535496,0.0415294903035923
"218",0.0229672080339536,0.0414055012948521
"219",0.0228611797526251,0.0413008020241435
"220",0.0227999522000716,0.0411516380660976
"221",0.0226719970811629,0.0411101749173962
"222",0.0226477617655465,0.0409032655021135
"223",0.0225498861540423,0.0407978660161906
"224",0.0225087555431929,0.0407547705272975
"225",0.0224555205141797,0.0406014715524296
"226",0.022421083499354,0.0405508141435134
"227",0.0222798928782935,0.0404079679346022
"228",0.0222295392873452,0.0402377446900376
"229",0.0222011902039434,0.040125244943613
"230",0.0221271017558645,0.0399815666599267
"231",0.0220273063268194,0.0397854400854939
"232",0.0219269123235084,0.0397193767356224
"233",0.0219077118342019,0.0396351321305626
"234",0.0218405600884918,0.0395273106772125
"235",0.0217838722809703,0.0393563226256628
"236",0.0216671858126417,0.0392760465533705
"237",0.0216120910482653,0.0391815221969971
"238",0.0215510595665156,0.0390963347863416
"239",0.0214910951277233,0.0388436728581727
"240",0.0214447641896381,0.0387426219106642
"241",0.0213651518646163,0.0386837783351603
"242",0.0213237373438107,0.0386120205225222
"243",0.0212691992583134,0.0385471014835306
"244",0.0211927445414999,0.0384335948484628
"245",0.0211610469068449,0.0383973257903574
"246",0.0211069657923036,0.0381536142176058
"247",0.0210733344172183,0.0379925897598943
"248",0.021024159634468,0.0379340775024462
"249",0.0209685595506237,0.0378689787025531
"250",0.0208929179601096,0.0378458192391483
"251",0.0208304571750456,0.0377892156449373
"252",0.0208110052221464,0.0376040210892447
"253",0.0207546212360474,0.037544179525604
"254",0.0207124906568508,0.0374754844839149
"255",0.0206044374445035,0.0373873246716002
"256",0.0205772625785267,0.0373542519416768
"257",0.0205221476246689,0.037215956102769
"258",0.0204665952334558,0.0369949345345509
"259",0.0204375792463599,0.0369469762604552
"260",0.0203570195415765,0.036786943157057
"261",0.020333270901924,0.0367571722334145
"262",0.0202466195601163,0.0366455771414451
"263",0.0201812530098032,0.0364647683229014
"264",0.0201339795248852,0.0364452457113098
"265",0.0200221066422768,0.0363608286184913
"266",0.020007178253153,0.0362995836489509
"267",0.020000321410792,0.0362783971702755
"268",0.0199480820287341,0.0362286335967139
"269",0.0199055166703398,0.0360547633005644
"270",0.019860450108802,0.0359779532766318
"271",0.0197698042453996,0.0359329794375425
"272",0.0196798642178451,0.0358810082320662
"273",0.0196334793185447,0.0358015025250541
"274",0.0195855802680373,0.0356134381464298
"275",0.0195187076221751,0.0355438608314162
"276",0.0194990031043774,0.0354792493218587
"277",0.0194338051025063,0.0354437921279901
"278",0.0194003353149351,0.0352489345608659
"279",0.0192832843073663,0.0351898909434619
"280",0.0192592967417893,0.0351034585714306
"281",0.0192493175766718,0.0350690256999572
"282",0.0192069727773675,0.0349917429807672
"283",0.0191109517724441,0.034890433834631
"284",0.0190645543934708,0.0348540288406448
"285",0.019038662643181,0.0347265334687643
"286",0.0190131908913995,0.0346644486253411
"287",0.0189869832023912,0.0346278717249129
"288",0.0189675302702155,0.0345659870922203
"289",0.0189069633669618,0.0344845191394472
"290",0.0188529124803292,0.0344227856044622
"291",0.0187744338902296,0.0342456338813595
"292",0.0187407866338404,0.0342235757978571
"293",0.0186943949802716,0.034152111951009
"294",0.0186383560067597,0.0340478501898174
"295",0.0186199812287268,0.0339602048424689
"296",0.0185238613528819,0.0339267929392101
"297",0.0184835640883213,0.0338752151470999
"298",0.0184412612386649,0.0337057542581453
"299",0.0184040728614161,0.0336090859727356
"300",0.0183310721686926,0.033515141210634
"301",0.0183020999055836,0.0333995585465466
"302",0.018270132503151,0.0333895081929853
"303",0.0182093212929314,0.0333148703749908
"304",0.0181563231497958,0.0332839088904439
"305",0.0181393512609346,0.0331677995105643
"306",0.018088679506722,0.0330833444271642
"307",0.0180327544273534,0.033012697887749
"308",0.0179777939869902,0.0329179901073073
"309",0.0179054679769468,0.0328317207932677
"310",0.0178906560665194,0.0328232182479337
"311",0.0178680882903776,0.0327571764536656
"312",0.0178174465992385,0.0327373669716927
"313",0.0177770070745954,0.0327031963764209
"314",0.0177426171964949,0.0325424559233375
"315",0.0177053019592159,0.0324955914163421
"316",0.0176818369177838,0.0323974993828768
"317",0.017631163741177,0.0322671118584914
"318",0.0175953521402718,0.0322413418929021
"319",0.0175677924841133,0.0322145470556502
"320",0.017540045005088,0.0321236585823766
"321",0.0175268162864425,0.0320346971052624
"322",0.0174839256778183,0.0319709764644284
"323",0.0173978131194231,0.0318880370489637
"324",0.0173741312881771,0.0318313015673915
"325",0.0173177403293992,0.0318051183016418
"326",0.0172738175861495,0.0317393869583863
"327",0.0172587427172055,0.0316794308217703
"328",0.0172456205260377,0.0316017202684486
"329",0.0171816301101985,0.0315421991736512
"330",0.0171579610826469,0.0315250529965292
"331",0.017126167658952,0.0314556842784508
"332",0.0170824556535187,0.0313864249783989
"333",0.0170263144681341,0.0313601894506708
"334",0.0169814601697356,0.0312911261301106
"335",0.0169530524803624,0.0312384506153749
"336",0.0168883061361542,0.0311503551241634
"337",0.0168485924971488,0.0310958408800161
"338",0.016826214244414,0.0309440157660559
"339",0.0167988745414915,0.0308881301015482
"340",0.0167697895122426,0.0308631953408055
"341",0.0167279248107082,0.0308044569687184
"342",0.016695726600886,0.0307483643620874
"343",0.0166852290421841,0.030689525187875
"344",0.0165986616006692,0.0306490932644077
"345",0.016575403538681,0.0305544250765682
"346",0.0165393395740253,0.0304635076925363
"347",0.016512038491997,0.0304124501581277
"348",0.0164824242535429,0.0304012835909259
"349",0.0164719515123524,0.0303314416471733
"350",0.0163898728164363,0.0302566998863793
"351",0.0163364219714316,0.0301592555151924
"352",0.0163105193861352,0.0301434494546486
"353",0.0162606142452064,0.0300482604994991
"354",0.0162301073349338,0.029988356011009
"355",0.0162243182088863,0.0299310646296888
"356",0.0161754051709959,0.0299021723683643
"357",0.0161460050918222,0.0298233066854735
"358",0.016117483747151,0.0297954048584276
"359",0.0160588956019052,0.0297071464570951
"360",0.0160076257730638,0.0296593252728877
"361",0.0159845992544426,0.0296255987036741
"362",0.0159407979969222,0.0295842711796597
"363",0.0159129311682134,0.0295366903727689
"364",0.0158823119427615,0.0294871458261375
"365",0.0158228293379841,0.0294127858571337
"366",0.0157965810589409,0.0293586464239041
"367",0.0157865174049875,0.0293172224845636
"368",0.0157283184181868,0.0292491914376075
"369",0.0156989435479075,0.0292058388446718
"370",0.0156574291048817,0.0291523752530079
"371",0.0156165806709137,0.0290899457322805
"372",0.0155955212576403,0.029043633920055
"373",0.0155659935949149,0.0289753417181232
"374",0.0155321579957622,0.0289125718396327
"375",0.0155268722215949,0.0288510836377778
"376",0.0154936450570851,0.0288064941662356
"377",0.015424166399857,0.0287351664525455
"378",0.0153994999937351,0.0286690828030053
"379",0.0153827867417167,0.0286229770526838
"380",0.015356365316873,0.0285822664102093
"381",0.0153131699244279,0.0285302403843949
"382",0.0152615017486084,0.0285062019617159
"383",0.0152382345115959,0.0284641933878978
"384",0.0152006787919376,0.0283200200564256
"385",0.0151796448567673,0.0282715985547219
"386",0.015166914748715,0.0282305285939544
"387",0.0151494122697811,0.0281895369501533
"388",0.0150874770907437,0.0281783128192127
"389",0.0150765950776826,0.0281521793904713
"390",0.0150583603733795,0.0280942532332701
"391",0.015011120520294,0.0280381933808294
"392",0.0150059987431279,0.028004468537781
"393",0.0149863496978832,0.0279530615682173
"394",0.0149238943827846,0.0278682759662879
"395",0.0149056873193686,0.0278579664302144
"396",0.0148687027917176,0.0277906118136302
"397",0.0148048959921218,0.027702971978541
"398",0.0147853825297101,0.027609969523516
"399",0.0147639848317518,0.0275837007988847
"400",0.0147182913422906,0.0275268649003049
"401",0.0147005315056214,0.0274950530609553
"402",0.0146741596134329,0.0274390353127675
"403",0.0146517736225141,0.0273725140187213
"404",0.014606399132383,0.0273300525537263
"405",0.0145888262241117,0.027265002472719
"406",0.0145696977713586,0.0272353564822952
"407",0.0145573228993767,0.0272002347462132
"408",0.0145396116082388,0.0271888509948037
"409",0.0144969800929738,0.0271194362682947
"410",0.014482525166181,0.0270592310633128
"411",0.0144485683366463,0.0270155881287495
"412",0.0144047968136421,0.0269944742994368
"413",0.0143695355220827,0.0269371909295753
"414",0.0143456397693209,0.0269036727742251
"415",0.0143072324430334,0.0268659780110536
"416",0.0142839867325624,0.0268313413248974
"417",0.0142680105912227,0.0267953906890777
"418",0.0142557197681879,0.0266662936142198
"419",0.0142212235140329,0.0265918407031921
"420",0.0142086869887787,0.0265581773460327
"421",0.0141698915720501,0.026540156080585
"422",0.0141514875957832,0.0264766779582325
"423",0.014102131262653,0.026437614831209
"424",0.014073896172915,0.0263972169296956
"425",0.0140430390017774,0.0263599527527507
"426",0.0140013480921041,0.0263080314384441
"427",0.0139882162146552,0.0262768932889731
"428",0.0139591557226579,0.0262173335236998
"429",0.0139185364394119,0.026155450072906
"430",0.0139075890101947,0.0261143510453871
"431",0.0138867667257189,0.0260469091175612
"432",0.0138491491202404,0.0260119153960348
"433",0.0138211714268226,0.0259382702619664
"434",0.0138164395970485,0.02587584260638
"435",0.0137768007693748,0.0258406737640465
"436",0.013740634359283,0.0258169101669879
"437",0.0137011389918983,0.0257403075890924
"438",0.0136763409171282,0.0257026891113082
"439",0.0136659096360635,0.0256631064789721
"440",0.013637488146423,0.0256289505650497
"441",0.0135975291265731,0.0256170003225053
"442",0.0135866071230473,0.0256081511590149
"443",0.0135758250738636,0.0255313834081576
"444",0.01355034860844,0.0255153084046567
"445",0.0135410351537283,0.0254569841977533
"446",0.0135168955993461,0.0253939166867011
"447",0.0134766740469833,0.0253257394669549
"448",0.0134445965546135,0.0252939684012091
"449",0.0134300190295831,0.0252354033345022
"450",0.0133884769112448,0.0252137006458906
"451",0.0133634526911452,0.0251885207417369
"452",0.0133217206145481,0.0251652299734597
"453",0.0133005322979821,0.0250501837708077
"454",0.0132782232794661,0.0250123823824023
"455",0.0132427116888947,0.0249781484972471
"456",0.0132240136000834,0.0249245199177345
"457",0.0132190800077257,0.0249010421164096
"458",0.013211415275665,0.0248198821934379
"459",0.0131690727148782,0.0247997329536356
"460",0.0131442494536677,0.0247279459763484
"461",0.0131104562854124,0.024692488749308
"462",0.0130725984435021,0.0246852007369448
"463",0.0130567041958827,0.0246360899452022
"464",0.0130185612517564,0.0246153117219505
"465",0.0130081695716522,0.0245532425586323
"466",0.012994795195897,0.0245403733129224
"467",0.0129717713035982,0.0244978438992133
"468",0.0129441458904518,0.0244301812668234
"469",0.0129229157176772,0.0244001434780693
"470",0.0129132167218743,0.0243816410041708
"471",0.0129038160449772,0.0242904321224227
"472",0.0128773956469647,0.0242412542143444
"473",0.0128256206321549,0.0241950505110669
"474",0.0127959983517556,0.0241607942360939
"475",0.0127867339297229,0.0241258117550923
"476",0.012750789922206,0.0241108215834038
"477",0.0127285187588962,0.0240718669968355
"478",0.0126992137309214,0.0239936885908062
"479",0.0126668101325626,0.0239443439773937
"480",0.0126568279425195,0.0239000265200372
"481",0.0126191996286075,0.0238861201354737
"482",0.0125979545703826,0.0238304038283507
"483",0.0125587376874485,0.0238020361306523
"484",0.0125526775214496,0.0237561535545523
"485",0.0125192358410783,0.023739708174293
"486",0.0125152890379139,0.0236939847168635
"487",0.0124870433257219,0.0236072988406577
"488",0.0124718880081308,0.0235840018287195
"489",0.0124468392102281,0.0235615898962719
"490",0.0124250273307181,0.0235285961212217
"491",0.0123978560183395,0.0234431617273578
"492",0.0123502490247448,0.0234076583953123
"493",0.0123394453540173,0.0233867104500117
"494",0.0122957675214135,0.0233549371125334
"495",0.0122869069504381,0.0233419350534106
"496",0.012275086114991,0.0232525355591276
"497",0.0122537393668203,0.0232281422825756
"498",0.0122273089300396,0.0231414152174549
"499",0.0121930574698446,0.0231044651725836
"500",0.0121669382574313,0.0230877174821121
"501",0.0121520119241805,0.02305146077245
"502",0.0121342581668827,0.0230049441858099
"503",0.0120994046588248,0.0230038262018467
"504",0.0120932072785034,0.0229303935193476
"505",0.0120736562143219,0.0229230130657417
"506",0.0120599888113138,0.022860966491371
"507",0.0120279475651694,0.0228432286788365
"508",0.0120204267075365,0.0228067969999012
"509",0.0120008630158843,0.0227792807415314
"510",0.0119664791897272,0.0227371366262782
"511",0.0119532826882519,0.0226823835872222
"512",0.0119273070320576,0.0226385074786602
"513",0.011907939218981,0.0226046348690991
"514",0.0118867037232014,0.0225878853102923
"515",0.011871803921092,0.02255938209562
"516",0.0118134450243813,0.0225055138493836
"517",0.0118048543319386,0.0224556569282033
"518",0.0117725972050104,0.0224420970365089
"519",0.0117580042459284,0.0224129970249728
"520",0.0117393498944096,0.022391987870417
"521",0.0117258536562823,0.0223574645114595
"522",0.011692514622542,0.0223076775944183
"523",0.0116587935277586,0.0222782887950983
"524",0.0116447760811111,0.0222385952950036
"525",0.0116261235733072,0.0222156297666216
"526",0.0116211557052767,0.0221568868366609
"527",0.0116059739214541,0.0221374995652284
"528",0.0115901916358434,0.0221302189311868
"529",0.011539331856579,0.0220724589220313
"530",0.011531667283659,0.0220328697370016
"531",0.0114918190648971,0.0219772862884502
"532",0.0114792873186802,0.0219081404168558
"533",0.0114615101428253,0.0219000032128343
"534",0.0114594468955466,0.0218458648945374
"535",0.0114404679114196,0.0218308665604899
"536",0.0114035924608661,0.0217796348750522
"537",0.011378753030162,0.0217454889873513
"538",0.0113721953848715,0.0217257080267311
"539",0.0113299092898167,0.021710988728962
"540",0.0112944454500116,0.0216654040330152
"541",0.0112788028983916,0.0216198599789796
"542",0.0112704313952509,0.0215759756747772
"543",0.0112500251080594,0.0215474135903568
"544",0.0112410707726399,0.0214927120688527
"545",0.0112143338413798,0.0214527052000863
"546",0.0111918021651846,0.0214488362143425
"547",0.0111789280323007,0.0214346136162172
"548",0.0111628108731645,0.0213731366495483
"549",0.0111257321521901,0.0213299220752657
"550",0.0111206454264138,0.0212996110449197
"551",0.0110861515910483,0.0212740726604756
"552",0.011072172541383,0.0212509832301912
"553",0.011053679203138,0.0211945181377028
"554",0.0110440856419331,0.021165056404988
"555",0.0110033295691285,0.0211289432515422
"556",0.0109826132256082,0.0211037593374581
"557",0.0109680449450504,0.0210817026964531
"558",0.0109643076610786,0.0210341252306561
"559",0.010929547099314,0.0210223894741504
"560",0.010906130320531,0.0210035651855988
"561",0.0108941295108624,0.0209654130044994
"562",0.010874828656965,0.0209182738226863
"563",0.010858473740837,0.0208709047264317
"564",0.0108525293938982,0.0208381506875241
"565",0.0108368145452976,0.0207859479476715
"566",0.0108014561235672,0.0207759187668133
"567",0.0107877003337349,0.0207325862113493
"568",0.0107541133107352,0.0207080493123058
"569",0.0107393273362139,0.020701701472426
"570",0.0107124203818657,0.0206400518317828
"571",0.0106893006933449,0.0206354995470662
"572",0.0106773936323992,0.0206145875475603
"573",0.0106674063915884,0.0205878183077402
"574",0.0106532407577962,0.0205185215224496
"575",0.0106155628451326,0.0205171106502182
"576",0.010605873300523,0.0204894772099076
"577",0.0105828255051722,0.0204428151998017
"578",0.0105693996917629,0.0203755614552213
"579",0.0105458271342358,0.0203683521005221
"580",0.0105251355056485,0.0203090443927415
"581",0.0105048916736218,0.0202888688536427
"582",0.0105033731565588,0.0202452439897388
"583",0.0104614575551386,0.0201874893092719
"584",0.0104437212392543,0.0201684088652488
"585",0.0104162244756959,0.0201562383062218
"586",0.0103972787528007,0.0201306028545948
"587",0.0103881654455318,0.0201060610998653
"588",0.0103832948420852,0.0200851604501365
"589",0.0103505396199122,0.0200449289202774
"590",0.010335131240455,0.0200278767382181
"591",0.0103047405699818,0.020000052638937
"592",0.0102795718952342,0.0199408041747225
"593",0.0102628681793175,0.0198889650179908
"594",0.0102587090118824,0.0198399247046076
"595",0.0102374409960305,0.0198362021530599
"596",0.0102322457838513,0.0198239586991354
"597",0.0102057010818382,0.0197773158404215
"598",0.0101831353936547,0.0197208622143881
"599",0.0101788808404097,0.0196942882881129
"600",0.0101620925015282,0.0196752727204543
"601",0.0101371632670905,0.0196359539643133
"602",0.0101081166083777,0.0196134498878896
"603",0.0100803113830762,0.0195870377222728
"604",0.010070724888128,0.0195479711243154
"605",0.0100435145002049,0.0195212548277306
"606",0.010039079641294,0.0195019997148458
"607",0.0100253330746205,0.0194657878971922
"608",0.0100117595118471,0.0194403629575154
"609",0.00999419417773686,0.0194164183628387
"610",0.00998384521190529,0.0193607435006742
"611",0.00995578947794155,0.0193337332854437
"612",0.00993364318328961,0.0193210521813585
"613",0.00992755029119184,0.0192777115910173
"614",0.00989027152302792,0.019259766552283
"615",0.00988634048608747,0.0192362062576859
"616",0.00988221934045779,0.019193802134465
"617",0.0098625027598071,0.0191501597940595
"618",0.00983300859190507,0.0191344687995073
"619",0.0098239019026341,0.0191144591071866
"620",0.0098059766781167,0.0190953119961211
"621",0.00980091745305915,0.0190446590362053
"622",0.00978184664466039,0.0190104988311583
"623",0.00975794546641732,0.0189566976905235
"624",0.00973541440652581,0.0189234543521701
"625",0.00971070722503848,0.0189132606745457
"626",0.00970172930098253,0.0189018308106417
"627",0.00969308604904759,0.0188590244345531
"628",0.00968332916806686,0.0188483875267983
"629",0.00967165191899113,0.0188383701798778
"630",0.00964887081250002,0.0187923289407713
"631",0.00961550776922778,0.0187801245028945
"632",0.0096096101470888,0.0187617312359568
"633",0.00959611578808913,0.018734284053745
"634",0.00957048371848769,0.018679670809223
"635",0.00956013327711226,0.0186381025946683
"636",0.00954997316658457,0.0186281723186273
"637",0.00952165852337376,0.0185953370181268
"638",0.00950198493139102,0.0185631379243187
"639",0.00949408773922382,0.0185505571096294
"640",0.0094769196018462,0.0184749495026589
"641",0.00946309860181483,0.0184590653546798
"642",0.009431868781709,0.0184527658839034
"643",0.00942305303560698,0.018433153469536
"644",0.00940345312598788,0.0184057525899276
"645",0.00939413721218051,0.0183479280492236
"646",0.00936484310215602,0.0183414062793531
"647",0.00935099900942333,0.0183106398893285
"648",0.00934069234515683,0.0182592241814404
"649",0.00932481126952781,0.0182258264860504
"650",0.00930199839452579,0.0182128009792702
"651",0.00929731785501283,0.0181615575075694
"652",0.00927620067871096,0.0181373961011285
"653",0.00926867524756432,0.0181239569130599
"654",0.00925520278297223,0.0181048520510828
"655",0.00925407783456906,0.0180522492571442
"656",0.00922478271084843,0.0180306941770281
"657",0.00921279378791459,0.0179997880623629
"658",0.00919409391090866,0.0179727998560032
"659",0.00917184593409479,0.0179486823181808
"660",0.00915775173412342,0.0179067295945711
"661",0.00914206612554374,0.0178815558001146
"662",0.00912588040443764,0.0178567661852914
"663",0.0091189659291823,0.0178247089397975
"664",0.0090852122321582,0.017800128668867
"665",0.00907354769517022,0.0177919903369025
"666",0.0090631466537493,0.0177605730488633
"667",0.0090601287292649,0.0177191311168934
"668",0.00903471299551753,0.0177097867137296
"669",0.00902255922032549,0.0176866698938772
"670",0.00902107452441775,0.0176530310156035
"671",0.00900869448770231,0.0176221780827312
"672",0.00898652896993637,0.0175980520893546
"673",0.00896134937459284,0.0175556069766603
"674",0.00894516701542008,0.0175392195604173
"675",0.00893723184049748,0.0175277855208555
"676",0.00892941397000384,0.0174693727523641
"677",0.00891677065348413,0.0174619675504178
"678",0.008890055437269,0.0174134323073654
"679",0.0088814058026898,0.0173818216046448
"680",0.00886928629370363,0.0173514366828247
"681",0.00885503653078361,0.0173343090430833
"682",0.00883153434218028,0.0172922187687614
"683",0.00883104225539442,0.0172775897213645
"684",0.00881404649532752,0.0172572478455742
"685",0.00879045120250445,0.0172395171246457
"686",0.00878133205068009,0.0172115100849914
"687",0.00876231493696297,0.0171925009791465
"688",0.00875063084640427,0.0171818090916875
"689",0.00873779658294525,0.0171281883730676
"690",0.00872049082362126,0.0171196566649474
"691",0.00871857566356246,0.0171001718493631
"692",0.00869717344968904,0.0170798915565353
"693",0.0086846192611888,0.0170504682118809
"694",0.00866484660908167,0.0170081811219427
"695",0.00865840825715087,0.0169898251119933
"696",0.0086365134915253,0.0169831325897408
"697",0.0086275085323897,0.0169626726128436
"698",0.00860087470489746,0.0169545146575807
"699",0.00859245486133028,0.0169271239556279
"700",0.00858458457165851,0.0168608150110319
"701",0.00856590143087372,0.0168398386707819
"702",0.00855530382305499,0.0168293139442091
"703",0.00854623941922522,0.0168154721462687
"704",0.00852081256515609,0.016781670223969
"705",0.00850868891269999,0.0167397543683628
"706",0.00849730033291613,0.0167074146567658
"707",0.00847612580796736,0.0166728195862493
"708",0.00846044497463969,0.0166636660674568
"709",0.00844046135452151,0.0166333834483637
"710",0.00843315079564109,0.0166284477643875
"711",0.00843116662198218,0.0165923894508582
"712",0.00839664886923991,0.0165689193008366
"713",0.00839063846555119,0.016554865249495
"714",0.00836858801765831,0.0165241918273733
"715",0.00836420606451078,0.0164885511070732
"716",0.00834845252365381,0.016471377461774
"717",0.00833129945601944,0.0164440618793929
"718",0.00831185981617116,0.0164051763846112
"719",0.00830229728820279,0.0163728591304735
"720",0.00829909309236859,0.0163633806751073
"721",0.00828693972627507,0.016306752154564
"722",0.00825247943229146,0.0162797998523471
"723",0.00824276436482231,0.016262750325853
"724",0.00823572623730034,0.0162436293344544
"725",0.00821133100060836,0.0162237276247881
"726",0.0082105347999426,0.0161928826468666
"727",0.00818559586071366,0.0161694774903916
"728",0.00818110234687504,0.0161339040560431
"729",0.00816806586206023,0.0161029685785347
"730",0.00814623933364352,0.0160850633349289
"731",0.00812965778840334,0.0160532633394131
"732",0.00811590582150432,0.0160356893276189
"733",0.00810521006067048,0.016031784528113
"734",0.00809022624334759,0.0159980070613539
"735",0.00808633948514578,0.0159759984533898
"736",0.00808086483545856,0.0159600665598568
"737",0.00805771217155389,0.0159498738957088
"738",0.00802853526754321,0.0159245825289746
"739",0.00802770825104149,0.0158952083626432
"740",0.00801130153773291,0.015883751978548
"741",0.00799865590723756,0.0158440786293008
"742",0.00798713778792207,0.0158303316646216
"743",0.00798162643389336,0.0157931762651895
"744",0.00797610134870762,0.0157830935115519
"745",0.00794985098582877,0.0157715234136545
"746",0.007934266787552,0.0157488802284422
"747",0.00792220810928376,0.0157236495285193
"748",0.007912198542042,0.0157017120068794
"749",0.00789924188875352,0.0156438132222011
"750",0.00789503557526753,0.0156197934042695
"751",0.00787510844423436,0.0155818693393049
"752",0.00785645108122304,0.0155756335296771
"753",0.00783931077386732,0.0155514188847868
"754",0.00783528092302247,0.0155332286311972
"755",0.00781613146818584,0.0155120608271836
"756",0.00780181950407311,0.0154760972368966
"757",0.00779290096320288,0.015436926962137
"758",0.00777579952230076,0.015419817114904
"759",0.00776015024587837,0.0153938196880798
"760",0.00774222485742177,0.0153806998524409
"761",0.00773733669827459,0.0153626749887237
"762",0.00771890382754371,0.0153423526273454
"763",0.00771235828626263,0.0153066761439013
"764",0.00769831293312455,0.0152897208424635
"765",0.00768232998699537,0.0152496081425561
"766",0.00766673655813385,0.0152380007711058
"767",0.00764975785835267,0.0152178043425996
"768",0.00764890452181175,0.0152031470069206
"769",0.00763930119661614,0.0151611944333671
"770",0.0076198824049572,0.0151399839284905
"771",0.00760907388862775,0.0151239285331702
"772",0.00759820589935082,0.0150832357315972
"773",0.00759252679179588,0.0150663537960927
"774",0.00759114058515518,0.0150499294164928
"775",0.00756218470995333,0.0150398821023417
"776",0.00755205692909574,0.0150049651564876
"777",0.00754430119029,0.0149871933602777
"778",0.00751630887820653,0.0149767605836834
"779",0.00751392225710822,0.0149394145022454
"780",0.00749127069251011,0.0149177109973653
"781",0.00748729502835684,0.0148927624409678
"782",0.00746500045646831,0.0148667027974904
"783",0.00745454112139273,0.0148659457832283
"784",0.00744155917985727,0.0148517452659282
"785",0.00743146831412826,0.014820765021737
"786",0.00742500049925236,0.0147957642976408
"787",0.00740293763340188,0.014759129847192
"788",0.00738822598713879,0.0147445739212658
"789",0.00737647632224964,0.0147085121538799
"790",0.00736680411933511,0.0146704363839354
"791",0.00734962084740509,0.0146553961578173
"792",0.00734050384306394,0.0146397335366504
"793",0.00732741577772053,0.0146144908021927
"794",0.00731453933626065,0.0146069661778476
"795",0.00730456904789736,0.0145754788128089
"796",0.00729907642035677,0.0145559241900285
"797",0.00728549362640861,0.0145359990169538
"798",0.00727112357776276,0.0144978419493283
"799",0.00726711442450844,0.0144757641632969
"800",0.00724718810673375,0.0144556144661644
"801",0.00723035512018855,0.0144090745150607
"802",0.00721968814920145,0.0143957945616618
"803",0.00721197054957175,0.0143914766716643
"804",0.0072030080725801,0.0143796539150325
"805",0.00718347975984371,0.0143565700767945
"806",0.00717382980780902,0.0143311188701694
"807",0.00715657172615272,0.014297300702862
"808",0.00714287407685164,0.0142781182466113
"809",0.00713788525276121,0.0142604799010502
"810",0.00712488393336297,0.0142367338434543
"811",0.00711557840761669,0.0142305972936354
"812",0.00710816641214946,0.0141965154442495
"813",0.00710357364081257,0.0141763724129712
"814",0.00709837688540532,0.0141588190415459
"815",0.00707235414941644,0.0141565557935127
"816",0.00705016724059334,0.0141377108843897
"817",0.00704526297288724,0.0141102144364392
"818",0.00703209894671168,0.0140935638051676
"819",0.00700953740031698,0.0140710581085526
"820",0.00700503252585285,0.0140584920077592
"821",0.00698909387897458,0.0140351560554881
"822",0.00697080551878291,0.0140265941534595
"823",0.00696543608542745,0.0140030223936282
"824",0.0069549412437199,0.0139636199551767
"825",0.00695132265745372,0.0139501957580986
"826",0.00692467321457143,0.0139393486222026
"827",0.00691339293830241,0.0139197768776112
"828",0.0069071979085702,0.0139068137485298
"829",0.00689811339129525,0.0138418419607221
"830",0.00688545068474907,0.0138142130206738
"831",0.00686994160848908,0.0138040450998184
"832",0.00685765080346924,0.0137891933024631
"833",0.00685104860862463,0.0137710720238026
"834",0.00683931024227439,0.0137637610061943
"835",0.0068259293790797,0.0137394353791161
"836",0.00681244783015772,0.0137215994983328
"837",0.00680019357464219,0.0136746341033561
"838",0.00679149354514052,0.0136577507400018
"839",0.00677770200768275,0.0136386845047277
"840",0.00676533119677719,0.0136166804032194
"841",0.00676290768165527,0.0136037684138151
"842",0.00674506218779816,0.0135770203725539
"843",0.00672571007095438,0.0135526883218204
"844",0.00671485054644342,0.0135321008976054
"845",0.00670836710667189,0.0135286785671625
"846",0.00670077194099444,0.0135052074506656
"847",0.00669475255792336,0.0134745795279066
"848",0.00668577217087455,0.0134713521567856
"849",0.00667527543031796,0.0134558542458067
"850",0.00665727632761905,0.0134129595076195
"851",0.00665208086249579,0.0134074861476004
"852",0.00664294641221717,0.0133832288523778
"853",0.00662835126346741,0.0133760021798483
"854",0.00661237362381774,0.0133517704793022
"855",0.00660198865912886,0.0133439710243488
"856",0.00659147283538254,0.0132988959081059
"857",0.0065838102885691,0.0132938752546521
"858",0.00657746388809462,0.0132716039806928
"859",0.00657046526196603,0.0132612343126793
"860",0.00656659502171989,0.0132266655451508
"861",0.00655070679041339,0.0131922704504998
"862",0.00653998496405209,0.0131855466060297
"863",0.00653140245338879,0.0131648425012743
"864",0.00652637253842417,0.0131569103775575
"865",0.0065112020443021,0.013147476978216
"866",0.00650132284714793,0.0131000964563962
"867",0.00648273374430257,0.0130824405568128
"868",0.00647479167654038,0.0130746516117336
"869",0.00646344038843837,0.0130496376647811
"870",0.00645856353691363,0.0130161074515243
"871",0.0064459694846718,0.0129884094905641
"872",0.00643228619859011,0.0129732430239348
"873",0.00642532293018696,0.0129516352328903
"874",0.00641827077616752,0.0129406578317566
"875",0.00638534594164956,0.0129035172614457
"876",0.00637314853101084,0.0128908570530794
"877",0.00637020739051574,0.0128759845954365
"878",0.00635080988474813,0.0128671197875666
"879",0.00634385478176165,0.0128330046291355
"880",0.00633391182133273,0.0128139612011638
"881",0.00632602337731868,0.0128042689645004
"882",0.00631755958917483,0.0127932648338636
"883",0.00630875117703101,0.0127522086889609
"884",0.0062969008494406,0.0127367033903421
"885",0.00627794544670441,0.012713344439937
"886",0.00626905951475588,0.0126961237523991
"887",0.00626342831695669,0.0126850653997704
"888",0.00625497424624565,0.0126553840592663
"889",0.00624538481375307,0.0126219867715237
"890",0.00623893884933173,0.0126067765261738
"891",0.00621768386965336,0.0125788373448226
"892",0.0062105735757075,0.012553709259007
"893",0.00618332067641182,0.0125453593877826
"894",0.00617765146429084,0.0125287950974203
"895",0.00616890476668905,0.0125125001022476
"896",0.00616489499580153,0.0124929090673853
"897",0.00615293033682349,0.0124772382326584
"898",0.00614396460992388,0.012457826903868
"899",0.00613175867559498,0.0124510498669862
"900",0.00612290960970091,0.012436438589202
"901",0.00611227797809266,0.0124169069944181
"902",0.00610096953643079,0.0124095210564817
"903",0.00609359143307889,0.0123867057968627
"904",0.00608083330079456,0.0123678457214361
"905",0.00607231458508765,0.01236178008335
"906",0.00606773068037165,0.0123236805387888
"907",0.00605752902877793,0.0123137040851836
"908",0.00605205112751977,0.0122927389923875
"909",0.00603705511542686,0.0122829913922353
"910",0.00602759320838932,0.0122604092067123
"911",0.0060156702351259,0.0122350818672427
"912",0.006010245040045,0.0122134203339907
"913",0.00600179256907421,0.0121844999072554
"914",0.00597431775119093,0.0121618702990264
"915",0.00596821537095655,0.0121419176816888
"916",0.00595177529031836,0.0121263078199559
"917",0.00594359129325189,0.0121057405055288
"918",0.00593855930265353,0.0120837476741585
"919",0.00592174774427008,0.0120795833022348
"920",0.00591367712408994,0.0120479785381039
"921",0.00589986466652073,0.0120414804494822
"922",0.00589465863910444,0.0120190720581119
"923",0.00588292076700096,0.0120028456741114
"924",0.00587217147732701,0.011996832690244
"925",0.00587072232605254,0.0119655368906747
"926",0.0058619101127516,0.0119506466302726
"927",0.00585419460169979,0.0119386788126298
"928",0.0058346101910857,0.0119184667198034
"929",0.00583327869571092,0.0119059411092595
"930",0.00582325402292636,0.0118797273213638
"931",0.00581238527772321,0.0118651736028571
"932",0.00579773344889936,0.0118510995368587
"933",0.00578678258672719,0.0118217562636378
"934",0.00577956353466516,0.0118111304657307
"935",0.00577704903449976,0.0117856379402145
"936",0.00576715664371816,0.0117728860312942
"937",0.00575386370503973,0.0117533005550108
"938",0.00574629073483673,0.01174483850158
"939",0.00573841670902009,0.0117243874990899
"940",0.00573257618181511,0.011704439232089
"941",0.0057210025685465,0.0116968320675955
"942",0.00570777685594608,0.0116906774714319
"943",0.00570205697457118,0.0116554427320585
"944",0.00569610815523949,0.0116355219186547
"945",0.00569353379860558,0.0115958376056987
"946",0.00567698850678052,0.0115893651303443
"947",0.00566947545177691,0.0115647815328726
"948",0.00565263190407319,0.011547912659098
"949",0.00564427164818723,0.0115428290284973
"950",0.0056386530345883,0.0115329956499383
"951",0.00562767765757771,0.0114993910140567
"952",0.00562190112823589,0.0114851843225496
"953",0.00560627897827029,0.0114614918809903
"954",0.00559882996926651,0.0114554546041014
"955",0.00559252060226212,0.0114300244647136
"956",0.00558491205171501,0.0114204416996057
"957",0.00556979330150898,0.0114092806824531
"958",0.00555920619981841,0.0113830305389282
"959",0.00555612658808687,0.0113783534968212
"960",0.00555385953892059,0.0113578686329064
"961",0.00553151267800685,0.0113368722284434
"962",0.00552698773900623,0.0113242226364168
"963",0.00551427509365794,0.0112899600803942
"964",0.00550973302631479,0.0112883103984584
"965",0.00549456607178661,0.0112686739557319
"966",0.00547961501236586,0.0112475400981158
"967",0.00547685436511523,0.0112366960824387
"968",0.00546515914392065,0.0111996431532526
"969",0.00545096923313094,0.0111940903233717
"970",0.00543906188636492,0.0111598606615099
"971",0.00543797238770496,0.0111469662856105
"972",0.00542457922059649,0.0111257795542918
"973",0.00541173451291413,0.0111225622083986
"974",0.00540691800945512,0.0111107257148144
"975",0.00538821823407206,0.0110913884568221
"976",0.00538102693321099,0.0110651086435918
"977",0.00537312737784488,0.0110522956514141
"978",0.00537090049036228,0.0110327421566645
"979",0.00535973130172371,0.011014246874629
"980",0.00535467055799739,0.011004590197246
"981",0.00534728556190922,0.0109824217836157
"982",0.00533358137102233,0.0109790222572746
"983",0.00531896436242121,0.0109525564948466
"984",0.00531402780373942,0.0109380108949314
"985",0.00530846384249478,0.0109207792197603
"986",0.00529648063789047,0.010910562662892
"987",0.00528967928287275,0.0109092581701779
"988",0.00527871894196286,0.0108837485093696
"989",0.00527703736957945,0.0108492274701321
"990",0.00526530133691505,0.0108337935879142
"991",0.00526066240765095,0.0108235240164801
"992",0.005247107452754,0.0108006516550534
"993",0.00524301462498609,0.0107951112634103
"994",0.00522976840415674,0.0107917540491059
"995",0.00522326734899532,0.010756718784243
"996",0.00520665708215558,0.0107384109433074
"997",0.00519996534297691,0.0107233813045764
"998",0.00519093794618586,0.0107069324733665
"999",0.00518197073205671,0.0106865080209645
"1000",0.00517619075419313,0.0106805299389287
"1001",0.00516679084670814,0.0106635947931103
"1002",0.00515952988590688,0.0106611562723027
"1003",0.00515057159148368,0.0106345130645661
"1004",0.00513791866065501,0.0106198505450831
"1005",0.0051318476247912,0.010605194144156
"1006",0.00512321916642546,0.0105821381431279
"1007",0.00511314696703226,0.0105721045182075
"1008",0.00511208695156435,0.0105618523897863
"1009",0.00510579611764686,0.0105367164314235
"1010",0.00509775235915023,0.0105160040129843
"1011",0.00508581032028646,0.010501274560508
"1012",0.00507402277317545,0.0104932977580096
"1013",0.00506504637389589,0.0104719310571584
"1014",0.00505823069817,0.0104556190467303
"1015",0.0050468747834407,0.0104429772674181
"1016",0.00503939919666,0.0104327681559106
"1017",0.00503321433360359,0.0104093203381526
"1018",0.0050239343527637,0.0103960889317899
"1019",0.00501613210954668,0.0103874495257018
"1020",0.00500810072230204,0.0103493652351366
"1021",0.00500571873974975,0.0103313826320717
"1022",0.00499632362420343,0.0103114405126921
"1023",0.00498076879348298,0.0102911510708698
"1024",0.0049740664256018,0.0102834442789503
"1025",0.00497090752395263,0.0102778318206532
"1026",0.00496084542496163,0.010264082804645
"1027",0.00495135492990018,0.0102304936325751
"1028",0.00493937140579218,0.0102214230156468
"1029",0.00493352614196446,0.0102102611091273
"1030",0.00491220611175556,0.010190048692617
"1031",0.0049118006142278,0.0101822244667741
"1032",0.00490631735490688,0.0101740840424341
"1033",0.00490056580009288,0.0101553873245141
"1034",0.00489072178417636,0.0101312540417088
"1035",0.00488319291209867,0.0101123227161585
"1036",0.00487834198226934,0.0101029070694194
"1037",0.00485969034518592,0.0100903658108315
"1038",0.00485583846691571,0.0100794565109175
"1039",0.0048463682329288,0.010066277540642
"1040",0.00484273705504084,0.0100374653928402
"1041",0.00483503623929544,0.0100142174829541
"1042",0.00482482781083704,0.010003834193894
"1043",0.00481468287205556,0.00999001853718154
"1044",0.00481285780799487,0.00998118129607907
"1045",0.00480412287129946,0.00996831924003596
"1046",0.00479803357415415,0.00995730931832785
"1047",0.00478676925168564,0.00992778071323397
"1048",0.00477068641335742,0.00991594971642151
"1049",0.00476388686376156,0.00990037143888768
"1050",0.00475631677714374,0.0098812897690472
"1051",0.00475042996547915,0.00985863273741333
"1052",0.00474246526512458,0.00984675100148495
"1053",0.00473750463912298,0.00983806712971909
"1054",0.00473128471178443,0.00982523485965399
"1055",0.00472031523030944,0.00980027206734486
"1056",0.00471483959371662,0.00978948077092297
"1057",0.00470736129065619,0.00977435292681866
"1058",0.00469124043056187,0.00974483700434071
"1059",0.00468597656577921,0.00973020885994011
"1060",0.00468491948757592,0.00971545789535744
"1061",0.00466756716741799,0.00970745906326786
"1062",0.00466258102994938,0.00968571598889155
"1063",0.0046559837628746,0.00968438003281642
"1064",0.00464920850492878,0.00966258651582428
"1065",0.00463945702422287,0.00965446665840671
"1066",0.00462825762292106,0.00962543061198241
"1067",0.00462269919769553,0.00960575463152534
"1068",0.00461617623077777,0.00958944607196694
"1069",0.00461284176303074,0.00957675969853392
"1070",0.00460335236384475,0.00956384268800958
"1071",0.00459117934328556,0.00955906423160289
"1072",0.00458579163992308,0.00954302087447554
"1073",0.0045827905915121,0.00951770020618934
"1074",0.00456998737547609,0.00950060526970995
"1075",0.0045650795737662,0.00949011008445358
"1076",0.00455273948015471,0.00947942089333471
"1077",0.00454506279300246,0.00946286041640736
"1078",0.00453139756134765,0.00945317906680451
"1079",0.00452962077754438,0.0094403448603356
"1080",0.0045258199301965,0.00943802922426966
"1081",0.00451642925376426,0.00941713827852094
"1082",0.00450742153044976,0.00940269132762928
"1083",0.0045000948653504,0.00938689292079975
"1084",0.0044861736205421,0.00936938457434223
"1085",0.00447363966364897,0.00935409377980946
"1086",0.00446839832134954,0.00934206293308562
"1087",0.00446288512528759,0.00932839646376161
"1088",0.0044588265927478,0.00932015510294272
"1089",0.00445057938036301,0.00929009567109548
"1090",0.00444090028860207,0.00928294210674316
"1091",0.00443189189247942,0.00926930832173051
"1092",0.00442650194589385,0.00924696462463175
"1093",0.00441465601452047,0.00923868935116071
"1094",0.00440860602475288,0.0092167240975036
"1095",0.00440707235789012,0.00919733615558109
"1096",0.00439142186556832,0.00918421487270753
"1097",0.00438735727913775,0.00916705974437138
"1098",0.00437954136112598,0.00916446451202015
"1099",0.00437498592278779,0.00914856594208058
"1100",0.00436431170820963,0.00914090518549491
"1101",0.00435974830278591,0.00911599707544442
"1102",0.00435518357789061,0.00909712291234604
"1103",0.00433685756807916,0.00908958477092862
"1104",0.00433469026034707,0.00907535934506055
"1105",0.00432329371088004,0.00906700532993854
"1106",0.00432186075555426,0.0090539130034113
"1107",0.00431009443305596,0.00902688808243025
"1108",0.00430261159496711,0.00901072701592485
"1109",0.00429364547744576,0.00899795378967518
"1110",0.00428484350237154,0.00898009641869375
"1111",0.00427590164590703,0.00896024939675564
"1112",0.0042686991930312,0.00895244711224783
"1113",0.00426038137248414,0.00892312331402803
"1114",0.00425476479383338,0.00892114011642128
"1115",0.00425039598407212,0.00891728649523746
"1116",0.0042380595288242,0.00889865704309751
"1117",0.00423356238015607,0.00888656931296488
"1118",0.00422555249818227,0.00887475129740465
"1119",0.0042206858661694,0.00884902212675318
"1120",0.00420998650772818,0.00884074046887072
"1121",0.00420175701914199,0.00883709916795393
"1122",0.00419307193061889,0.00882028098466688
"1123",0.00417945726062427,0.0088154645500352
"1124",0.00417577157172196,0.00879484591108672
"1125",0.00417185282059155,0.00876291321222031
"1126",0.00416571094290766,0.00874467660681304
"1127",0.00415928270767747,0.00873361764680845
"1128",0.0041441777387395,0.00871833887593486
"1129",0.00414161966870804,0.00870961437382333
"1130",0.00412692630762593,0.00868944022432547
"1131",0.00411889413677403,0.00867911208433027
"1132",0.00411640910278452,0.00866868752253311
"1133",0.00411233715487264,0.00864439131032005
"1134",0.00410020454424096,0.0086299203895892
"1135",0.0040958024558197,0.00862435407118873
"1136",0.00409107640241256,0.00861879965943142
"1137",0.0040858678156901,0.00858774374002314
"1138",0.00407822344532433,0.00857265431448451
"1139",0.00407049168191576,0.00855432490473687
"1140",0.0040658335575703,0.00854199130878077
"1141",0.00405745388659444,0.0085368295535991
"1142",0.00405245160668566,0.00851361564878927
"1143",0.0040496351921147,0.00850387925821971
"1144",0.0040423009549913,0.00849534697080684
"1145",0.00403958673774575,0.00848215876182025
"1146",0.00402654251000428,0.00847555248668763
"1147",0.00401971348820129,0.0084509986336721
"1148",0.00401236806835223,0.00843437963046612
"1149",0.00400169157709949,0.00842523017515314
"1150",0.00399928156864545,0.00841261440981985
"1151",0.00399003292448919,0.00840133604513931
"1152",0.00398041573236365,0.00839769211282069
"1153",0.00397210041494747,0.00839109728593233
"1154",0.00396630970867998,0.0083653727574767
"1155",0.00396006385683584,0.00833745573164705
"1156",0.00394968076980451,0.0083244814177043
"1157",0.00394604578824141,0.00830990352318069
"1158",0.00394024103933657,0.00829528628657986
"1159",0.00393899559984587,0.00828491645903378
"1160",0.00393169513934296,0.00827690443736769
"1161",0.0039155658304313,0.00827035131809274
"1162",0.00391026608067064,0.00825039563771414
"1163",0.00390359523493629,0.00823477369046182
"1164",0.00389674641323535,0.00822100195895232
"1165",0.00388596763444576,0.00821697218967056
"1166",0.00388412835097069,0.00820460447499283
"1167",0.00388094149844456,0.00818401432889946
"1168",0.00387380971725386,0.00817138804793015
"1169",0.00386773887369426,0.0081541087383892
"1170",0.00386642563925173,0.00814074021693802
"1171",0.003847219400821,0.00812680322374684
"1172",0.00384414290073932,0.00811726339149878
"1173",0.0038377563303027,0.00810727247867363
"1174",0.003830945043757,0.00810230567602102
"1175",0.00382588188102924,0.00807415386480731
"1176",0.00381703742342807,0.00806116284990359
"1177",0.00380902240093671,0.00805161808426845
"1178",0.00379963326368227,0.00804530319572516
"1179",0.00379443431373365,0.00801471736608902
"1180",0.00379022699272896,0.00801122662234646
"1181",0.00378344350083048,0.00798205016287205
"1182",0.00377998778441846,0.00796644784035247
"1183",0.00376926925266294,0.00796063408826143
"1184",0.00376505922342535,0.00795806483211523
"1185",0.00376126341906557,0.00794466476056099
"1186",0.00375213103473522,0.00792319492542738
"1187",0.00374192305981836,0.00791253231447931
"1188",0.00373699674038306,0.0079059156587827
"1189",0.00372893455068358,0.00788986373635316
"1190",0.0037215823221988,0.0078796545988222
"1191",0.00371651539953294,0.00787301490294184
"1192",0.0037063865502431,0.00784513400523567
"1193",0.00370266179198971,0.00783204418845017
"1194",0.00369152523902798,0.00782821170326928
"1195",0.00368357185783783,0.0078233682189157
"1196",0.00368006498033914,0.00780283496738113
"1197",0.00367354747115074,0.00779873312460225
"1198",0.00366495342845084,0.00778676302224276
"1199",0.00366059256290304,0.00778078088413551
"1200",0.00365235593529514,0.00775796079166864
"1201",0.00364422903972165,0.00775055352442677
"1202",0.00364377548621993,0.00773930068431133
"1203",0.00363497980530207,0.0077121603428369
"1204",0.003628138533976,0.00770961448018916
"1205",0.00362218184668772,0.00769668924817097
"1206",0.00361808617754882,0.00767380707330362
"1207",0.00361186972574555,0.00766453286750816
"1208",0.00359902023013702,0.00766119909929302
"1209",0.0035942843160816,0.00763856961774161
"1210",0.00358710022752969,0.00761635827983627
"1211",0.00358513565768519,0.00761206618639188
"1212",0.00357627302377634,0.00760593072294402
"1213",0.00356546380185556,0.00759423235574764
"1214",0.003563294001309,0.0075737643029878
"1215",0.00355344237215081,0.00756636119710373
"1216",0.003549476542303,0.00755926512863564
"1217",0.00354506934573025,0.00752633466576786
"1218",0.00354306453069277,0.00750973663058774
"1219",0.00353372387319177,0.00750129152137147
"1220",0.00352449099783335,0.00749375663278572
"1221",0.00351990055149346,0.00748021209725082
"1222",0.00351032568386538,0.00747317914999921
"1223",0.00350832809039756,0.00745570124262705
"1224",0.00350607804093805,0.00744455463487017
"1225",0.00349334113990939,0.00742401099782742
"1226",0.00348829335723661,0.00740851947033219
"1227",0.00348282394627885,0.00740566396178727
"1228",0.00347177759054985,0.00740298801293545
"1229",0.0034664412492554,0.00739080390002865
"1230",0.00346055603726324,0.00737672968683132
"1231",0.00345119709796866,0.00736363269420199
"1232",0.00344237146921672,0.00734155666938753
"1233",0.00343828515536432,0.00732303545069205
"1234",0.00343444835363269,0.00730954120114088
"1235",0.0034220639072125,0.0073004010645282
"1236",0.00341404894185156,0.00729108521046276
"1237",0.00341164197239978,0.00728335215832243
"1238",0.00341016762375728,0.00727132508195875
"1239",0.00340186847999054,0.0072518039815097
"1240",0.00339710310870611,0.00724012511951675
"1241",0.00338583872293627,0.00723142645066939
"1242",0.00338095844754162,0.00721674567296873
"1243",0.00337716471461712,0.00719606621622504
"1244",0.00337106992285669,0.00718679467128524
"1245",0.00336159367240952,0.00717114959344303
"1246",0.00336092984199408,0.00715902162212534
"1247",0.00334290136291703,0.00714424587477249
"1248",0.00334023454102762,0.00713051190195329
"1249",0.00333403257372659,0.00712087364895066
"1250",0.00333040606200447,0.00711523930236705
"1251",0.00332307531877472,0.00710532084972528
"1252",0.00331828140495654,0.0070995637091492
"1253",0.00330891102944828,0.00706153245237422
"1254",0.00330606946077822,0.00705390437678447
"1255",0.00329775884965474,0.00704061891300827
"1256",0.00329129731586834,0.00703031733038977
"1257",0.00328703759391685,0.00702307190683947
"1258",0.00327914234079479,0.00701622101658785
"1259",0.0032772594311027,0.00700377419182615
"1260",0.00327148186102346,0.00699576398460637
"1261",0.00326603846510647,0.0069804092133587
"1262",0.00325754740655336,0.00697246268290814
"1263",0.00325133176121135,0.00695965305030602
"1264",0.00325072501555053,0.00695161756668444
"1265",0.00324546934765637,0.00692500507725903
"1266",0.00323663786458759,0.00692414147779871
"1267",0.00322577669774524,0.00691590786119989
"1268",0.00322478825652081,0.00691285082126892
"1269",0.0032223738311624,0.00689187712493979
"1270",0.00321172766693327,0.00687856233215551
"1271",0.00319978304894965,0.0068596087816208
"1272",0.00319446797492678,0.00685223905998144
"1273",0.00319057767563313,0.00683599035318831
"1274",0.0031833920848116,0.00682711747432925
"1275",0.00318039089815378,0.00681816976148291
"1276",0.00316604483912134,0.00680887489407566
"1277",0.00316430257238308,0.00678324809268744
"1278",0.00316221953672241,0.00677455337395772
"1279",0.00315402929102808,0.00675548824363949
"1280",0.00314893264458135,0.00674233062299812
"1281",0.00314792689662271,0.00672725288524076
"1282",0.0031393653039734,0.00671632083175805
"1283",0.00313055751250074,0.00671527914445669
"1284",0.00312617894167524,0.0066970244968486
"1285",0.00311600598762477,0.00668832223088113
"1286",0.00310928487416218,0.00667829391038402
"1287",0.00310504090401971,0.00667255539152973
"1288",0.00310421267484238,0.00665994600791593
"1289",0.00310024652392136,0.00665119944445184
"1290",0.00309350970527044,0.00662774802588101
"1291",0.00308815621711667,0.00662274880203949
"1292",0.00308549568940822,0.00660483577876831
"1293",0.00307623575328839,0.00659892513372448
"1294",0.00307091350572319,0.00656348393240823
"1295",0.00306556768829378,0.00654795251366802
"1296",0.00306306127213605,0.00654499965037105
"1297",0.0030526129715649,0.00653910735267644
"1298",0.00304630691329341,0.00652735119699317
"1299",0.00303640254670887,0.00650902199409078
"1300",0.00303510081965174,0.00650141920488222
"1301",0.0030316234299386,0.00649023698091692
"1302",0.00302421913480632,0.0064798506083833
"1303",0.00301848761398145,0.00646547664551788
"1304",0.00301069281441529,0.00644699270960894
"1305",0.00300190846248394,0.00643644563730961
"1306",0.00299773900076158,0.00642599791885202
"1307",0.00299579923213542,0.00641672984503994
"1308",0.00298610550159415,0.00640593118130471
"1309",0.00298139159941501,0.00639260001846525
"1310",0.00297583808817324,0.00639156695620715
"1311",0.00297177050916894,0.00638175365614619
"1312",0.00296524353940197,0.00637421666792443
"1313",0.00296237879318057,0.00634995356617493
"1314",0.00295047528094348,0.0063459100529671
"1315",0.002947949262987,0.00632947847367336
"1316",0.00294091838328412,0.00632638044438936
"1317",0.00293336276952711,0.00631598307776961
"1318",0.0029249430746914,0.00631240239821405
"1319",0.00292235517789641,0.00630256939424231
"1320",0.00291781664018932,0.00629570686615535
"1321",0.00291294978599907,0.00628053481468664
"1322",0.00290581942478302,0.00627226076071092
"1323",0.00290035121622977,0.0062598009914542
"1324",0.00289343827530765,0.00623528389805398
"1325",0.00288934408019851,0.0062315119771836
"1326",0.00287594600967436,0.00620906216010525
"1327",0.00287286640137013,0.00619082722074673
"1328",0.00285851725766737,0.00618354018241847
"1329",0.00285606432801139,0.00617915611832839
"1330",0.00285341219769615,0.00615690420431596
"1331",0.00284898854354482,0.00615144767943785
"1332",0.00284606665546729,0.00614229601832849
"1333",0.00284263426094704,0.0061274751499015
"1334",0.00284122522568757,0.00611541150060393
"1335",0.00283183875663334,0.0061053420215302
"1336",0.00282774813269283,0.00610049513361412
"1337",0.0028214442672069,0.00608460066688191
"1338",0.00281829878938684,0.00606493979409803
"1339",0.00281160548394756,0.0060637060908558
"1340",0.00280757649321957,0.00605434203082063
"1341",0.00279906424016294,0.00603130761526423
"1342",0.0027913552376063,0.00601158375717647
"1343",0.00278563754609047,0.0060090032887964
"1344",0.00278124424452168,0.00598774629800871
"1345",0.00278005271079269,0.00597482838780504
"1346",0.00277459464912815,0.00596853411058882
"1347",0.0027662852430952,0.00595368074298096
"1348",0.00275240849955427,0.00594056315872532
"1349",0.00274690577689486,0.00593852340491253
"1350",0.00274210895165753,0.00592044844850323
"1351",0.0027401264214087,0.00591553493119372
"1352",0.00273104974941375,0.00591226373693833
"1353",0.00272786387658809,0.00590311668826526
"1354",0.00271880500402835,0.00589777801311136
"1355",0.00271342593562178,0.00587493782827719
"1356",0.00270901887563714,0.00586353960607324
"1357",0.00270358039282017,0.00585363202880986
"1358",0.00270085194196826,0.005838322130965
"1359",0.00269775532498673,0.0058269369165282
"1360",0.00269205943642346,0.00581939992281065
"1361",0.00268799073391116,0.00581328471413263
"1362",0.00268330688170501,0.00579370186147887
"1363",0.00267375536769709,0.00578509677808701
"1364",0.00266741967453901,0.00577823103961032
"1365",0.0026627664730726,0.00576005778155909
"1366",0.00266217087853367,0.00574633987168955
"1367",0.0026566464982531,0.00573417058222271
"1368",0.00265522236108543,0.0057218142224838
"1369",0.00264221698709342,0.00570930591607684
"1370",0.00263681502040889,0.00570722156725083
"1371",0.00262495604351734,0.00569117626715821
"1372",0.00262314211300508,0.00567949356984049
"1373",0.00261817031025478,0.00566513360273174
"1374",0.0026137032060296,0.00564346078870006
"1375",0.00260384608629838,0.00563744696473566
"1376",0.00259763553608426,0.00563535778282602
"1377",0.0025929157507993,0.00562714761159755
"1378",0.00258613190496634,0.00561391881251562
"1379",0.0025818615573771,0.00560075335171951
"1380",0.00258050640490998,0.00559553139760812
"1381",0.00257583214210223,0.00558419491192884
"1382",0.00256915561049867,0.00556968314883186
"1383",0.00256087487382134,0.00556280441265391
"1384",0.0025527172475468,0.00555198348081689
"1385",0.00254461348595226,0.00554247406781285
"1386",0.00254164896388998,0.00553346347150488
"1387",0.00253882595983812,0.00552041867175891
"1388",0.00253601915776751,0.00550635323374089
"1389",0.0025296713922484,0.00550526227180001
"1390",0.00251934325659382,0.00549532004700337
"1391",0.00251492606323105,0.00547753231434218
"1392",0.00250567931147567,0.00546589487301126
"1393",0.00250190603154484,0.00546340208596842
"1394",0.00249963684132051,0.00544970031301374
"1395",0.00249357076522026,0.00542866766182715
"1396",0.00249135610907758,0.00542402827625117
"1397",0.00247869611332109,0.00541736142306974
"1398",0.00247677485041569,0.00540328831237901
"1399",0.00247060229957911,0.00539151399598894
"1400",0.00246878489911417,0.00538470194393142
"1401",0.00246447933472588,0.00536821111596411
"1402",0.00246131011122294,0.00536191136063113
"1403",0.00245539123034159,0.00535087871011864
"1404",0.00244774275183856,0.00534113396868721
"1405",0.00244157424966267,0.00533207607346375
"1406",0.0024364835758728,0.00532554916344505
"1407",0.00243194127893557,0.005312165426199
"1408",0.00242919786626444,0.00529805597711043
"1409",0.00242513304937732,0.00529395553425255
"1410",0.00241961253859011,0.00528531381040706
"1411",0.00241022237331128,0.00527516943129166
"1412",0.00240730266055111,0.00526142860658896
"1413",0.00239912102829603,0.00525341814953489
"1414",0.00239821854560019,0.00523774576665976
"1415",0.00238878214981843,0.00522299906783359
"1416",0.00238308714465016,0.00521953967160994
"1417",0.00237978712990186,0.00521436244475461
"1418",0.00237052947529321,0.00518512262737967
"1419",0.00236731828559638,0.00518157270323625
"1420",0.00236570585068495,0.00517250755148607
"1421",0.00236405803743679,0.00514975961574947
"1422",0.00235428699694571,0.00513761693984186
"1423",0.00235036017111663,0.00513221548008765
"1424",0.002343503032308,0.00512434668891163
"1425",0.00233855389686628,0.00511723683195727
"1426",0.00233611724356134,0.00509786301068615
"1427",0.00232472012136862,0.00509177870541918
"1428",0.00231968753610447,0.00508812613400074
"1429",0.00231459715145641,0.00507118192835419
"1430",0.00231303608006157,0.0050541348760645
"1431",0.00230880951699044,0.00505034770728143
"1432",0.00230058382382139,0.00504042387095257
"1433",0.00229713146475122,0.00503194741710151
"1434",0.00229061115985416,0.00502441285910558
"1435",0.002281548011822,0.00501584853395506
"1436",0.00227656484176384,0.00499737773663542
"1437",0.00227587529496513,0.00498644138598022
"1438",0.00226889936826456,0.00497336826124502
"1439",0.00226608027599704,0.0049638475718998
"1440",0.0022583259399287,0.00495897522926654
"1441",0.00225126254381815,0.00494944529051123
"1442",0.00224953002063326,0.00493802417135315
"1443",0.00224420583688632,0.00493341393200118
"1444",0.00223523846892598,0.00491020814716489
"1445",0.00223399256684156,0.00489694383565893
"1446",0.00222434771233754,0.00488226853071156
"1447",0.00222210084186477,0.00487482716323626
"1448",0.00221210444571821,0.00487042730613795
"1449",0.00220960294828047,0.00485284098896346
"1450",0.0022069755633184,0.00483662633131783
"1451",0.0022018384447902,0.00483345811061506
"1452",0.00219787554997353,0.00482510018879945
"1453",0.00219474693472482,0.00482197808339447
"1454",0.00218954464491942,0.00481363726056048
"1455",0.00218588992530685,0.00479430967695833
"1456",0.0021752405865893,0.00478092042556035
"1457",0.00217004352474866,0.00476602277436252
"1458",0.00216325545826332,0.00475467084378286
"1459",0.00216194300390217,0.00475279411060334
"1460",0.00215573539428479,0.00474347474855025
"1461",0.00215333071068943,0.00473382793366308
"1462",0.00214374059032621,0.00472659403432313
"1463",0.00213807453465033,0.00472248973830256
"1464",0.00213583269207359,0.0047071273050775
"1465",0.00213043242507168,0.00469378433120888
"1466",0.0021246931113046,0.00469209080197815
"1467",0.00211985989261863,0.00467675519128517
"1468",0.00211392354426043,0.00465898148430471
"1469",0.00210966022574102,0.00464188741066736
"1470",0.00210539228455714,0.00463759677813679
"1471",0.00210414498297888,0.00462502979420514
"1472",0.00209674971765713,0.00461476630007307
"1473",0.00209167384299878,0.00459471350695945
"1474",0.00208557445753728,0.00459068820957271
"1475",0.00208305792733495,0.00458289860543565
"1476",0.00207314429949358,0.0045694295104224
"1477",0.00207212918516121,0.00456179126256745
"1478",0.00206557425101949,0.00455275908889601
"1479",0.00206253877688144,0.00454996488699475
"1480",0.00205438715285744,0.00453339586396219
"1481",0.00205254441946952,0.00451709987191438
"1482",0.00204694241346158,0.00450390191276724
"1483",0.00204135812422061,0.00449630185925282
"1484",0.0020350346066952,0.00449043934735265
"1485",0.00203326280501921,0.00448484777578292
"1486",0.00202741190011075,0.00447296273542347
"1487",0.00202561237759145,0.00446772282147456
"1488",0.00201985768866775,0.00444223780832396
"1489",0.00201486481267006,0.00443188148008076
"1490",0.00200803469721666,0.00442101866548458
"1491",0.00200456556098448,0.00440697558640951
"1492",0.00200182726849786,0.00440079447413499
"1493",0.0019999084597404,0.00439852307835156
"1494",0.00198819385029677,0.0043772702543922
"1495",0.00198404798242522,0.00436581991641969
"1496",0.00197420034632547,0.00435534497034704
"1497",0.00197376346977295,0.00434980643350402
"1498",0.00197038838332469,0.00434334418072727
"1499",0.00196610528398521,0.00433216794675505
"1500",0.00196272412895261,0.00432092507668999
"1501",0.0019553128274199,0.00429938193496323
"1502",0.00195456100047533,0.0042917987136501
"1503",0.00194731161383218,0.00428172289124363
"1504",0.00194294732243552,0.00426501630648707
"1505",0.00193967264945366,0.00425846241808973
"1506",0.00193597169943083,0.00425233546827157
"1507",0.00192620407092463,0.00423908455242871
"1508",0.00192444635958365,0.00422173365946497
"1509",0.00191531406589269,0.00421536629064546
"1510",0.00191123734750525,0.00420098293375897
"1511",0.0019074024977922,0.00419197448923019
"1512",0.00189929892047844,0.00419037568716783
"1513",0.00189800705190982,0.00417875458568143
"1514",0.00189215013922247,0.00415980717799632
"1515",0.00188803846012896,0.0041406962707324
"1516",0.0018862387380413,0.00413885393521017
"1517",0.00188124337519401,0.00412037771742566
"1518",0.00187924569325285,0.00411399331108303
"1519",0.00187714674844209,0.00410467363868712
"1520",0.00187209234807543,0.00409425121873121
"1521",0.0018658095331753,0.0040818362354492
"1522",0.00186033214673885,0.00406928383513507
"1523",0.00185593409996938,0.00406640644838533
"1524",0.00184668307872096,0.00405304668555353
"1525",0.00184039420784537,0.00404231517242009
"1526",0.00183468674040976,0.00403489925487643
"1527",0.00182588012408715,0.00402683621741145
"1528",0.00182417341413247,0.00400753795429942
"1529",0.00181976768850853,0.00400151832521911
"1530",0.00181546278347287,0.00399325313348605
"1531",0.00180936189150934,0.00398287409622055
"1532",0.00180743147240457,0.00397192644202791
"1533",0.00180420745591703,0.00396145183380955
"1534",0.00179441547183222,0.00394136470878741
"1535",0.00178909298904895,0.00392956059650275
"1536",0.00178462895909192,0.00391267184884956
"1537",0.00178040779488336,0.00391201919057476
"1538",0.00177670249457583,0.00389545518267915
"1539",0.00177431365201915,0.00388611791723955
"1540",0.00176719702557191,0.00387839637349707
"1541",0.00176091631700343,0.00387081601643065
"1542",0.00175753999586006,0.00385940534602645
"1543",0.00175547860520703,0.00385489727115657
"1544",0.00174658387331422,0.00383592637439637
"1545",0.00173956800913808,0.00381730610831515
"1546",0.00173893974021905,0.00380658324259609
"1547",0.00173024541801231,0.00379826988847126
"1548",0.0017293378002558,0.00379055993855766
"1549",0.00171870548124425,0.0037872536249387
"1550",0.00171469783795262,0.00377986910794394
"1551",0.0017122699551894,0.00377219458372821
"1552",0.0017073979758566,0.00376488165175273
"1553",0.00170329131855515,0.00374607719795469
"1554",0.0016940401021398,0.00372525934935542
"1555",0.00168358245525208,0.0037214714075794
"1556",0.00168242483191763,0.00371747200382029
"1557",0.00167781111138475,0.00369619042984061
"1558",0.00167477037282638,0.00368854635029119
"1559",0.00166664353038731,0.00368444573715658
"1560",0.00166225633629413,0.00367966991882127
"1561",0.00165873753319755,0.00367160140147127
"1562",0.00165428177753556,0.00366143836982926
"1563",0.00165083030221939,0.00363082170383856
"1564",0.00164809135446603,0.00362484867560336
"1565",0.00164630467776178,0.00361851546232306
"1566",0.00163852587604348,0.00360733175216896
"1567",0.00163295440160002,0.00359173038206363
"1568",0.00162766724094308,0.00357005368921679
"1569",0.00162144919043238,0.00356187910469259
"1570",0.00161531735604796,0.00355149732760231
"1571",0.00160710342346959,0.00353938284651964
"1572",0.00160348665058692,0.0035358346679192
"1573",0.00160078896983374,0.00352906308200771
"1574",0.00159560168606008,0.00351947683777442
"1575",0.00159270929939437,0.00349785957757737
"1576",0.00159126903978278,0.00349666621039502
"1577",0.00157957047062359,0.0034924381109391
"1578",0.0015719011477119,0.00346885141605548
"1579",0.00156938760530713,0.00345387555885263
"1580",0.0015638452977879,0.00344173110650229
"1581",0.0015618646148135,0.0034323099634313
"1582",0.00155860188224976,0.0034239341025701
"1583",0.00155789014813386,0.00341703729581852
"1584",0.00155050006120106,0.0034085685855254
"1585",0.00154365306981256,0.00338391581830003
"1586",0.00153737083948006,0.00337991156203449
"1587",0.00153312220859632,0.00336528256664295
"1588",0.00152362930391328,0.00335489852627042
"1589",0.00151926406678407,0.00334575116966475
"1590",0.00151530851061754,0.00333934417518652
"1591",0.0015065994059942,0.00333081203511153
"1592",0.00150214768012192,0.00331634727902313
"1593",0.00149807189297111,0.00330366997820895
"1594",0.0014958008088075,0.00329788597649516
"1595",0.00149183002137925,0.0032834314607792
"1596",0.00149096777989665,0.00327225074728013
"1597",0.00148117248257221,0.00325460584406654
"1598",0.00147379901914204,0.00323286908174468
"1599",0.00147286125734124,0.00322544863506475
"1600",0.00146753599006339,0.00322010310447143
"1601",0.00146228427328363,0.00320776147902728
"1602",0.0014578602119034,0.0032012210271979
"1603",0.00144754702389078,0.00319519605985508
"1604",0.00144410211936249,0.00317421893433285
"1605",0.00144158033759395,0.00316922624714235
"1606",0.00143686112890575,0.00314446843712621
"1607",0.00143553107636263,0.00311814101921333
"1608",0.00142331233460178,0.0031082422609066
"1609",0.0014203158969619,0.00308943503798773
"1610",0.00141319619749986,0.003087662667046
"1611",0.00140272813613565,0.00307434608269204
"1612",0.00139915058462974,0.00306576899587459
"1613",0.0013929408488833,0.00305420065347318
"1614",0.00139256231354892,0.00303140170858071
"1615",0.00138966940806194,0.00302438882788179
"1616",0.00138195195462301,0.00301741838033244
"1617",0.00137498783261966,0.00299516954424949
"1618",0.00137208042148914,0.00297870676209612
"1619",0.00136088696462586,0.00296463371852226
"1620",0.0013576872651367,0.00293892707007451
"1621",0.00135078882018351,0.0029321532409341
"1622",0.0013439458172994,0.00292129156430019
"1623",0.00133614605900772,0.00289681069015588
"1624",0.00133176708641829,0.00288072857689319
"1625",0.00132501272036279,0.00285281720268445
"1626",0.00132314363529373,0.00284435594103486
"1627",0.00131509457531016,0.0028420729833825
"1628",0.00131032763476851,0.0028239950055551
"1629",0.00130490172208062,0.00279339198009516
"1630",0.00129644307763212,0.00278015220516683
"1631",0.00129074084110959,0.002766779953743
"1632",0.00128330883154386,0.00275341142241733
"1633",0.00127369847560863,0.00272957939492682
"1634",0.00127060653673599,0.00269209040476488
"1635",0.00126534127104848,0.00268855610138449
"1636",0.00125815879286982,0.00266018087088847
"1637",0.00125071728486215,0.00263021296627374
"1638",0.0012461714961009,0.0026239823607225
"1639",0.00124069596582394,0.00261815060264317
"1640",0.00123322931733655,0.00259092520845423
"1641",0.00122903109892659,0.0025860791678712
"1642",0.00122328032626111,0.00257472402171485
"1643",0.00121266459223307,0.00254173571962117
"1644",0.00120444846304356,0.00249702041343231
"1645",0.00119484092135739,0.00248160071141676
"1646",0.00118947865425142,0.00247019484379503
"1647",0.00118470631354851,0.0024536309458468
"1648",0.00118079518270766,0.00241857125048667
"1649",0.00117449455313882,0.00239266514179454
"1650",0.00116340818915523,0.00238227114220863
"1651",0.001156745180926,0.00234784184370843
"1652",0.00114901402148858,0.00233519705833928
"1653",0.00114053893482242,0.00232308119061355
"1654",0.00112959241904872,0.00229366345234031
"1655",0.00112186134724148,0.00228683290300659
"1656",0.00111018682197836,0.00225032271372899
"1657",0.00110567192929674,0.00223029155483338
"1658",0.00109805607887752,0.00220948129069374
"1659",0.00108278593970686,0.00218407135024314
"1660",0.00107507323944666,0.00214842500603903
"1661",0.00106856889947293,0.00213817765920169
"1662",0.00105731448506424,0.00210254939297328
"1663",0.00104972284659957,0.0020786871648506
"1664",0.00104050700053715,0.00205391226222156
"1665",0.00103144073142737,0.00201281953772504
"1666",0.00102599374449466,0.00198143733498994
"1667",0.00101033169776383,0.00196052528030585
"1668",0.00100748812248191,0.00193674318313955
"1669",0.000983432694368809,0.0019067984325411
"1670",0.000976269610469639,0.00186672131673834
"1671",0.000960394174629635,0.00185418820583037
"1672",0.000955913480746501,0.00182209016865283
"1673",0.000955391061704516,0.00177360663805396
"1674",0.000928024232433015,0.00172919513490369
"1675",0.00090480089203437,0.00171654339305169
"1676",0.000903071652498174,0.00169283289968934
"1677",0.000881767908529453,0.00167275452550817
"1678",0.000878082336339751,0.00164396948996264
"1679",0.000868195977106134,0.00163005427977345
"1680",0.000861773342139292,0.00162739015487247
"1681",0.000848470789977641,0.00153955768868714
"1682",0.000841066889361385,0.0014917694715366
"1683",0.000825397162990207,0.00147327386865024
"1684",0.00081169259508817,0.00145360556642148
"1685",0.000805759194733783,0.00143494043792819
"1686",0.000790107705225053,0.00139046665263411
"1687",0.000767327723470281,0.00136463219208599
"1688",0.00076112815549103,0.00134840772495445
"1689",0.000746054940109672,0.00131778303025767
"1690",0.000729029950055258,0.00130126090536061
"1691",0.000711713610908839,0.00125400895929109
"1692",0.000709513277006617,0.00123770261908525
"1693",0.000690126617190854,0.00121608896380947
"1694",0.000684634109700444,0.00119783203754178
"1695",0.000666581743649709,0.00117200659124497
"1696",0.000657221550544502,0.00114796022286425
"1697",0.000645237934413941,0.00113157246548376
"1698",0.000633431637693744,0.00110692951400288
"1699",0.000627182682169825,0.00107859631499038
"1700",0.000622452611378099,0.00105609021093224
"1701",0.000604785152679117,0.00102502245176151
"1702",0.000595616516646469,0.000991237193573594
"1703",0.000585049029993003,0.000981924910290469
"1704",0.000574814541342314,0.000954723167848179
"1705",0.000558560945257331,0.000937516467996467
"1706",0.000545386060162977,0.000871271194855132
"1707",0.000538595811031472,0.00082643645097058
"1708",0.00052970111579554,0.000792569620381254
"1709",0.000513487141927636,0.000769511421315623
"1710",0.00049960558384449,0.000706212400449463
"1711",0.000490261330763663,0.000679162823423458
"1712",0.000480454004740788,0.000625492976469869
"1713",0.000474841932597126,0.00055637714318922
"1714",0.000455577282759547,0.000529065084096606
"1715",0.000435445356876262,0.000489767827384503
"1716",0.00042307941943867,0.000463897151526481
"1717",0.000414984188859753,0.000450236128828981
"1718",0.000408163255436578,0.000428666387807055
"1719",0.000395002962911659,0.000398117675418166
"1720",0.000389594031457078,0.000389741240575509
"1721",0.000371950257507783,0.000380469267990536
"1722",0.000357570383135404,0.000371737953312944
"1723",0.000351991121886808,0.000359733976506188
"1724",0.000341134081955999,0.000327898828677755
"1725",0.000337407029944885,0.000276807814572908
"1726",0.000322927807008639,0.000271571350308545
"1727",0.000320932812365512,0.000232113212554013
"1728",0.000311037602547064,0.000217612127303252
"1729",0.000302821483296091,0.000207482712237553
"1730",0.000292216975256866,0.000199367878543182
"1731",0.000281487537753027,0.000191951463695355
"1732",0.000279453837777623,0.000184776385909165
"1733",0.00027823427844292,0.000176130335813666
"1734",0.000272559266119161,0.000175156833041241
"1735",0.000258019162004659,0.000168100930334576
"1736",0.000247524082167345,0.000162614172785156
"1737",0.000240929596890221,0.000159544676949696
"1738",0.000237900554075502,0.000156302491243119
"1739",0.000234455432257556,0.000154190666487102
"1740",0.000232650766324363,0.000148050456376454
"1741",0.000219867238364811,0.000141890115470266
"1742",0.000208476564424367,0.000133624060007432
"1743",0.000203060515445675,0.000120870371876239
"1744",0.000202652015579293,0.000118172776362814
"1745",0.000180582203814085,0.000108304129273575
"1746",7.38348642315423e-29,5.26781114009254e-29
